patient_id,epoch_index,stage,predict_arousal_next_30s,predicted_probability,predicted_label
20211015T231717 - 76b7d,0,W,False,0.26189250699119193,0
20211015T231717 - 76b7d,1,W,False,0.3182081805504701,0
20211015T231717 - 76b7d,2,W,False,0.23089350730691988,0
20211015T231717 - 76b7d,3,W,False,0.2621623067637544,0
20211015T231717 - 76b7d,4,W,False,0.2323369834205649,0
20211015T231717 - 76b7d,5,W,False,0.3588855647287253,0
20211015T231717 - 76b7d,6,N1,False,0.42030485779798044,0
20211015T231717 - 76b7d,7,N1,False,0.3781108753170022,0
20211015T231717 - 76b7d,8,N1,True,0.34116520413182877,0
20211015T231717 - 76b7d,9,N1,False,0.3459006150500749,0
20211015T231717 - 76b7d,10,N1,False,0.32905506384645433,0
20211015T231717 - 76b7d,11,N1,False,0.2992830881550635,0
20211015T231717 - 76b7d,12,N1,False,0.33485968992598,0
20211015T231717 - 76b7d,13,N2,False,0.22384833012498614,0
20211015T231717 - 76b7d,14,N2,False,0.1942015026798386,0
20211015T231717 - 76b7d,15,N2,False,0.21032751345495934,0
20211015T231717 - 76b7d,16,N2,False,0.22731086847015214,0
20211015T231717 - 76b7d,17,N2,False,0.14445644571828897,0
20211015T231717 - 76b7d,18,N2,False,0.17796508060280908,0
20211015T231717 - 76b7d,19,N2,False,0.21056504157577308,0
20211015T231717 - 76b7d,20,N2,False,0.21336545795781414,0
20211015T231717 - 76b7d,21,N2,False,0.20704578037010457,0
20211015T231717 - 76b7d,22,N2,False,0.17542802369838392,0
20211015T231717 - 76b7d,23,N2,False,0.16765512956751277,0
20211015T231717 - 76b7d,24,N2,False,0.17474943417202773,0
20211015T231717 - 76b7d,25,N2,False,0.19776138255086245,0
20211015T231717 - 76b7d,26,N2,False,0.1795022685527666,0
20211015T231717 - 76b7d,27,N2,False,0.17712069348961473,0
20211015T231717 - 76b7d,28,N2,True,0.1805590908446983,0
20211015T231717 - 76b7d,29,N2,False,0.21032528312673754,0
20211015T231717 - 76b7d,30,N1,False,0.45387532771373246,0
20211015T231717 - 76b7d,31,N2,False,0.2679450974454895,0
20211015T231717 - 76b7d,32,N2,True,0.14914763164216632,0
20211015T231717 - 76b7d,33,N2,False,0.18608089265552008,0
20211015T231717 - 76b7d,34,N2,False,0.20130435832728344,0
20211015T231717 - 76b7d,35,N2,False,0.18380602256755943,0
20211015T231717 - 76b7d,36,N2,False,0.20765456071059543,0
20211015T231717 - 76b7d,37,N2,False,0.29256674466664695,0
20211015T231717 - 76b7d,38,N2,False,0.21057981118869395,0
20211015T231717 - 76b7d,39,N2,False,0.11085648716940712,0
20211015T231717 - 76b7d,40,N2,False,0.19376084970391294,0
20211015T231717 - 76b7d,41,N2,False,0.16173813023704323,0
20211015T231717 - 76b7d,42,N2,False,0.12003175406405722,0
20211015T231717 - 76b7d,43,N2,False,0.14108486867200665,0
20211015T231717 - 76b7d,44,N2,False,0.14161617949455088,0
20211015T231717 - 76b7d,45,N2,False,0.12455609672811949,0
20211015T231717 - 76b7d,46,N2,False,0.15079586046236593,0
20211015T231717 - 76b7d,47,N3,False,0.14080939170544438,0
20211015T231717 - 76b7d,48,N2,False,0.1338610172969657,0
20211015T231717 - 76b7d,49,N2,False,0.1496349501931932,0
20211015T231717 - 76b7d,50,N2,False,0.1435583986389692,0
20211015T231717 - 76b7d,51,N2,False,0.14035226768303397,0
20211015T231717 - 76b7d,52,N2,False,0.1379228398349213,0
20211015T231717 - 76b7d,53,N2,False,0.12584042330401726,0
20211015T231717 - 76b7d,54,N2,False,0.18077006815670477,0
20211015T231717 - 76b7d,55,N2,False,0.13851236588881538,0
20211015T231717 - 76b7d,56,N2,False,0.1404582474938201,0
20211015T231717 - 76b7d,57,N2,False,0.18688710054515872,0
20211015T231717 - 76b7d,58,N2,False,0.15654974643946068,0
20211015T231717 - 76b7d,59,N2,False,0.13812531012760534,0
20211015T231717 - 76b7d,60,N2,False,0.14856092052168066,0
20211015T231717 - 76b7d,61,N2,False,0.1358861162184703,0
20211015T231717 - 76b7d,62,N2,False,0.15377873199441094,0
20211015T231717 - 76b7d,63,N2,False,0.1601951727173296,0
20211015T231717 - 76b7d,64,N2,False,0.1661605853614784,0
20211015T231717 - 76b7d,65,N2,False,0.12985499805391262,0
20211015T231717 - 76b7d,66,N2,False,0.18109561783543712,0
20211015T231717 - 76b7d,67,N2,False,0.163966679255198,0
20211015T231717 - 76b7d,68,N2,False,0.15144108301326953,0
20211015T231717 - 76b7d,69,N2,False,0.17557178181898764,0
20211015T231717 - 76b7d,70,N2,False,0.1513419801678394,0
20211015T231717 - 76b7d,71,N3,False,0.14986572090911607,0
20211015T231717 - 76b7d,72,N2,False,0.17965674376628393,0
20211015T231717 - 76b7d,73,N2,False,0.1466377138194054,0
20211015T231717 - 76b7d,74,N2,False,0.16458911805265786,0
20211015T231717 - 76b7d,75,N2,False,0.1565264028421443,0
20211015T231717 - 76b7d,76,N3,False,0.1459625716670422,0
20211015T231717 - 76b7d,77,N2,False,0.15306080698157756,0
20211015T231717 - 76b7d,78,N2,False,0.15677051826015037,0
20211015T231717 - 76b7d,79,N2,False,0.168667618479375,0
20211015T231717 - 76b7d,80,N2,False,0.18440218218546992,0
20211015T231717 - 76b7d,81,N2,False,0.1624627447204659,0
20211015T231717 - 76b7d,82,N3,False,0.1512553943770757,0
20211015T231717 - 76b7d,83,N2,False,0.1353165653564793,0
20211015T231717 - 76b7d,84,N2,False,0.1442521723974256,0
20211015T231717 - 76b7d,85,N2,False,0.1433558081998003,0
20211015T231717 - 76b7d,86,N2,False,0.1704125363850425,0
20211015T231717 - 76b7d,87,N2,False,0.1684247733650669,0
20211015T231717 - 76b7d,88,N2,False,0.19231186037139367,0
20211015T231717 - 76b7d,89,N2,False,0.1735927944236573,0
20211015T231717 - 76b7d,90,N2,False,0.17598434224290682,0
20211015T231717 - 76b7d,91,N2,False,0.17980029208521842,0
20211015T231717 - 76b7d,92,N2,False,0.14984905421145153,0
20211015T231717 - 76b7d,93,N3,False,0.18125215401628555,0
20211015T231717 - 76b7d,94,N2,False,0.1511343835913643,0
20211015T231717 - 76b7d,95,N2,False,0.13054101342638488,0
20211015T231717 - 76b7d,96,N2,False,0.17793326900038806,0
20211015T231717 - 76b7d,97,N3,False,0.17477208732329358,0
20211015T231717 - 76b7d,98,N3,False,0.15059335246481984,0
20211015T231717 - 76b7d,99,N2,False,0.18839110913306584,0
20211015T231717 - 76b7d,100,N2,False,0.19594559625811378,0
20211015T231717 - 76b7d,101,N2,False,0.22246986875130847,0
20211015T231717 - 76b7d,102,N2,False,0.2045516989059208,0
20211015T231717 - 76b7d,103,N3,False,0.1962112218422665,0
20211015T231717 - 76b7d,104,N2,False,0.2209614690547148,0
20211015T231717 - 76b7d,105,N2,True,0.2064454846333056,0
20211015T231717 - 76b7d,106,N2,True,0.31981290938923584,0
20211015T231717 - 76b7d,107,W,False,0.4305721979963596,0
20211015T231717 - 76b7d,108,N1,False,0.4485377346557643,0
20211015T231717 - 76b7d,109,N1,False,0.411455208489812,0
20211015T231717 - 76b7d,110,N1,False,0.32883279000485127,0
20211015T231717 - 76b7d,111,N2,False,0.1883424023145025,0
20211015T231717 - 76b7d,112,N2,True,0.16948063452896875,0
20211015T231717 - 76b7d,113,N2,False,0.19551005669831092,0
20211015T231717 - 76b7d,114,N1,False,0.3055234872499854,0
20211015T231717 - 76b7d,115,N2,False,0.2577522768322613,0
20211015T231717 - 76b7d,116,N2,True,0.2524353130259136,0
20211015T231717 - 76b7d,117,W,False,0.4160075315452034,0
20211015T231717 - 76b7d,118,N1,False,0.37202423608286156,0
20211015T231717 - 76b7d,119,N2,False,0.3375621892165473,0
20211015T231717 - 76b7d,120,N2,False,0.1879775670243222,0
20211015T231717 - 76b7d,121,N2,False,0.20776842682125435,0
20211015T231717 - 76b7d,122,N2,True,0.2216493628222089,0
20211015T231717 - 76b7d,123,N2,True,0.36670873340456317,0
20211015T231717 - 76b7d,124,N1,False,0.34228048926007226,0
20211015T231717 - 76b7d,125,N1,False,0.41291613985065273,0
20211015T231717 - 76b7d,126,N2,False,0.18893237485063902,0
20211015T231717 - 76b7d,127,N2,False,0.13939385195964907,0
20211015T231717 - 76b7d,128,N2,True,0.1953194276639569,0
20211015T231717 - 76b7d,129,N2,False,0.3680257154607589,0
20211015T231717 - 76b7d,130,N1,False,0.47706034046671614,0
20211015T231717 - 76b7d,131,N1,False,0.2586628585816215,0
20211015T231717 - 76b7d,132,N2,False,0.2170896304074061,0
20211015T231717 - 76b7d,133,N2,True,0.22339621069372842,0
20211015T231717 - 76b7d,134,N2,False,0.41160202344387026,0
20211015T231717 - 76b7d,135,W,False,0.3799908689210792,0
20211015T231717 - 76b7d,136,N1,False,0.3520947662689211,0
20211015T231717 - 76b7d,137,N2,False,0.37589382557953693,0
20211015T231717 - 76b7d,138,N2,True,0.16099452090331173,0
20211015T231717 - 76b7d,139,N2,False,0.21401362149583134,0
20211015T231717 - 76b7d,140,N2,False,0.18864747753140304,0
20211015T231717 - 76b7d,141,N2,False,0.1805190664364314,0
20211015T231717 - 76b7d,142,N2,False,0.17661714388876049,0
20211015T231717 - 76b7d,143,N2,False,0.1708069929601206,0
20211015T231717 - 76b7d,144,N2,False,0.18455864234191743,0
20211015T231717 - 76b7d,145,N2,False,0.18888844604725155,0
20211015T231717 - 76b7d,146,N2,False,0.19408992269985328,0
20211015T231717 - 76b7d,147,N2,False,0.18854815475482817,0
20211015T231717 - 76b7d,148,N2,True,0.22949006398582608,0
20211015T231717 - 76b7d,149,N2,False,0.27888278164736263,0
20211015T231717 - 76b7d,150,N1,False,0.42245841542261714,0
20211015T231717 - 76b7d,151,N2,True,0.26827888664004923,0
20211015T231717 - 76b7d,152,N1,False,0.4063343573100034,0
20211015T231717 - 76b7d,153,N1,False,0.23718762451026434,0
20211015T231717 - 76b7d,154,N2,False,0.1946146739041477,0
20211015T231717 - 76b7d,155,N2,True,0.29036512748601867,0
20211015T231717 - 76b7d,156,N1,False,0.46995048091788505,0
20211015T231717 - 76b7d,157,N1,False,0.4280883653928457,0
20211015T231717 - 76b7d,158,REM,False,0.30419284544295644,0
20211015T231717 - 76b7d,159,REM,True,0.4107274643509791,0
20211015T231717 - 76b7d,160,W,False,0.44576449524325157,0
20211015T231717 - 76b7d,161,REM,False,0.4833289872397685,0
20211015T231717 - 76b7d,162,REM,True,0.3870671101098845,0
20211015T231717 - 76b7d,163,REM,False,0.46379937991335346,0
20211015T231717 - 76b7d,164,REM,False,0.28074683924383714,0
20211015T231717 - 76b7d,165,REM,False,0.4242242512184664,0
20211015T231717 - 76b7d,166,REM,True,0.47205956655910136,0
20211015T231717 - 76b7d,167,REM,False,0.3657972166307013,0
20211015T231717 - 76b7d,168,REM,False,0.3946421076630767,0
20211015T231717 - 76b7d,169,REM,False,0.3849343651148327,0
20211015T231717 - 76b7d,170,REM,False,0.4592457078462631,0
20211015T231717 - 76b7d,171,REM,False,0.2960104666052841,0
20211015T231717 - 76b7d,172,REM,False,0.32070463914023184,0
20211015T231717 - 76b7d,173,REM,False,0.4021351469938795,0
20211015T231717 - 76b7d,174,REM,False,0.4498631754355254,0
20211015T231717 - 76b7d,175,REM,False,0.4260318588544656,0
20211015T231717 - 76b7d,176,REM,True,0.42319435395496297,0
20211015T231717 - 76b7d,177,REM,False,0.37813160129169515,0
20211015T231717 - 76b7d,178,REM,False,0.47037889989585113,0
20211015T231717 - 76b7d,179,REM,True,0.448165494783456,0
20211015T231717 - 76b7d,180,REM,False,0.4454672202146776,0
20211015T231717 - 76b7d,181,REM,False,0.40475504161973247,0
20211015T231717 - 76b7d,182,REM,True,0.34256961975181127,0
20211015T231717 - 76b7d,183,REM,False,0.4281075766481347,0
20211015T231717 - 76b7d,184,REM,False,0.3363739744656039,0
20211015T231717 - 76b7d,185,REM,False,0.2977240289188886,0
20211015T231717 - 76b7d,186,REM,False,0.42259577316427815,0
20211015T231717 - 76b7d,187,REM,False,0.4101812857429856,0
20211015T231717 - 76b7d,188,REM,False,0.3266336618071557,0
20211015T231717 - 76b7d,189,REM,True,0.21431681159514063,0
20211015T231717 - 76b7d,190,REM,False,0.2861884076454422,0
20211015T231717 - 76b7d,191,REM,False,0.26482404280417965,0
20211015T231717 - 76b7d,192,REM,False,0.3227866673281572,0
20211015T231717 - 76b7d,193,REM,False,0.29671539031059363,0
20211015T231717 - 76b7d,194,REM,False,0.44677849026003685,0
20211015T231717 - 76b7d,195,REM,False,0.27873229029829216,0
20211015T231717 - 76b7d,196,REM,False,0.3438353483235626,0
20211015T231717 - 76b7d,197,REM,False,0.3463096343886963,0
20211015T231717 - 76b7d,198,N2,False,0.18622434428391962,0
20211015T231717 - 76b7d,199,N2,False,0.22286180206728612,0
20211015T231717 - 76b7d,200,N2,False,0.1968503664867956,0
20211015T231717 - 76b7d,201,N2,False,0.238119625237369,0
20211015T231717 - 76b7d,202,N2,False,0.1860866259883081,0
20211015T231717 - 76b7d,203,N2,False,0.1886695152381084,0
20211015T231717 - 76b7d,204,N2,False,0.22172370733313834,0
20211015T231717 - 76b7d,205,N2,False,0.2302185317709597,0
20211015T231717 - 76b7d,206,N2,False,0.19269385243196144,0
20211015T231717 - 76b7d,207,N2,False,0.17818785014892274,0
20211015T231717 - 76b7d,208,N2,False,0.20836437560218596,0
20211015T231717 - 76b7d,209,N2,False,0.22359716365782917,0
20211015T231717 - 76b7d,210,N2,False,0.16351161993790725,0
20211015T231717 - 76b7d,211,N2,False,0.09770157685894654,0
20211015T231717 - 76b7d,212,N2,False,0.1736332148784889,0
20211015T231717 - 76b7d,213,N2,False,0.14404896006510445,0
20211015T231717 - 76b7d,214,N2,False,0.1393900253448617,0
20211015T231717 - 76b7d,215,N2,False,0.17579934876305026,0
20211015T231717 - 76b7d,216,N2,False,0.1373038401685311,0
20211015T231717 - 76b7d,217,N2,False,0.12355792596989926,0
20211015T231717 - 76b7d,218,N2,False,0.10222131151829976,0
20211015T231717 - 76b7d,219,N2,False,0.1158802513179856,0
20211015T231717 - 76b7d,220,N2,False,0.12316053925068998,0
20211015T231717 - 76b7d,221,N2,False,0.09898149878816166,0
20211015T231717 - 76b7d,222,N2,False,0.1058549181459774,0
20211015T231717 - 76b7d,223,N2,False,0.09626479867685094,0
20211015T231717 - 76b7d,224,N2,False,0.09370675162909281,0
20211015T231717 - 76b7d,225,N2,False,0.10071762927877254,0
20211015T231717 - 76b7d,226,N2,False,0.08422497697146693,0
20211015T231717 - 76b7d,227,N2,False,0.10735618662088141,0
20211015T231717 - 76b7d,228,N2,False,0.07842563492242355,0
20211015T231717 - 76b7d,229,N2,False,0.10909579394788191,0
20211015T231717 - 76b7d,230,N2,False,0.19953592517832047,0
20211015T231717 - 76b7d,231,N2,False,0.17120272005548323,0
20211015T231717 - 76b7d,232,N2,False,0.08902446872745429,0
20211015T231717 - 76b7d,233,N2,False,0.11562910414161949,0
20211015T231717 - 76b7d,234,N2,False,0.1602776751421583,0
20211015T231717 - 76b7d,235,N2,False,0.1326572395188486,0
20211015T231717 - 76b7d,236,N2,False,0.16484607493361764,0
20211015T231717 - 76b7d,237,N2,False,0.09313204765474323,0
20211015T231717 - 76b7d,238,N2,False,0.16196008837283649,0
20211015T231717 - 76b7d,239,N2,False,0.10936082324316355,0
20211015T231717 - 76b7d,240,N2,False,0.12981801461227022,0
20211015T231717 - 76b7d,241,N2,False,0.14801334487508938,0
20211015T231717 - 76b7d,242,N2,False,0.12981926919785428,0
20211015T231717 - 76b7d,243,N2,False,0.1452178209099225,0
20211015T231717 - 76b7d,244,N2,False,0.12982607018287096,0
20211015T231717 - 76b7d,245,N2,False,0.10561177224617765,0
20211015T231717 - 76b7d,246,N3,False,0.1317885212575794,0
20211015T231717 - 76b7d,247,N2,False,0.1312754241134442,0
20211015T231717 - 76b7d,248,N2,False,0.1076148986207616,0
20211015T231717 - 76b7d,249,N3,False,0.16901942724845567,0
20211015T231717 - 76b7d,250,N2,False,0.116284171731617,0
20211015T231717 - 76b7d,251,N2,False,0.1444582054218123,0
20211015T231717 - 76b7d,252,N2,False,0.1454750536223651,0
20211015T231717 - 76b7d,253,N2,False,0.13110492922431918,0
20211015T231717 - 76b7d,254,N2,False,0.16345303418329163,0
20211015T231717 - 76b7d,255,N2,False,0.1321701344861802,0
20211015T231717 - 76b7d,256,N2,False,0.13053722364405687,0
20211015T231717 - 76b7d,257,N2,False,0.11199180501744001,0
20211015T231717 - 76b7d,258,N2,False,0.13866472127116242,0
20211015T231717 - 76b7d,259,N3,False,0.1547260954704545,0
20211015T231717 - 76b7d,260,N2,False,0.09811223983811872,0
20211015T231717 - 76b7d,261,N3,False,0.16036845506530073,0
20211015T231717 - 76b7d,262,N2,False,0.13814669115219902,0
20211015T231717 - 76b7d,263,N2,False,0.10714050726485581,0
20211015T231717 - 76b7d,264,N3,False,0.14962098425741718,0
20211015T231717 - 76b7d,265,N3,False,0.13295796676203156,0
20211015T231717 - 76b7d,266,N3,False,0.12845753038701355,0
20211015T231717 - 76b7d,267,N2,False,0.13893947343880997,0
20211015T231717 - 76b7d,268,N3,False,0.12809893373313141,0
20211015T231717 - 76b7d,269,N2,False,0.12078784087141434,0
20211015T231717 - 76b7d,270,N2,False,0.1047562738335599,0
20211015T231717 - 76b7d,271,N2,False,0.1342832882502413,0
20211015T231717 - 76b7d,272,N2,True,0.14756316614227935,0
20211015T231717 - 76b7d,273,N2,False,0.44639358521321326,0
20211015T231717 - 76b7d,274,W,False,0.3843372559952342,0
20211015T231717 - 76b7d,275,N2,False,0.34479920935596375,0
20211015T231717 - 76b7d,276,N2,False,0.20843192552039203,0
20211015T231717 - 76b7d,277,N2,False,0.18089409770510634,0
20211015T231717 - 76b7d,278,N2,False,0.17330849107327825,0
20211015T231717 - 76b7d,279,N2,False,0.13591437031644782,0
20211015T231717 - 76b7d,280,N2,False,0.13794573127731138,0
20211015T231717 - 76b7d,281,N2,False,0.14060896887056784,0
20211015T231717 - 76b7d,282,N2,False,0.1449531004324901,0
20211015T231717 - 76b7d,283,N2,False,0.09647907705084222,0
20211015T231717 - 76b7d,284,N2,False,0.12612375486550806,0
20211015T231717 - 76b7d,285,N2,False,0.23873967242193408,0
20211015T231717 - 76b7d,286,N2,False,0.23265653900226865,0
20211015T231717 - 76b7d,287,N2,False,0.10304472443403533,0
20211015T231717 - 76b7d,288,N2,False,0.11555209112569037,0
20211015T231717 - 76b7d,289,N2,False,0.10369262420400432,0
20211015T231717 - 76b7d,290,N2,False,0.11378760612491039,0
20211015T231717 - 76b7d,291,N2,False,0.1050141525450028,0
20211015T231717 - 76b7d,292,N2,False,0.09330600582640285,0
20211015T231717 - 76b7d,293,N2,False,0.10879749892282714,0
20211015T231717 - 76b7d,294,N2,False,0.12084502063997972,0
20211015T231717 - 76b7d,295,N2,False,0.1384780859171707,0
20211015T231717 - 76b7d,296,N2,False,0.09920866403395198,0
20211015T231717 - 76b7d,297,N2,False,0.11868540865906302,0
20211015T231717 - 76b7d,298,N2,False,0.16209182775849207,0
20211015T231717 - 76b7d,299,N2,False,0.16664466785564308,0
20211015T231717 - 76b7d,300,N2,True,0.15779522136325605,0
20211015T231717 - 76b7d,301,N2,False,0.41016374295686775,0
20211015T231717 - 76b7d,302,N1,False,0.4467005693177976,0
20211015T231717 - 76b7d,303,N2,False,0.3436069437492162,0
20211015T231717 - 76b7d,304,N2,False,0.266115756490284,0
20211015T231717 - 76b7d,305,N2,False,0.20990979851795377,0
20211015T231717 - 76b7d,306,N2,False,0.23236476348465565,0
20211015T231717 - 76b7d,307,N2,False,0.1961073744271488,0
20211015T231717 - 76b7d,308,N2,False,0.1865739860004335,0
20211015T231717 - 76b7d,309,N2,False,0.22580682558813645,0
20211015T231717 - 76b7d,310,N2,True,0.1857955990910043,0
20211015T231717 - 76b7d,311,N2,True,0.42341687345039075,0
20211015T231717 - 76b7d,312,N1,False,0.4580574532763273,0
20211015T231717 - 76b7d,313,N1,True,0.4059076869975573,0
20211015T231717 - 76b7d,314,N2,False,0.26847721289596554,0
20211015T231717 - 76b7d,315,N2,False,0.2494038842733283,0
20211015T231717 - 76b7d,316,N2,False,0.2474352708550804,0
20211015T231717 - 76b7d,317,N2,True,0.2382046396542698,0
20211015T231717 - 76b7d,318,N2,False,0.35276319805831013,0
20211015T231717 - 76b7d,319,N1,True,0.29070346335154074,0
20211015T231717 - 76b7d,320,N1,False,0.31359057149285063,0
20211015T231717 - 76b7d,321,N2,False,0.31859741137584263,0
20211015T231717 - 76b7d,322,N2,False,0.1886701844769425,0
20211015T231717 - 76b7d,323,N2,False,0.16731925472155026,0
20211015T231717 - 76b7d,324,N2,False,0.1835059108097694,0
20211015T231717 - 76b7d,325,N2,False,0.1783784140302724,0
20211015T231717 - 76b7d,326,N2,False,0.17868784682124164,0
20211015T231717 - 76b7d,327,N2,False,0.14490959403239373,0
20211015T231717 - 76b7d,328,N2,False,0.23143689341010357,0
20211015T231717 - 76b7d,329,N2,False,0.17251971159700447,0
20211015T231717 - 76b7d,330,N2,False,0.1264182558340498,0
20211015T231717 - 76b7d,331,N2,False,0.1457525985005138,0
20211015T231717 - 76b7d,332,N2,False,0.17560981988294547,0
20211015T231717 - 76b7d,333,N2,False,0.19416067468303302,0
20211015T231717 - 76b7d,334,N2,False,0.14745335952849448,0
20211015T231717 - 76b7d,335,N2,True,0.17297933067229151,0
20211015T231717 - 76b7d,336,N2,False,0.20226370670726967,0
20211015T231717 - 76b7d,337,N2,False,0.16863755967922117,0
20211015T231717 - 76b7d,338,N2,False,0.20215341474390366,0
20211015T231717 - 76b7d,339,N2,False,0.16102851253379488,0
20211015T231717 - 76b7d,340,N2,False,0.16969463571380008,0
20211015T231717 - 76b7d,341,N2,False,0.1643059084605616,0
20211015T231717 - 76b7d,342,N2,True,0.18634657874219904,0
20211015T231717 - 76b7d,343,W,False,0.3122881166068819,0
20211015T231717 - 76b7d,344,W,False,0.38243111300409877,0
20211015T231717 - 76b7d,345,N1,False,0.4644246639895971,0
20211015T231717 - 76b7d,346,N1,True,0.4088737348363624,0
20211015T231717 - 76b7d,347,N1,False,0.46727676709936816,0
20211015T231717 - 76b7d,348,N1,True,0.26532665081545626,0
20211015T231717 - 76b7d,349,W,True,0.3912579679557425,0
20211015T231717 - 76b7d,350,N1,False,0.4274324980526603,0
20211015T231717 - 76b7d,351,N1,False,0.41673505620973744,0
20211015T231717 - 76b7d,352,N1,False,0.3306416953975143,0
20211015T231717 - 76b7d,353,N2,True,0.2614324997561938,0
20211015T231717 - 76b7d,354,W,True,0.34484004908960897,0
20211015T231717 - 76b7d,355,N1,False,0.4346655458572154,0
20211015T231717 - 76b7d,356,N1,True,0.32502762588277356,0
20211015T231717 - 76b7d,357,N1,False,0.2738701720563734,0
20211015T231717 - 76b7d,358,N1,False,0.2920690391154465,0
20211015T231717 - 76b7d,359,N2,False,0.28024948640171393,0
20211015T231717 - 76b7d,360,N2,False,0.29943814121764784,0
20211015T231717 - 76b7d,361,N2,False,0.2895605569048274,0
20211015T231717 - 76b7d,362,REM,True,0.2683370566280783,0
20211015T231717 - 76b7d,363,REM,False,0.32111766235075984,0
20211015T231717 - 76b7d,364,REM,False,0.3685200415209696,0
20211015T231717 - 76b7d,365,REM,False,0.31323357074301766,0
20211015T231717 - 76b7d,366,REM,False,0.32815677759423506,0
20211015T231717 - 76b7d,367,REM,False,0.33883301109000974,0
20211015T231717 - 76b7d,368,REM,False,0.30021266057254353,0
20211015T231717 - 76b7d,369,REM,False,0.3132593693546041,0
20211015T231717 - 76b7d,370,REM,False,0.3412745322473109,0
20211015T231717 - 76b7d,371,REM,False,0.31355362557684613,0
20211015T231717 - 76b7d,372,REM,False,0.3125729179677132,0
20211015T231717 - 76b7d,373,REM,False,0.28972271227707336,0
20211015T231717 - 76b7d,374,REM,False,0.29092939234537096,0
20211015T231717 - 76b7d,375,REM,False,0.23825619979119103,0
20211015T231717 - 76b7d,376,REM,False,0.25330316896834837,0
20211015T231717 - 76b7d,377,REM,False,0.2587057372259492,0
20211015T231717 - 76b7d,378,REM,False,0.31956805343781347,0
20211015T231717 - 76b7d,379,REM,False,0.26605531202966837,0
20211015T231717 - 76b7d,380,REM,False,0.3075601777713113,0
20211015T231717 - 76b7d,381,REM,False,0.28091073922474746,0
20211015T231717 - 76b7d,382,REM,False,0.34205085024748755,0
20211015T231717 - 76b7d,383,REM,False,0.2950203861476417,0
20211015T231717 - 76b7d,384,REM,False,0.2404691084094635,0
20211015T231717 - 76b7d,385,REM,False,0.3078298487680727,0
20211015T231717 - 76b7d,386,REM,False,0.2964181756065118,0
20211015T231717 - 76b7d,387,REM,False,0.2912626863499814,0
20211015T231717 - 76b7d,388,REM,False,0.27932084506755056,0
20211015T231717 - 76b7d,389,REM,True,0.32086578137943517,0
20211015T231717 - 76b7d,390,REM,False,0.3964485031189996,0
20211015T231717 - 76b7d,391,N1,False,0.35010335700492534,0
20211015T231717 - 76b7d,392,N1,False,0.3221324356447434,0
20211015T231717 - 76b7d,393,N1,False,0.3465012440465818,0
20211015T231717 - 76b7d,394,REM,False,0.3072028318421422,0
20211015T231717 - 76b7d,395,REM,False,0.2849589038055295,0
20211015T231717 - 76b7d,396,REM,True,0.2723803009664005,0
20211015T231717 - 76b7d,397,REM,False,0.2806714795278108,0
20211015T231717 - 76b7d,398,REM,False,0.28896246637632966,0
20211015T231717 - 76b7d,399,REM,False,0.2740056607393615,0
20211015T231717 - 76b7d,400,REM,False,0.29488760977232364,0
20211015T231717 - 76b7d,401,REM,False,0.2750038363339118,0
20211015T231717 - 76b7d,402,REM,False,0.299711941537916,0
20211015T231717 - 76b7d,403,REM,False,0.29729683023123665,0
20211015T231717 - 76b7d,404,REM,False,0.2774990811063336,0
20211015T231717 - 76b7d,405,REM,False,0.32115956407772694,0
20211015T231717 - 76b7d,406,REM,False,0.27696962364498673,0
20211015T231717 - 76b7d,407,REM,False,0.29796250167066085,0
20211015T231717 - 76b7d,408,N2,False,0.3015433509240809,0
20211015T231717 - 76b7d,409,N2,False,0.26456542206937284,0
20211015T231717 - 76b7d,410,N2,False,0.28958132499985534,0
20211015T231717 - 76b7d,411,N2,False,0.29166471893894774,0
20211015T231717 - 76b7d,412,N2,False,0.26948492654831724,0
20211015T231717 - 76b7d,413,N2,False,0.29843191281265463,0
20211015T231717 - 76b7d,414,N2,False,0.26510478831986967,0
20211015T231717 - 76b7d,415,N2,False,0.28254567098639655,0
20211015T231717 - 76b7d,416,N2,False,0.3012692277790278,0
20211015T231717 - 76b7d,417,N2,False,0.2967587288925174,0
20211015T231717 - 76b7d,418,N2,False,0.32084116867494195,0
20211015T231717 - 76b7d,419,N2,False,0.27974441416045676,0
20211015T231717 - 76b7d,420,N2,False,0.2712755192903682,0
20211015T231717 - 76b7d,421,N2,False,0.28782034591256944,0
20211015T231717 - 76b7d,422,N2,False,0.24385299358154533,0
20211015T231717 - 76b7d,423,N2,False,0.24950056314653046,0
20211015T231717 - 76b7d,424,N2,False,0.26410863925931677,0
20211015T231717 - 76b7d,425,N2,False,0.27513565797035366,0
20211015T231717 - 76b7d,426,N2,False,0.24840931898262858,0
20211015T231717 - 76b7d,427,N2,False,0.2584458447487091,0
20211015T231717 - 76b7d,428,N2,False,0.25701874893112947,0
20211015T231717 - 76b7d,429,N2,False,0.2609619684732097,0
20211015T231717 - 76b7d,430,N2,False,0.23683014018912804,0
20211015T231717 - 76b7d,431,N2,False,0.2477196762791851,0
20211015T231717 - 76b7d,432,N2,False,0.26572709477729883,0
20211015T231717 - 76b7d,433,N2,False,0.22426599512857304,0
20211015T231717 - 76b7d,434,N2,False,0.23074983803821308,0
20211015T231717 - 76b7d,435,N2,False,0.24307596156990516,0
20211015T231717 - 76b7d,436,N2,False,0.251844675648251,0
20211015T231717 - 76b7d,437,N2,False,0.2542391515369103,0
20211015T231717 - 76b7d,438,N2,False,0.22833865307723428,0
20211015T231717 - 76b7d,439,N2,False,0.25207281918168556,0
20211015T231717 - 76b7d,440,N2,False,0.24931357023755493,0
20211015T231717 - 76b7d,441,N2,False,0.23405571857202,0
20211015T231717 - 76b7d,442,N2,False,0.2535221586314907,0
20211015T231717 - 76b7d,443,N2,False,0.22852720088894368,0
20211015T231717 - 76b7d,444,N2,False,0.24692231112548607,0
20211015T231717 - 76b7d,445,N2,False,0.2737229022857311,0
20211015T231717 - 76b7d,446,N2,False,0.23401721493290029,0
20211015T231717 - 76b7d,447,N2,False,0.24515084081342725,0
20211015T231717 - 76b7d,448,N2,False,0.25948088822770615,0
20211015T231717 - 76b7d,449,N2,True,0.23987239544146632,0
20211015T231717 - 76b7d,450,N2,False,0.49861450118548395,0
20211015T231717 - 76b7d,451,W,True,0.3360510602565181,0
20211015T231717 - 76b7d,452,N1,False,0.3481208344089973,0
20211015T231717 - 76b7d,453,N2,False,0.24548878576499683,0
20211015T231717 - 76b7d,454,N2,False,0.2496253704853258,0
20211015T231717 - 76b7d,455,N2,False,0.26156563083163636,0
20211015T231717 - 76b7d,456,N2,True,0.27597083619584006,0
20211015T231717 - 76b7d,457,N2,False,0.3746881668694752,0
20211015T231717 - 76b7d,458,W,False,0.25093658106671257,0
20211015T231717 - 76b7d,459,W,False,0.26579314939919674,0
20211015T231717 - 76b7d,460,W,False,0.2559940924686244,0
20211015T231717 - 76b7d,461,W,False,0.2305151233445305,0
20211015T231717 - 76b7d,462,W,False,0.2574539976995214,0
20211015T231717 - 76b7d,463,W,False,0.2780408668203061,0
20211015T231717 - 76b7d,464,W,False,0.25935527996411845,0
20211015T231717 - 76b7d,465,W,True,0.34816178215433224,0
20211015T231717 - 76b7d,466,N1,False,0.32954086951599815,0
20211015T231717 - 76b7d,467,W,False,0.25821489412024656,0
20211015T231717 - 76b7d,468,W,False,0.37218731549460476,0
20211015T231717 - 76b7d,469,W,False,0.2775581269424037,0
20211015T231717 - 76b7d,470,W,False,0.30545623009572426,0
20211015T231717 - 76b7d,471,N1,True,0.5496493241055641,1
20211015T231717 - 76b7d,472,W,True,0.2995019113753705,0
20211015T231717 - 76b7d,473,N1,False,0.4375461830575073,0
20211015T231717 - 76b7d,474,N1,True,0.45481798399360457,0
20211015T231717 - 76b7d,475,N1,True,0.4992250723202065,0
20211015T231717 - 76b7d,476,N1,False,0.46944844461975566,0
20211015T231717 - 76b7d,477,N2,True,0.4180369681364327,0
20211015T231717 - 76b7d,478,W,False,0.3226989560678466,0
20211015T231717 - 76b7d,479,W,False,0.34298122264300607,0
20211015T231717 - 76b7d,480,W,False,0.27089532052901116,0
20211015T231717 - 76b7d,481,N1,False,0.3291923835045016,0
20211015T231717 - 76b7d,482,N1,False,0.36169091884552357,0
20211015T231717 - 76b7d,483,N2,False,0.20064749452132397,0
20211015T231717 - 76b7d,484,N2,False,0.33539685345769166,0
20211015T231717 - 76b7d,485,N2,False,0.21145694520195465,0
20211015T231717 - 76b7d,486,N2,False,0.23934196824726223,0
20211015T231717 - 76b7d,487,N2,False,0.2861537824599156,0
20211015T231717 - 76b7d,488,N2,False,0.20224355140012015,0
20211015T231717 - 76b7d,489,N2,False,0.18588421795579943,0
20211015T231717 - 76b7d,490,N2,False,0.22993173938915465,0
20211015T231717 - 76b7d,491,N2,True,0.20266435508401298,0
20211015T231717 - 76b7d,492,N2,False,0.38110621330348193,0
20211015T231717 - 76b7d,493,W,False,0.23904968146781921,0
20211015T231717 - 76b7d,494,W,False,0.2620699351107378,0
20211015T231717 - 76b7d,495,W,False,0.20535053168640963,0
20211015T231717 - 76b7d,496,W,False,0.2768868639290118,0
20211015T231717 - 76b7d,497,W,False,0.23991813393722905,0
20211015T231717 - 76b7d,498,W,False,0.22217977117312404,0
20211015T231717 - 76b7d,499,W,False,0.2983998616041694,0
20211015T231717 - 76b7d,500,W,False,0.2783712107478471,0
20211015T231717 - 76b7d,501,W,False,0.30148490827768304,0
20211015T231717 - 76b7d,502,W,False,0.2819031272141032,0
20211015T231717 - 76b7d,503,W,False,0.23089215630402077,0
20211015T231717 - 76b7d,504,W,False,0.2745285657086227,0
20211015T231717 - 76b7d,505,W,False,0.28587140004256467,0
20211015T231717 - 76b7d,506,W,False,0.29505933327970424,0
20211015T231717 - 76b7d,507,W,False,0.30923386676533915,0
20211015T231717 - 76b7d,508,W,False,0.1834543101205612,0
20211015T231717 - 76b7d,509,W,False,0.3472279377080356,0
20211015T231717 - 76b7d,510,W,False,0.25730614759416925,0
20211015T231717 - 76b7d,511,W,False,0.2279613306469774,0
20211015T231717 - 76b7d,512,W,False,0.3300699511017538,0
20211015T231717 - 76b7d,513,N1,False,0.4194587102680709,0
20211015T231717 - 76b7d,514,N1,False,0.4286833599140334,0
20211015T231717 - 76b7d,515,N1,True,0.2984174745899645,0
20211015T231717 - 76b7d,516,N1,False,0.4374167338270853,0
20211015T231717 - 76b7d,517,N1,False,0.32932397623761467,0
20211015T231717 - 76b7d,518,N2,False,0.32471284756262003,0
20211015T231717 - 76b7d,519,N2,False,0.1699453714778419,0
20211015T231717 - 76b7d,520,N2,False,0.1746951915799845,0
20211015T231717 - 76b7d,521,N2,False,0.29095015580268124,0
20211015T231717 - 76b7d,522,N2,False,0.18902638338766117,0
20211015T231717 - 76b7d,523,N2,False,0.19845722157147272,0
20211015T231717 - 76b7d,524,N2,False,0.23357741461545406,0
20211015T231717 - 76b7d,525,N2,False,0.1637742546782959,0
20211015T231717 - 76b7d,526,N2,False,0.20061905086382933,0
20211015T231717 - 76b7d,527,N2,False,0.18554914414520024,0
20211015T231717 - 76b7d,528,N2,False,0.2775778158454923,0
20211015T231717 - 76b7d,529,N2,True,0.21128368962555033,0
20211015T231717 - 76b7d,530,N1,False,0.33692499231445167,0
20211015T231717 - 76b7d,531,N2,False,0.21150461482050942,0
20211015T231717 - 76b7d,532,N2,True,0.21321371305194192,0
20211015T231717 - 76b7d,533,N2,False,0.3024378333822637,0
20211015T231717 - 76b7d,534,N1,False,0.35162991978488223,0
20211015T231717 - 76b7d,535,N1,False,0.2846514006906084,0
20211015T231717 - 76b7d,536,N2,False,0.2510416395866698,0
20211015T231717 - 76b7d,537,REM,True,0.33817154897946644,0
20211015T231717 - 76b7d,538,REM,False,0.44309736497625196,0
20211015T231717 - 76b7d,539,REM,False,0.3892225244762336,0
20211015T231717 - 76b7d,540,REM,True,0.4068055436382464,0
20211015T231717 - 76b7d,541,REM,False,0.4533579460830544,0
20211015T231717 - 76b7d,542,REM,False,0.29249026323660104,0
20211015T231717 - 76b7d,543,REM,False,0.36101160469082993,0
20211015T231717 - 76b7d,544,REM,False,0.342084489052153,0
20211015T231717 - 76b7d,545,REM,False,0.24746636040815076,0
20211015T231717 - 76b7d,546,REM,True,0.31216850590817613,0
20211015T231717 - 76b7d,547,REM,False,0.39138606712575785,0
20211015T231717 - 76b7d,548,REM,True,0.31949237749642095,0
20211015T231717 - 76b7d,549,REM,True,0.3341633495518729,0
20211015T231717 - 76b7d,550,REM,False,0.3736170320652108,0
20211015T231717 - 76b7d,551,REM,False,0.41960834014938814,0
20211015T231717 - 76b7d,552,REM,False,0.3490673290110003,0
20211015T231717 - 76b7d,553,REM,False,0.48829431485759495,0
20211015T231717 - 76b7d,554,REM,False,0.3873617531401416,0
20211015T231717 - 76b7d,555,REM,False,0.453190515275114,0
20211015T231717 - 76b7d,556,REM,False,0.3087280703137629,0
20211015T231717 - 76b7d,557,REM,False,0.3537942277734114,0
20211015T231717 - 76b7d,558,REM,False,0.3367093855361231,0
20211015T231717 - 76b7d,559,REM,True,0.3596028718259546,0
20211015T231717 - 76b7d,560,REM,False,0.4207544302311905,0
20211015T231717 - 76b7d,561,REM,False,0.3736298102712537,0
20211015T231717 - 76b7d,562,REM,False,0.36290114713321925,0
20211015T231717 - 76b7d,563,REM,False,0.327119839859634,0
20211015T231717 - 76b7d,564,REM,True,0.3374650528188763,0
20211015T231717 - 76b7d,565,REM,False,0.38596977239205965,0
20211015T231717 - 76b7d,566,REM,False,0.48546398805446217,0
20211015T231717 - 76b7d,567,REM,True,0.40883202290599435,0
20211015T231717 - 76b7d,568,REM,True,0.41349833327044655,0
20211015T231717 - 76b7d,569,REM,False,0.3934529754053679,0
20211015T231717 - 76b7d,570,REM,False,0.27590866264190334,0
20211015T231717 - 76b7d,571,REM,False,0.3044349748099372,0
20211015T231717 - 76b7d,572,REM,False,0.2862250830353278,0
20211015T231717 - 76b7d,573,REM,False,0.3623569258482808,0
20211015T231717 - 76b7d,574,REM,False,0.4424614672409042,0
20211015T231717 - 76b7d,575,REM,True,0.27351517518574453,0
20211015T231717 - 76b7d,576,REM,False,0.45958176857408234,0
20211015T231717 - 76b7d,577,REM,False,0.3395976253321303,0
20211015T231717 - 76b7d,578,REM,False,0.34759646007659917,0
20211015T231717 - 76b7d,579,REM,False,0.29106690187515644,0
20211015T231717 - 76b7d,580,REM,True,0.28046170090679895,0
20211015T231717 - 76b7d,581,REM,False,0.29744369806137727,0
20211015T231717 - 76b7d,582,REM,True,0.29753503872633774,0
20211015T231717 - 76b7d,583,REM,False,0.3945002115210703,0
20211015T231717 - 76b7d,584,REM,True,0.31460151895543953,0
20211015T231717 - 76b7d,585,REM,False,0.33964539415482187,0
20211015T231717 - 76b7d,586,REM,False,0.3233625618414579,0
20211015T231717 - 76b7d,587,REM,True,0.30381196247878944,0
20211015T231717 - 76b7d,588,REM,False,0.3409332500024572,0
20211015T231717 - 76b7d,589,REM,False,0.3991376900978594,0
20211015T231717 - 76b7d,590,REM,False,0.42997496626063175,0
20211015T231717 - 76b7d,591,REM,False,0.37650120524690645,0
20211015T231717 - 76b7d,592,REM,False,0.35894941738951297,0
20211015T231717 - 76b7d,593,REM,False,0.3748669043448934,0
20211015T231717 - 76b7d,594,REM,False,0.3005146010053089,0
20211015T231717 - 76b7d,595,REM,False,0.2898082004531388,0
20211015T231717 - 76b7d,596,REM,True,0.2920473113661699,0
20211015T231717 - 76b7d,597,N1,False,0.4603423091121514,0
20211015T231717 - 76b7d,598,N1,False,0.30004176924975173,0
20211015T231717 - 76b7d,599,N1,False,0.3658145447404454,0
20211015T231717 - 76b7d,600,N1,False,0.36953055005134305,0
20211015T231717 - 76b7d,601,N1,False,0.2801470277908964,0
20211015T231717 - 76b7d,602,N1,False,0.2590737880119735,0
20211015T231717 - 76b7d,603,N1,False,0.2866493469538512,0
20211015T231717 - 76b7d,604,N2,True,0.294677172214841,0
20211015T231717 - 76b7d,605,N2,False,0.19163722845449935,0
20211015T231717 - 76b7d,606,N2,False,0.23837609373328722,0
20211015T231717 - 76b7d,607,N2,False,0.20173150970966972,0
20211015T231717 - 76b7d,608,N2,False,0.284249781188293,0
20211015T231717 - 76b7d,609,N2,False,0.2610224836616435,0
20211015T231717 - 76b7d,610,N2,False,0.1332613437562668,0
20211015T231717 - 76b7d,611,N2,False,0.1616069246557667,0
20211015T231717 - 76b7d,612,N2,False,0.17008156613582698,0
20211015T231717 - 76b7d,613,N2,False,0.17286996436403246,0
20211015T231717 - 76b7d,614,N2,False,0.12898396087884403,0
20211015T231717 - 76b7d,615,N2,False,0.14065579190160682,0
20211015T231717 - 76b7d,616,N2,False,0.15668863120067233,0
20211015T231717 - 76b7d,617,N2,False,0.16994409653577214,0
20211015T231717 - 76b7d,618,N2,False,0.14920136775408965,0
20211015T231717 - 76b7d,619,N2,False,0.14735520199578628,0
20211015T231717 - 76b7d,620,N2,False,0.11051030109864861,0
20211015T231717 - 76b7d,621,N2,False,0.09649094180933351,0
20211015T231717 - 76b7d,622,N2,False,0.13834883119706953,0
20211015T231717 - 76b7d,623,N2,False,0.09047904942249721,0
20211015T231717 - 76b7d,624,N2,False,0.09762089711561328,0
20211015T231717 - 76b7d,625,N2,False,0.1427100198955368,0
20211015T231717 - 76b7d,626,N2,False,0.122891316847422,0
20211015T231717 - 76b7d,627,N2,False,0.10563787792970253,0
20211015T231717 - 76b7d,628,N2,False,0.08500269449419871,0
20211015T231717 - 76b7d,629,N2,False,0.1218263715277882,0
20211015T231717 - 76b7d,630,N2,False,0.07401816090812054,0
20211015T231717 - 76b7d,631,N2,False,0.07227956724110782,0
20211015T231717 - 76b7d,632,N2,False,0.12083883372153464,0
20211015T231717 - 76b7d,633,N2,True,0.0718335009921955,0
20211015T231717 - 76b7d,634,N2,False,0.4254836593123585,0
20211015T231717 - 76b7d,635,W,False,0.35608748031654164,0
20211015T231717 - 76b7d,636,N1,False,0.41041447349359544,0
20211015T231717 - 76b7d,637,N1,True,0.2902786899231495,0
20211015T231717 - 76b7d,638,N2,False,0.25199336218752644,0
20211015T231717 - 76b7d,639,N1,False,0.41136325198295703,0
20211015T231717 - 76b7d,640,N2,False,0.15803589803864687,0
20211015T231717 - 76b7d,641,N2,False,0.22213153986446837,0
20211015T231717 - 76b7d,642,N2,False,0.1546987719217157,0
20211015T231717 - 76b7d,643,N2,False,0.22094916265337694,0
20211015T231717 - 76b7d,644,N2,False,0.16253051001759838,0
20211015T231717 - 76b7d,645,N2,False,0.14828319601575837,0
20211015T231717 - 76b7d,646,N2,False,0.1270467311195981,0
20211015T231717 - 76b7d,647,N2,False,0.16319320382531108,0
20211015T231717 - 76b7d,648,N2,False,0.12779832710130218,0
20211015T231717 - 76b7d,649,N2,False,0.09499594897244719,0
20211015T231717 - 76b7d,650,N2,False,0.13290053815882027,0
20211015T231717 - 76b7d,651,N2,False,0.12055879592937382,0
20211015T231717 - 76b7d,652,N2,False,0.11076052576830359,0
20211015T231717 - 76b7d,653,N2,False,0.17325482914751916,0
20211015T231717 - 76b7d,654,N2,False,0.13903978434647798,0
20211015T231717 - 76b7d,655,N2,False,0.14542264360191062,0
20211015T231717 - 76b7d,656,N2,False,0.13100917693424763,0
20211015T231717 - 76b7d,657,N2,False,0.1330280040962707,0
20211015T231717 - 76b7d,658,N2,False,0.10867705602205577,0
20211015T231717 - 76b7d,659,N2,False,0.2055706786947995,0
20211015T231717 - 76b7d,660,N2,False,0.13992609404382794,0
20211015T231717 - 76b7d,661,N2,False,0.13253529179711804,0
20211015T231717 - 76b7d,662,N2,False,0.13262008455816285,0
20211015T231717 - 76b7d,663,N2,False,0.11864447374939972,0
20211015T231717 - 76b7d,664,N2,False,0.17234143112647327,0
20211015T231717 - 76b7d,665,N2,False,0.15803829051823393,0
20211015T231717 - 76b7d,666,N2,False,0.1255342823849085,0
20211015T231717 - 76b7d,667,N2,False,0.13974475172905737,0
20211015T231717 - 76b7d,668,N2,False,0.12698759629295767,0
20211015T231717 - 76b7d,669,N2,False,0.1579606091307629,0
20211015T231717 - 76b7d,670,N2,False,0.16367464239387094,0
20211015T231717 - 76b7d,671,N2,False,0.1530990923968987,0
20211015T231717 - 76b7d,672,N2,False,0.19579741827562824,0
20211015T231717 - 76b7d,673,N2,False,0.16090442920439674,0
20211015T231717 - 76b7d,674,N2,False,0.1889670217171897,0
20211015T231717 - 76b7d,675,N2,False,0.15057919394694816,0
20211015T231717 - 76b7d,676,N2,False,0.14134044806008414,0
20211015T231717 - 76b7d,677,N2,False,0.16971450371271324,0
20211015T231717 - 76b7d,678,N3,False,0.17893371566011415,0
20211015T231717 - 76b7d,679,N2,False,0.17973933625383293,0
20211015T231717 - 76b7d,680,N2,False,0.177301067332577,0
20211015T231717 - 76b7d,681,N2,False,0.17577981512686186,0
20211015T231717 - 76b7d,682,N2,False,0.16782044270319146,0
20211015T231717 - 76b7d,683,N2,False,0.16161854123106306,0
20211015T231717 - 76b7d,684,N2,False,0.17629399397421597,0
20211015T231717 - 76b7d,685,N2,False,0.17142986370820126,0
20211015T231717 - 76b7d,686,N2,False,0.15264028583521078,0
20211015T231717 - 76b7d,687,N2,False,0.15349385956665812,0
20211015T231717 - 76b7d,688,N2,False,0.18914873699471152,0
20211015T231717 - 76b7d,689,N2,False,0.16147765869875993,0
20211015T231717 - 76b7d,690,N2,False,0.15637561296778668,0
20211015T231717 - 76b7d,691,N2,False,0.17145730918629845,0
20211015T231717 - 76b7d,692,N2,False,0.1539348834610616,0
20211015T231717 - 76b7d,693,N2,False,0.1439559221530168,0
20211015T231717 - 76b7d,694,N2,False,0.1916195179976638,0
20211015T231717 - 76b7d,695,N2,False,0.17662960326267008,0
20211015T231717 - 76b7d,696,N2,False,0.1775774098888174,0
20211015T231717 - 76b7d,697,N2,False,0.20581891640755626,0
20211015T231717 - 76b7d,698,N2,False,0.1953921773375864,0
20211015T231717 - 76b7d,699,N2,False,0.19762931095219433,0
20211015T231717 - 76b7d,700,N2,True,0.16721061123585507,0
20211015T231717 - 76b7d,701,W,False,0.3938175711899732,0
20211015T231717 - 76b7d,702,N1,True,0.43613982772947224,0
20211015T231717 - 76b7d,703,N1,True,0.3677864792631364,0
20211015T231717 - 76b7d,704,N2,False,0.28382310365469154,0
20211015T231717 - 76b7d,705,N1,False,0.32730488594115387,0
20211015T231717 - 76b7d,706,N1,True,0.3529046304110767,0
20211015T231717 - 76b7d,707,N1,False,0.38479334076980026,0
20211015T231717 - 76b7d,708,N2,False,0.26747183957292375,0
20211015T231717 - 76b7d,709,N2,True,0.15661603395058443,0
20211015T231717 - 76b7d,710,N2,True,0.2741560659251553,0
20211015T231717 - 76b7d,711,N1,False,0.43620079254653055,0
20211015T231717 - 76b7d,712,N1,False,0.4677920088160811,0
20211015T231717 - 76b7d,713,N2,False,0.21203073462493627,0
20211015T231717 - 76b7d,714,N2,False,0.14068115743137877,0
20211015T231717 - 76b7d,715,N2,True,0.14439766665514736,0
20211015T231717 - 76b7d,716,N1,False,0.35065196618434263,0
20211015T231717 - 76b7d,717,N1,False,0.21416756081364535,0
20211015T231717 - 76b7d,718,N2,False,0.1269279802904682,0
20211015T231717 - 76b7d,719,N2,False,0.1849404186019488,0
20211015T231717 - 76b7d,720,REM,False,0.19366341710079446,0
20211015T231717 - 76b7d,721,REM,False,0.25257785097704755,0
20211015T231717 - 76b7d,722,REM,False,0.22862545724735778,0
20211015T231717 - 76b7d,723,REM,False,0.28962659985053935,0
20211015T231717 - 76b7d,724,REM,False,0.30868601706036736,0
20211015T231717 - 76b7d,725,REM,False,0.20272526849611885,0
20211015T231717 - 76b7d,726,REM,False,0.2279666349423119,0
20211015T231717 - 76b7d,727,REM,False,0.23983295685885178,0
20211015T231717 - 76b7d,728,REM,False,0.23504603483933365,0
20211015T231717 - 76b7d,729,REM,False,0.26529537654124924,0
20211015T231717 - 76b7d,730,REM,False,0.21134341902331452,0
20211015T231717 - 76b7d,731,REM,False,0.2771766382171997,0
20211015T231717 - 76b7d,732,REM,False,0.25448013879338743,0
20211015T231717 - 76b7d,733,REM,False,0.24326022396414954,0
20211015T231717 - 76b7d,734,REM,False,0.22897547184034547,0
20211015T231717 - 76b7d,735,REM,False,0.25833401333711714,0
20211015T231717 - 76b7d,736,REM,False,0.22037096897166072,0
20211015T231717 - 76b7d,737,REM,False,0.2755151891887714,0
20211015T231717 - 76b7d,738,REM,False,0.2626910203877289,0
20211015T231717 - 76b7d,739,REM,False,0.26310774107099655,0
20211015T231717 - 76b7d,740,REM,False,0.2850476353676734,0
20211015T231717 - 76b7d,741,REM,False,0.29472475885997923,0
20211015T231717 - 76b7d,742,REM,False,0.29121284481217335,0
20211015T231717 - 76b7d,743,REM,False,0.26042468094163096,0
20211015T231717 - 76b7d,744,REM,False,0.2778985187814471,0
20211015T231717 - 76b7d,745,REM,False,0.25590369584926614,0
20211015T231717 - 76b7d,746,REM,True,0.3010089239142557,0
20211015T231717 - 76b7d,747,REM,False,0.47923925519572536,0
20211015T231717 - 76b7d,748,REM,False,0.25730994523471074,0
20211015T231717 - 76b7d,749,REM,False,0.2980308862711716,0
20211015T231717 - 76b7d,750,REM,False,0.27204890244709456,0
20211015T231717 - 76b7d,751,REM,False,0.30461215772364775,0
20211015T231717 - 76b7d,752,REM,True,0.29971293245742475,0
20211015T231717 - 76b7d,753,REM,False,0.3295459110575562,0
20211015T231717 - 76b7d,754,REM,False,0.32653029237853426,0
20211015T231717 - 76b7d,755,REM,False,0.20703248904406193,0
20211015T231717 - 76b7d,756,REM,False,0.2620974968097872,0
20211015T231717 - 76b7d,757,REM,False,0.278924629146079,0
20211015T231717 - 76b7d,758,REM,False,0.26498374455684887,0
20211015T231717 - 76b7d,759,REM,False,0.2605304916854313,0
20211015T231717 - 76b7d,760,REM,False,0.29032072456658675,0
20211015T231717 - 76b7d,761,REM,False,0.24342432788726465,0
20211015T231717 - 76b7d,762,REM,False,0.3383805939990237,0
20211015T231717 - 76b7d,763,REM,False,0.2753866040699444,0
20211015T231717 - 76b7d,764,REM,False,0.22969651068798824,0
20211015T231717 - 76b7d,765,REM,False,0.26922792211460583,0
20211015T231717 - 76b7d,766,REM,False,0.22314810645711292,0
20211015T231717 - 76b7d,767,REM,False,0.2567585378489822,0
20211015T231717 - 76b7d,768,REM,False,0.23432726729180792,0
20211015T231717 - 76b7d,769,REM,True,0.284834772218671,0
20211015T231717 - 76b7d,770,W,False,0.35378466154711896,0
20211015T231717 - 76b7d,771,W,False,0.23628296451071382,0
20211015T231717 - 76b7d,772,W,False,0.3568134693290934,0
20211015T231717 - 76b7d,773,N1,False,0.3655859646010115,0
20211015T231717 - 76b7d,774,N1,True,0.32455204318428577,0
20211015T231717 - 76b7d,775,N1,False,0.3357331222813243,0
20211015T231717 - 76b7d,776,N1,False,0.2974925724720474,0
20211015T231717 - 76b7d,777,N1,False,0.2649533143714892,0
20211015T231717 - 76b7d,778,N1,False,0.2533928241940668,0
20211015T231717 - 76b7d,779,N1,False,0.28459974002212024,0
20211015T231717 - 76b7d,780,N2,False,0.1924173446352257,0
20211015T231717 - 76b7d,781,N2,False,0.2731473996503553,0
20211015T231717 - 76b7d,782,N2,False,0.22629202377974672,0
20211015T231717 - 76b7d,783,N2,False,0.19664787565219363,0
20211015T231717 - 76b7d,784,N2,False,0.20534099269858264,0
20211021T225624 - a9b0b,0,W,False,0.21891811581500892,0
20211021T225624 - a9b0b,1,W,False,0.2179831682087244,0
20211021T225624 - a9b0b,2,W,False,0.14142407600708132,0
20211021T225624 - a9b0b,3,W,False,0.2503582444704778,0
20211021T225624 - a9b0b,4,W,False,0.2712399914321087,0
20211021T225624 - a9b0b,5,W,False,0.2209968775069723,0
20211021T225624 - a9b0b,6,W,False,0.17164738630844173,0
20211021T225624 - a9b0b,7,W,False,0.16850436917955938,0
20211021T225624 - a9b0b,8,W,False,0.1990079140967043,0
20211021T225624 - a9b0b,9,W,False,0.2992414248317424,0
20211021T225624 - a9b0b,10,W,False,0.25826740997605063,0
20211021T225624 - a9b0b,11,W,False,0.2179659313725969,0
20211021T225624 - a9b0b,12,W,False,0.19454509855623653,0
20211021T225624 - a9b0b,13,W,False,0.2968998133904886,0
20211021T225624 - a9b0b,14,W,False,0.2382108337350183,0
20211021T225624 - a9b0b,15,W,False,0.1889397308684155,0
20211021T225624 - a9b0b,16,W,False,0.1931233310020448,0
20211021T225624 - a9b0b,17,W,False,0.3450416166815304,0
20211021T225624 - a9b0b,18,W,False,0.16410453881115725,0
20211021T225624 - a9b0b,19,W,False,0.1455822783959957,0
20211021T225624 - a9b0b,20,W,False,0.22697698387291268,0
20211021T225624 - a9b0b,21,W,False,0.17646454737591452,0
20211021T225624 - a9b0b,22,W,False,0.20418035189467218,0
20211021T225624 - a9b0b,23,W,False,0.2082720450769551,0
20211021T225624 - a9b0b,24,W,False,0.18904929291250375,0
20211021T225624 - a9b0b,25,W,False,0.19620755135083112,0
20211021T225624 - a9b0b,26,W,False,0.25578660833854466,0
20211021T225624 - a9b0b,27,W,False,0.19472536186424746,0
20211021T225624 - a9b0b,28,W,False,0.15515195697869166,0
20211021T225624 - a9b0b,29,W,False,0.1501044735970012,0
20211021T225624 - a9b0b,30,W,False,0.21154058534097575,0
20211021T225624 - a9b0b,31,W,False,0.14323910815415272,0
20211021T225624 - a9b0b,32,W,False,0.3053977517408979,0
20211021T225624 - a9b0b,33,W,False,0.23264441035000696,0
20211021T225624 - a9b0b,34,W,False,0.1624333971653062,0
20211021T225624 - a9b0b,35,W,False,0.14446165330956823,0
20211021T225624 - a9b0b,36,W,False,0.2108406004795974,0
20211021T225624 - a9b0b,37,W,False,0.24150025568288128,0
20211021T225624 - a9b0b,38,W,False,0.2708606789337734,0
20211021T225624 - a9b0b,39,W,False,0.16041891519615412,0
20211021T225624 - a9b0b,40,W,False,0.24834178016088684,0
20211021T225624 - a9b0b,41,W,False,0.2050931311121441,0
20211021T225624 - a9b0b,42,W,False,0.2880944443318724,0
20211021T225624 - a9b0b,43,W,False,0.22933104878292912,0
20211021T225624 - a9b0b,44,W,False,0.16490840418129335,0
20211021T225624 - a9b0b,45,W,False,0.14883729879433483,0
20211021T225624 - a9b0b,46,W,False,0.21477408556092079,0
20211021T225624 - a9b0b,47,W,False,0.21363270092153502,0
20211021T225624 - a9b0b,48,W,False,0.15467888770254323,0
20211021T225624 - a9b0b,49,W,False,0.15308218178305286,0
20211021T225624 - a9b0b,50,W,False,0.1622237168613734,0
20211021T225624 - a9b0b,51,W,False,0.1525968123636085,0
20211021T225624 - a9b0b,52,W,False,0.23354434876449884,0
20211021T225624 - a9b0b,53,W,False,0.17973422124338995,0
20211021T225624 - a9b0b,54,W,False,0.2723253484152247,0
20211021T225624 - a9b0b,55,W,False,0.2682266748202649,0
20211021T225624 - a9b0b,56,W,False,0.2849384911157706,0
20211021T225624 - a9b0b,57,W,False,0.22767119902112845,0
20211021T225624 - a9b0b,58,W,False,0.2632601523628458,0
20211021T225624 - a9b0b,59,W,False,0.2712538317571904,0
20211021T225624 - a9b0b,60,W,False,0.19548929407011123,0
20211021T225624 - a9b0b,61,W,False,0.2530964447495606,0
20211021T225624 - a9b0b,62,W,False,0.29069218406177066,0
20211021T225624 - a9b0b,63,W,False,0.2576357278070286,0
20211021T225624 - a9b0b,64,W,False,0.2180758987625744,0
20211021T225624 - a9b0b,65,W,False,0.12565648567690865,0
20211021T225624 - a9b0b,66,W,False,0.152678445087099,0
20211021T225624 - a9b0b,67,W,False,0.1674591105125538,0
20211021T225624 - a9b0b,68,W,False,0.1857151493291488,0
20211021T225624 - a9b0b,69,W,False,0.14074998031751076,0
20211021T225624 - a9b0b,70,W,False,0.19790263710978157,0
20211021T225624 - a9b0b,71,W,False,0.21552518266350001,0
20211021T225624 - a9b0b,72,W,False,0.17216561841595313,0
20211021T225624 - a9b0b,73,W,False,0.15749958730756666,0
20211021T225624 - a9b0b,74,W,False,0.1706866067125197,0
20211021T225624 - a9b0b,75,W,False,0.1997518707604025,0
20211021T225624 - a9b0b,76,W,False,0.3238857132716227,0
20211021T225624 - a9b0b,77,W,False,0.31706730717845577,0
20211021T225624 - a9b0b,78,W,False,0.16216551949580676,0
20211021T225624 - a9b0b,79,W,False,0.17926005090774136,0
20211021T225624 - a9b0b,80,W,False,0.14893962089760865,0
20211021T225624 - a9b0b,81,W,False,0.13901526279143034,0
20211021T225624 - a9b0b,82,W,False,0.12493249198367459,0
20211021T225624 - a9b0b,83,W,False,0.17315186213053713,0
20211021T225624 - a9b0b,84,W,False,0.24640128672826608,0
20211021T225624 - a9b0b,85,W,False,0.11659326451785702,0
20211021T225624 - a9b0b,86,W,False,0.14658631050917892,0
20211021T225624 - a9b0b,87,W,False,0.198689825703971,0
20211021T225624 - a9b0b,88,W,False,0.16960518483223205,0
20211021T225624 - a9b0b,89,W,False,0.16647963499262847,0
20211021T225624 - a9b0b,90,W,False,0.16235661733034756,0
20211021T225624 - a9b0b,91,W,False,0.20187954564248234,0
20211021T225624 - a9b0b,92,W,False,0.2175245964709735,0
20211021T225624 - a9b0b,93,W,False,0.17170011881695615,0
20211021T225624 - a9b0b,94,W,False,0.17065237279825443,0
20211021T225624 - a9b0b,95,W,False,0.1659186880683163,0
20211021T225624 - a9b0b,96,W,False,0.16461209657533962,0
20211021T225624 - a9b0b,97,W,True,0.19456584702116758,0
20211021T225624 - a9b0b,98,N1,False,0.30006620621608476,0
20211021T225624 - a9b0b,99,W,False,0.21028835332097823,0
20211021T225624 - a9b0b,100,W,True,0.22971804195262652,0
20211021T225624 - a9b0b,101,N1,False,0.2648003742034842,0
20211021T225624 - a9b0b,102,N1,False,0.31267802344786877,0
20211021T225624 - a9b0b,103,N1,False,0.3503008989019146,0
20211021T225624 - a9b0b,104,N1,False,0.34863614562460526,0
20211021T225624 - a9b0b,105,N1,False,0.36977512212690217,0
20211021T225624 - a9b0b,106,N2,False,0.2621639154493352,0
20211021T225624 - a9b0b,107,N2,False,0.2488809949292907,0
20211021T225624 - a9b0b,108,N2,False,0.27131647990215585,0
20211021T225624 - a9b0b,109,N2,False,0.2526500796681526,0
20211021T225624 - a9b0b,110,N2,True,0.2556058988370161,0
20211021T225624 - a9b0b,111,N2,False,0.260368099709326,0
20211021T225624 - a9b0b,112,N1,False,0.3650762192451086,0
20211021T225624 - a9b0b,113,N1,False,0.31368543011715955,0
20211021T225624 - a9b0b,114,N2,False,0.20968193322339018,0
20211021T225624 - a9b0b,115,N2,False,0.2636521864321576,0
20211021T225624 - a9b0b,116,N2,False,0.2610071174263118,0
20211021T225624 - a9b0b,117,N2,False,0.2890302341104083,0
20211021T225624 - a9b0b,118,N2,False,0.2634431594117226,0
20211021T225624 - a9b0b,119,N2,False,0.3238963189077158,0
20211021T225624 - a9b0b,120,N2,False,0.25681599199079297,0
20211021T225624 - a9b0b,121,N2,False,0.2454645076047502,0
20211021T225624 - a9b0b,122,N2,False,0.2237357328324134,0
20211021T225624 - a9b0b,123,N2,False,0.23491589239861999,0
20211021T225624 - a9b0b,124,N2,False,0.26837703231594845,0
20211021T225624 - a9b0b,125,N2,False,0.30180380445109956,0
20211021T225624 - a9b0b,126,N2,False,0.26332472622981157,0
20211021T225624 - a9b0b,127,N2,False,0.23265528725881088,0
20211021T225624 - a9b0b,128,N2,False,0.22640054997084239,0
20211021T225624 - a9b0b,129,N2,False,0.23491157154621123,0
20211021T225624 - a9b0b,130,N2,False,0.24252973239342837,0
20211021T225624 - a9b0b,131,N2,False,0.23504009372592669,0
20211021T225624 - a9b0b,132,N2,False,0.2819012698991153,0
20211021T225624 - a9b0b,133,N2,False,0.27766307234974236,0
20211021T225624 - a9b0b,134,N2,False,0.2194967292164585,0
20211021T225624 - a9b0b,135,N2,False,0.1791705998585447,0
20211021T225624 - a9b0b,136,N2,False,0.2107346153190964,0
20211021T225624 - a9b0b,137,N2,False,0.23926656586093245,0
20211021T225624 - a9b0b,138,N2,False,0.2498219306283062,0
20211021T225624 - a9b0b,139,N2,False,0.2634942921614811,0
20211021T225624 - a9b0b,140,N2,False,0.26650458033756774,0
20211021T225624 - a9b0b,141,N2,False,0.2343014764014611,0
20211021T225624 - a9b0b,142,N2,False,0.23034334557644587,0
20211021T225624 - a9b0b,143,N2,False,0.24273237425696492,0
20211021T225624 - a9b0b,144,N2,False,0.19202255024200462,0
20211021T225624 - a9b0b,145,N2,False,0.23497673216285975,0
20211021T225624 - a9b0b,146,N2,False,0.22646283846241042,0
20211021T225624 - a9b0b,147,N2,False,0.23593515416980673,0
20211021T225624 - a9b0b,148,N2,False,0.22222264900587582,0
20211021T225624 - a9b0b,149,N2,False,0.25224950647098604,0
20211021T225624 - a9b0b,150,N2,False,0.2352372556942683,0
20211021T225624 - a9b0b,151,N2,False,0.20085297291507348,0
20211021T225624 - a9b0b,152,N2,False,0.20173804546250756,0
20211021T225624 - a9b0b,153,N2,False,0.17996264420112001,0
20211021T225624 - a9b0b,154,N2,False,0.2085091341145818,0
20211021T225624 - a9b0b,155,N2,False,0.2081977138305266,0
20211021T225624 - a9b0b,156,N2,False,0.2110987553128093,0
20211021T225624 - a9b0b,157,N2,False,0.21929067751711107,0
20211021T225624 - a9b0b,158,N2,False,0.2026588116722868,0
20211021T225624 - a9b0b,159,N2,False,0.21750672605801616,0
20211021T225624 - a9b0b,160,N2,False,0.2236303420562974,0
20211021T225624 - a9b0b,161,N2,False,0.19880026658000244,0
20211021T225624 - a9b0b,162,N2,False,0.2781519910157877,0
20211021T225624 - a9b0b,163,N2,False,0.23049203896274484,0
20211021T225624 - a9b0b,164,N2,False,0.2221701347170462,0
20211021T225624 - a9b0b,165,N2,False,0.21277142577063898,0
20211021T225624 - a9b0b,166,N2,False,0.23550087522306143,0
20211021T225624 - a9b0b,167,N2,False,0.22445314810354922,0
20211021T225624 - a9b0b,168,N2,False,0.20411268345834432,0
20211021T225624 - a9b0b,169,N2,False,0.19637114121451468,0
20211021T225624 - a9b0b,170,N2,False,0.19854859173996214,0
20211021T225624 - a9b0b,171,N2,False,0.22178725017821355,0
20211021T225624 - a9b0b,172,N2,False,0.18335356118007545,0
20211021T225624 - a9b0b,173,N2,False,0.20665119656865333,0
20211021T225624 - a9b0b,174,N2,False,0.1907278081373448,0
20211021T225624 - a9b0b,175,N2,False,0.21400252357455252,0
20211021T225624 - a9b0b,176,N2,False,0.1818315743518557,0
20211021T225624 - a9b0b,177,N2,False,0.18060419945662598,0
20211021T225624 - a9b0b,178,N2,False,0.2217572136538264,0
20211021T225624 - a9b0b,179,N2,False,0.2068292974408436,0
20211021T225624 - a9b0b,180,N2,False,0.18883455494111875,0
20211021T225624 - a9b0b,181,N2,False,0.20305813536776285,0
20211021T225624 - a9b0b,182,N2,False,0.2144094140732997,0
20211021T225624 - a9b0b,183,N2,False,0.2198600841472696,0
20211021T225624 - a9b0b,184,N2,False,0.20682772450877593,0
20211021T225624 - a9b0b,185,N2,False,0.21203827981969067,0
20211021T225624 - a9b0b,186,N2,False,0.22057724942569631,0
20211021T225624 - a9b0b,187,N2,False,0.18370411235473674,0
20211021T225624 - a9b0b,188,N2,False,0.18858034101420862,0
20211021T225624 - a9b0b,189,N2,False,0.21420008251594708,0
20211021T225624 - a9b0b,190,N2,False,0.18942845904119957,0
20211021T225624 - a9b0b,191,N2,False,0.21531312486177254,0
20211021T225624 - a9b0b,192,N2,False,0.21318463063897966,0
20211021T225624 - a9b0b,193,N2,False,0.2088379633341615,0
20211021T225624 - a9b0b,194,N2,False,0.22174718713284483,0
20211021T225624 - a9b0b,195,N2,False,0.18522881350119844,0
20211021T225624 - a9b0b,196,N2,False,0.16621834146563993,0
20211021T225624 - a9b0b,197,N2,False,0.1872552362810476,0
20211021T225624 - a9b0b,198,N2,False,0.17577114443809314,0
20211021T225624 - a9b0b,199,N2,False,0.2292304732832173,0
20211021T225624 - a9b0b,200,N2,False,0.19403737018924258,0
20211021T225624 - a9b0b,201,N2,False,0.21698584072812566,0
20211021T225624 - a9b0b,202,N2,False,0.23631414978065485,0
20211021T225624 - a9b0b,203,N2,False,0.1986983142238506,0
20211021T225624 - a9b0b,204,N2,False,0.2027313275943254,0
20211021T225624 - a9b0b,205,N2,False,0.24132529000089054,0
20211021T225624 - a9b0b,206,N2,False,0.1892416123093471,0
20211021T225624 - a9b0b,207,N2,False,0.20201534503297613,0
20211021T225624 - a9b0b,208,N2,False,0.20090212945453045,0
20211021T225624 - a9b0b,209,N2,False,0.20358320439186997,0
20211021T225624 - a9b0b,210,N2,False,0.18363797230098014,0
20211021T225624 - a9b0b,211,N2,False,0.21139824496146814,0
20211021T225624 - a9b0b,212,N2,False,0.22261070357984722,0
20211021T225624 - a9b0b,213,N2,False,0.2647975607376198,0
20211021T225624 - a9b0b,214,N2,False,0.22487119515736206,0
20211021T225624 - a9b0b,215,N2,False,0.1931928507843165,0
20211021T225624 - a9b0b,216,N2,False,0.18675988477623984,0
20211021T225624 - a9b0b,217,N2,False,0.22273707480978494,0
20211021T225624 - a9b0b,218,N2,True,0.19890655652467296,0
20211021T225624 - a9b0b,219,N2,True,0.24679105874031593,0
20211021T225624 - a9b0b,220,N1,False,0.32181303816683576,0
20211021T225624 - a9b0b,221,N1,True,0.3021500107105303,0
20211021T225624 - a9b0b,222,N1,True,0.3729398390934621,0
20211021T225624 - a9b0b,223,N1,False,0.31516896523980575,0
20211021T225624 - a9b0b,224,N1,False,0.31643029000723405,0
20211021T225624 - a9b0b,225,N1,False,0.36737966890596263,0
20211021T225624 - a9b0b,226,N1,False,0.273856504808495,0
20211021T225624 - a9b0b,227,N1,False,0.3354260454389151,0
20211021T225624 - a9b0b,228,N2,False,0.2276960384323545,0
20211021T225624 - a9b0b,229,N2,False,0.19956271450312485,0
20211021T225624 - a9b0b,230,N2,False,0.18472099223664643,0
20211021T225624 - a9b0b,231,N2,False,0.2576374270659456,0
20211021T225624 - a9b0b,232,N2,True,0.22091962362350498,0
20211021T225624 - a9b0b,233,N1,False,0.36927674507465835,0
20211021T225624 - a9b0b,234,N1,False,0.3680085271727102,0
20211021T225624 - a9b0b,235,N2,False,0.17673318855862985,0
20211021T225624 - a9b0b,236,N2,False,0.21382938486955738,0
20211021T225624 - a9b0b,237,N2,False,0.2629925082225001,0
20211021T225624 - a9b0b,238,N2,False,0.260038570749499,0
20211021T225624 - a9b0b,239,N2,False,0.24261852208930917,0
20211021T225624 - a9b0b,240,N2,False,0.226796876726523,0
20211021T225624 - a9b0b,241,N2,False,0.24232155697556393,0
20211021T225624 - a9b0b,242,N2,False,0.23284039021431663,0
20211021T225624 - a9b0b,243,N2,False,0.23294733113476046,0
20211021T225624 - a9b0b,244,N2,False,0.24929773612595413,0
20211021T225624 - a9b0b,245,N2,False,0.24858761879557542,0
20211021T225624 - a9b0b,246,N2,False,0.22074182187055758,0
20211021T225624 - a9b0b,247,N2,False,0.22915613330517715,0
20211021T225624 - a9b0b,248,N2,False,0.21316259575264315,0
20211021T225624 - a9b0b,249,N2,True,0.25655068283401755,0
20211021T225624 - a9b0b,250,N1,True,0.2963327416425423,0
20211021T225624 - a9b0b,251,N1,True,0.23548917726187185,0
20211021T225624 - a9b0b,252,N1,False,0.2962763045117951,0
20211021T225624 - a9b0b,253,N1,True,0.32937282871196283,0
20211021T225624 - a9b0b,254,W,False,0.2303588566658203,0
20211021T225624 - a9b0b,255,N1,True,0.36687660600254623,0
20211021T225624 - a9b0b,256,N1,True,0.4080300335574869,0
20211021T225624 - a9b0b,257,N1,False,0.3414609193420579,0
20211021T225624 - a9b0b,258,N1,False,0.3155100040446465,0
20211021T225624 - a9b0b,259,N1,False,0.2440196706900685,0
20211021T225624 - a9b0b,260,N1,True,0.2643214165412966,0
20211021T225624 - a9b0b,261,N1,True,0.3414702785318525,0
20211021T225624 - a9b0b,262,N1,False,0.30927507622572836,0
20211021T225624 - a9b0b,263,N1,False,0.26620963531715874,0
20211021T225624 - a9b0b,264,N1,False,0.3125112792531609,0
20211021T225624 - a9b0b,265,N2,False,0.25417020818931574,0
20211021T225624 - a9b0b,266,N2,False,0.18903636203395405,0
20211021T225624 - a9b0b,267,N2,False,0.18089953984506718,0
20211021T225624 - a9b0b,268,N2,False,0.23779237260114494,0
20211021T225624 - a9b0b,269,N2,False,0.19765186696138856,0
20211021T225624 - a9b0b,270,N2,False,0.21174432625728393,0
20211021T225624 - a9b0b,271,N2,False,0.17000864933603357,0
20211021T225624 - a9b0b,272,N2,False,0.1968895414150761,0
20211021T225624 - a9b0b,273,N2,False,0.21074027761359188,0
20211021T225624 - a9b0b,274,N2,False,0.18862429416524545,0
20211021T225624 - a9b0b,275,N2,False,0.23004514060155817,0
20211021T225624 - a9b0b,276,N2,False,0.2061488397406926,0
20211021T225624 - a9b0b,277,N2,False,0.21076272171762792,0
20211021T225624 - a9b0b,278,N2,False,0.20332425553455977,0
20211021T225624 - a9b0b,279,N2,False,0.2445612782232818,0
20211021T225624 - a9b0b,280,N2,False,0.23049929508571845,0
20211021T225624 - a9b0b,281,N2,False,0.1911225427719416,0
20211021T225624 - a9b0b,282,REM,True,0.26988080580012974,0
20211021T225624 - a9b0b,283,REM,False,0.39727331387487763,0
20211021T225624 - a9b0b,284,REM,False,0.3303790729299753,0
20211021T225624 - a9b0b,285,REM,True,0.30411912112875805,0
20211021T225624 - a9b0b,286,REM,False,0.2378908329025855,0
20211021T225624 - a9b0b,287,N1,False,0.34134621385152203,0
20211021T225624 - a9b0b,288,N1,True,0.29970081574399665,0
20211021T225624 - a9b0b,289,N2,False,0.21698028475354703,0
20211021T225624 - a9b0b,290,N1,False,0.32803803386067243,0
20211021T225624 - a9b0b,291,N1,False,0.3927886227307549,0
20211021T225624 - a9b0b,292,N2,False,0.19981592936104836,0
20211021T225624 - a9b0b,293,N2,False,0.29978904660987316,0
20211021T225624 - a9b0b,294,N2,False,0.21094903261701617,0
20211021T225624 - a9b0b,295,N2,False,0.2579825254968573,0
20211021T225624 - a9b0b,296,N2,True,0.21838840258255351,0
20211021T225624 - a9b0b,297,REM,False,0.28989113925787674,0
20211021T225624 - a9b0b,298,W,False,0.35293124743449494,0
20211021T225624 - a9b0b,299,N1,True,0.28038660925241826,0
20211021T225624 - a9b0b,300,W,False,0.23932875845362173,0
20211021T225624 - a9b0b,301,N1,True,0.35095155807654754,0
20211021T225624 - a9b0b,302,N1,False,0.34141844897220475,0
20211021T225624 - a9b0b,303,N1,False,0.2867479191414486,0
20211021T225624 - a9b0b,304,N1,False,0.33155342547623073,0
20211021T225624 - a9b0b,305,N1,False,0.2559147291777879,0
20211021T225624 - a9b0b,306,N1,False,0.3051184703244875,0
20211021T225624 - a9b0b,307,N2,False,0.19153866544989065,0
20211021T225624 - a9b0b,308,N2,False,0.2144883969385681,0
20211021T225624 - a9b0b,309,N2,False,0.17634422190465457,0
20211021T225624 - a9b0b,310,N2,True,0.2207179359210542,0
20211021T225624 - a9b0b,311,N2,False,0.2344306728402438,0
20211021T225624 - a9b0b,312,N1,False,0.2956236995466241,0
20211021T225624 - a9b0b,313,N2,False,0.24612032101697298,0
20211021T225624 - a9b0b,314,N2,False,0.22446403448800034,0
20211021T225624 - a9b0b,315,N2,True,0.2056080933447599,0
20211021T225624 - a9b0b,316,N1,False,0.3378381278441656,0
20211021T225624 - a9b0b,317,N1,True,0.3176150237816228,0
20211021T225624 - a9b0b,318,N1,True,0.2868739515812257,0
20211021T225624 - a9b0b,319,N1,False,0.2926788133477504,0
20211021T225624 - a9b0b,320,N1,False,0.3077618063319734,0
20211021T225624 - a9b0b,321,N2,False,0.2597377232583799,0
20211021T225624 - a9b0b,322,N2,False,0.21402979977550685,0
20211021T225624 - a9b0b,323,N2,False,0.16476391881637842,0
20211021T225624 - a9b0b,324,N2,False,0.18769616737317826,0
20211021T225624 - a9b0b,325,N2,False,0.2130380094697917,0
20211021T225624 - a9b0b,326,N2,False,0.19343860704457222,0
20211021T225624 - a9b0b,327,N2,False,0.22607558547683912,0
20211021T225624 - a9b0b,328,N2,False,0.22345832624590845,0
20211021T225624 - a9b0b,329,N2,False,0.20354334771464314,0
20211021T225624 - a9b0b,330,N2,False,0.24677047951775727,0
20211021T225624 - a9b0b,331,N2,False,0.22513330339548454,0
20211021T225624 - a9b0b,332,N2,False,0.23577087539700078,0
20211021T225624 - a9b0b,333,N2,False,0.20636111665787094,0
20211021T225624 - a9b0b,334,N2,False,0.20303315304323377,0
20211021T225624 - a9b0b,335,N2,False,0.17561063850560416,0
20211021T225624 - a9b0b,336,N2,False,0.22368106047749708,0
20211021T225624 - a9b0b,337,N2,False,0.2505588545716806,0
20211021T225624 - a9b0b,338,N2,True,0.20677965452735164,0
20211021T225624 - a9b0b,339,N2,False,0.35275190988714167,0
20211021T225624 - a9b0b,340,N1,True,0.3426669614487304,0
20211021T225624 - a9b0b,341,N1,True,0.3984921818899963,0
20211021T225624 - a9b0b,342,N1,False,0.3156471465647916,0
20211021T225624 - a9b0b,343,N1,False,0.336751073297674,0
20211021T225624 - a9b0b,344,N2,True,0.22108562149808653,0
20211021T225624 - a9b0b,345,N1,True,0.3046694160544161,0
20211021T225624 - a9b0b,346,N1,True,0.36275797445779867,0
20211021T225624 - a9b0b,347,N1,False,0.3458131984486498,0
20211021T225624 - a9b0b,348,N1,False,0.3407776479407803,0
20211021T225624 - a9b0b,349,N1,False,0.35175249879994913,0
20211021T225624 - a9b0b,350,N2,False,0.20984303471643326,0
20211021T225624 - a9b0b,351,N2,False,0.15459237136319415,0
20211021T225624 - a9b0b,352,N2,False,0.17940665875065304,0
20211021T225624 - a9b0b,353,N2,False,0.20108501725282676,0
20211021T225624 - a9b0b,354,N2,False,0.19552943788069668,0
20211021T225624 - a9b0b,355,N2,False,0.18737179902950327,0
20211021T225624 - a9b0b,356,N2,False,0.1652836604951533,0
20211021T225624 - a9b0b,357,N2,False,0.21646926740655087,0
20211021T225624 - a9b0b,358,N2,False,0.18344014731645739,0
20211021T225624 - a9b0b,359,N2,False,0.19148743430940965,0
20211021T225624 - a9b0b,360,N2,False,0.17588742932107082,0
20211021T225624 - a9b0b,361,N2,False,0.1935971291330846,0
20211021T225624 - a9b0b,362,N2,False,0.1699576346474734,0
20211021T225624 - a9b0b,363,N2,False,0.2047586734494811,0
20211021T225624 - a9b0b,364,N2,False,0.16076259404889806,0
20211021T225624 - a9b0b,365,N2,False,0.1924288062280594,0
20211021T225624 - a9b0b,366,N2,False,0.1531782855798495,0
20211021T225624 - a9b0b,367,N2,False,0.22908889161714258,0
20211021T225624 - a9b0b,368,N2,False,0.2377561738236636,0
20211021T225624 - a9b0b,369,N2,False,0.18961373255545894,0
20211021T225624 - a9b0b,370,REM,False,0.3546071923641401,0
20211021T225624 - a9b0b,371,REM,False,0.32835179677493104,0
20211021T225624 - a9b0b,372,REM,False,0.3331612827130213,0
20211021T225624 - a9b0b,373,REM,False,0.36329561624374973,0
20211021T225624 - a9b0b,374,REM,False,0.38168848969611935,0
20211021T225624 - a9b0b,375,REM,True,0.37951389318635037,0
20211021T225624 - a9b0b,376,REM,True,0.47494037286524593,0
20211021T225624 - a9b0b,377,N1,True,0.38875839540698715,0
20211021T225624 - a9b0b,378,N1,True,0.3130779827670359,0
20211021T225624 - a9b0b,379,N1,False,0.3790760181487574,0
20211021T225624 - a9b0b,380,W,True,0.2724409570382128,0
20211021T225624 - a9b0b,381,N1,True,0.30994109796874586,0
20211021T225624 - a9b0b,382,N1,False,0.29471429109159203,0
20211021T225624 - a9b0b,383,N1,False,0.30298367627159833,0
20211021T225624 - a9b0b,384,N1,False,0.24780967664476197,0
20211021T225624 - a9b0b,385,REM,False,0.2362008912738661,0
20211021T225624 - a9b0b,386,REM,False,0.25921443945382394,0
20211021T225624 - a9b0b,387,REM,False,0.2459781300312585,0
20211021T225624 - a9b0b,388,REM,False,0.2504569770859465,0
20211021T225624 - a9b0b,389,REM,False,0.2271296928044187,0
20211021T225624 - a9b0b,390,REM,False,0.19986642448248393,0
20211021T225624 - a9b0b,391,REM,False,0.20445225188320898,0
20211021T225624 - a9b0b,392,REM,False,0.24623473538849028,0
20211021T225624 - a9b0b,393,REM,False,0.20276920111442448,0
20211021T225624 - a9b0b,394,REM,False,0.21248257078000582,0
20211021T225624 - a9b0b,395,REM,False,0.20024591469868333,0
20211021T225624 - a9b0b,396,REM,False,0.26456414263252453,0
20211021T225624 - a9b0b,397,REM,False,0.17530149750718202,0
20211021T225624 - a9b0b,398,REM,False,0.25981947381954745,0
20211021T225624 - a9b0b,399,REM,False,0.21432268467934043,0
20211021T225624 - a9b0b,400,REM,False,0.21521499958702933,0
20211021T225624 - a9b0b,401,REM,True,0.21062255295479568,0
20211021T225624 - a9b0b,402,REM,False,0.25897611589622627,0
20211021T225624 - a9b0b,403,W,False,0.2847130647930076,0
20211021T225624 - a9b0b,404,W,True,0.22303183202984808,0
20211021T225624 - a9b0b,405,N1,False,0.28313586308088107,0
20211021T225624 - a9b0b,406,N1,True,0.34308502771602845,0
20211021T225624 - a9b0b,407,W,False,0.2585255055017056,0
20211021T225624 - a9b0b,408,N1,False,0.3381281103795676,0
20211021T225624 - a9b0b,409,N1,False,0.3276841024158271,0
20211021T225624 - a9b0b,410,N1,False,0.2423453150799145,0
20211021T225624 - a9b0b,411,N1,False,0.25762558180446365,0
20211021T225624 - a9b0b,412,N1,False,0.2373273494021151,0
20211021T225624 - a9b0b,413,N2,False,0.1818392159283058,0
20211021T225624 - a9b0b,414,N2,False,0.20892278280149562,0
20211021T225624 - a9b0b,415,N2,False,0.215027295640314,0
20211021T225624 - a9b0b,416,N2,False,0.19658515291632633,0
20211021T225624 - a9b0b,417,N2,False,0.25553830617449763,0
20211021T225624 - a9b0b,418,N2,False,0.25699119724147373,0
20211021T225624 - a9b0b,419,N2,False,0.22384737470934465,0
20211021T225624 - a9b0b,420,N2,False,0.20172821177550063,0
20211021T225624 - a9b0b,421,N2,False,0.2164754746028711,0
20211021T225624 - a9b0b,422,N2,False,0.21304583869635413,0
20211021T225624 - a9b0b,423,N2,False,0.21036543111617745,0
20211021T225624 - a9b0b,424,N2,False,0.2144706173011651,0
20211021T225624 - a9b0b,425,N2,False,0.21836231777722695,0
20211021T225624 - a9b0b,426,N2,False,0.18412635805537916,0
20211021T225624 - a9b0b,427,N2,False,0.20902110297744966,0
20211021T225624 - a9b0b,428,N2,False,0.241825122953873,0
20211021T225624 - a9b0b,429,N2,True,0.3221620756548097,0
20211021T225624 - a9b0b,430,N1,False,0.315836080053787,0
20211021T225624 - a9b0b,431,N2,False,0.19569247461000916,0
20211021T225624 - a9b0b,432,N2,True,0.2355124236628512,0
20211021T225624 - a9b0b,433,N1,False,0.38370810917425735,0
20211021T225624 - a9b0b,434,N2,False,0.26314415004273894,0
20211021T225624 - a9b0b,435,N2,False,0.19714331851478645,0
20211021T225624 - a9b0b,436,N2,False,0.19494795258004471,0
20211021T225624 - a9b0b,437,N2,False,0.2197892733453505,0
20211021T225624 - a9b0b,438,N2,False,0.20866002079551751,0
20211021T225624 - a9b0b,439,N2,False,0.1860397386714058,0
20211021T225624 - a9b0b,440,N2,False,0.228382065317568,0
20211021T225624 - a9b0b,441,N2,True,0.20875653542532238,0
20211021T225624 - a9b0b,442,N1,True,0.347144181604754,0
20211021T225624 - a9b0b,443,W,True,0.25224427395348703,0
20211021T225624 - a9b0b,444,N1,True,0.35740226924815305,0
20211021T225624 - a9b0b,445,N1,False,0.3128835099694678,0
20211021T225624 - a9b0b,446,N1,False,0.38862782614578556,0
20211021T225624 - a9b0b,447,N2,False,0.22807073092448743,0
20211021T225624 - a9b0b,448,N2,False,0.16921594065596918,0
20211021T225624 - a9b0b,449,N2,False,0.1717210241774441,0
20211021T225624 - a9b0b,450,N2,False,0.21501312470838202,0
20211021T225624 - a9b0b,451,N2,False,0.2232980832782783,0
20211021T225624 - a9b0b,452,N2,False,0.2124756594929195,0
20211021T225624 - a9b0b,453,N2,False,0.2842611080116407,0
20211021T225624 - a9b0b,454,N2,False,0.17828740521761954,0
20211021T225624 - a9b0b,455,N2,False,0.24544338243004243,0
20211021T225624 - a9b0b,456,N2,False,0.1929845422148822,0
20211021T225624 - a9b0b,457,N2,False,0.20428246336388786,0
20211021T225624 - a9b0b,458,N2,False,0.19776909279822996,0
20211021T225624 - a9b0b,459,N2,False,0.16262341243644635,0
20211021T225624 - a9b0b,460,N2,False,0.2202841750196933,0
20211021T225624 - a9b0b,461,N2,False,0.21745415524368092,0
20211021T225624 - a9b0b,462,N2,False,0.19794398935156732,0
20211021T225624 - a9b0b,463,N2,False,0.2090325278016106,0
20211021T225624 - a9b0b,464,N2,False,0.21953395418723232,0
20211021T225624 - a9b0b,465,N2,False,0.21930568393151456,0
20211021T225624 - a9b0b,466,N2,False,0.21859622066431814,0
20211021T225624 - a9b0b,467,N2,False,0.2331030751183851,0
20211021T225624 - a9b0b,468,N2,False,0.21710835692308617,0
20211021T225624 - a9b0b,469,N2,False,0.21235017731484862,0
20211021T225624 - a9b0b,470,N2,False,0.2322352988278778,0
20211021T225624 - a9b0b,471,N2,False,0.21639536263850256,0
20211021T225624 - a9b0b,472,N2,False,0.21850227897076863,0
20211021T225624 - a9b0b,473,N2,False,0.213983805572295,0
20211021T225624 - a9b0b,474,N2,False,0.21868783814990597,0
20211021T225624 - a9b0b,475,N2,False,0.2156930112681647,0
20211021T225624 - a9b0b,476,N2,False,0.21092349112894435,0
20211021T225624 - a9b0b,477,N2,False,0.22853271886649934,0
20211021T225624 - a9b0b,478,N2,False,0.2251898957167128,0
20211021T225624 - a9b0b,479,N2,False,0.23459269681526862,0
20211021T225624 - a9b0b,480,N2,False,0.23365960469675615,0
20211021T225624 - a9b0b,481,N2,False,0.22699683457259087,0
20211021T225624 - a9b0b,482,N2,False,0.24917866196574434,0
20211021T225624 - a9b0b,483,N2,False,0.2039813222551153,0
20211021T225624 - a9b0b,484,N2,False,0.2100578476729152,0
20211021T225624 - a9b0b,485,N2,False,0.20856233243330405,0
20211021T225624 - a9b0b,486,N2,False,0.21309824404207706,0
20211021T225624 - a9b0b,487,N2,False,0.26153319579541434,0
20211021T225624 - a9b0b,488,N2,False,0.23921344431866828,0
20211021T225624 - a9b0b,489,N2,False,0.21395246193606415,0
20211021T225624 - a9b0b,490,N2,False,0.23117647306424938,0
20211021T225624 - a9b0b,491,N2,False,0.2630560155442708,0
20211021T225624 - a9b0b,492,N2,False,0.24929481367240797,0
20211021T225624 - a9b0b,493,N2,False,0.21554435271849343,0
20211021T225624 - a9b0b,494,N2,False,0.24020737795870342,0
20211021T225624 - a9b0b,495,N2,False,0.2368671461627669,0
20211021T225624 - a9b0b,496,N2,False,0.23600238889580466,0
20211021T225624 - a9b0b,497,N2,False,0.22662966387434302,0
20211021T225624 - a9b0b,498,N2,False,0.21731246161760645,0
20211021T225624 - a9b0b,499,N2,False,0.21835483993543872,0
20211021T225624 - a9b0b,500,N2,False,0.22677453768083225,0
20211021T225624 - a9b0b,501,N2,False,0.2342341922877062,0
20211021T225624 - a9b0b,502,N2,False,0.19567500899082554,0
20211021T225624 - a9b0b,503,N2,False,0.23742706863630572,0
20211021T225624 - a9b0b,504,N2,False,0.19100838421787197,0
20211021T225624 - a9b0b,505,N2,False,0.2151225517280464,0
20211021T225624 - a9b0b,506,N2,False,0.17915247933373848,0
20211021T225624 - a9b0b,507,N2,False,0.2026277479213678,0
20211021T225624 - a9b0b,508,N2,False,0.2007034681873272,0
20211021T225624 - a9b0b,509,N2,False,0.15750415913636312,0
20211021T225624 - a9b0b,510,N2,False,0.2199945214005559,0
20211021T225624 - a9b0b,511,N2,False,0.18502836177046286,0
20211021T225624 - a9b0b,512,N2,False,0.2213541065542814,0
20211021T225624 - a9b0b,513,N2,False,0.18422020114447724,0
20211021T225624 - a9b0b,514,N2,True,0.14017713774834656,0
20211021T225624 - a9b0b,515,N2,False,0.2316083399676838,0
20211021T225624 - a9b0b,516,N2,True,0.2586212819578266,0
20211021T225624 - a9b0b,517,N2,False,0.19995021473286476,0
20211021T225624 - a9b0b,518,N1,True,0.3241813908449816,0
20211021T225624 - a9b0b,519,N1,True,0.4116950260411668,0
20211021T225624 - a9b0b,520,N1,True,0.3311301832064646,0
20211021T225624 - a9b0b,521,N1,True,0.31799903414115177,0
20211021T225624 - a9b0b,522,N1,False,0.33926755785983803,0
20211021T225624 - a9b0b,523,N2,False,0.2894963405152633,0
20211021T225624 - a9b0b,524,N2,True,0.1685131554065371,0
20211021T225624 - a9b0b,525,N2,False,0.22062093292203172,0
20211021T225624 - a9b0b,526,N1,True,0.3878528475317935,0
20211021T225624 - a9b0b,527,N1,True,0.3511155579196536,0
20211021T225624 - a9b0b,528,N1,False,0.33502923977676935,0
20211021T225624 - a9b0b,529,N1,False,0.2586933932871441,0
20211021T225624 - a9b0b,530,N2,False,0.28933385716082066,0
20211021T225624 - a9b0b,531,N2,False,0.2612991185255247,0
20211021T225624 - a9b0b,532,N2,False,0.19861631804047986,0
20211021T225624 - a9b0b,533,N2,False,0.24993602358932268,0
20211021T225624 - a9b0b,534,N2,False,0.19368884395864858,0
20211021T225624 - a9b0b,535,N2,False,0.18559209327336146,0
20211021T225624 - a9b0b,536,N2,False,0.17477615689167586,0
20211021T225624 - a9b0b,537,N2,False,0.1569386719571397,0
20211021T225624 - a9b0b,538,N2,False,0.18493475875357998,0
20211021T225624 - a9b0b,539,N2,False,0.2236523362795146,0
20211021T225624 - a9b0b,540,N2,False,0.2149535989137031,0
20211021T225624 - a9b0b,541,N2,False,0.19370574296666995,0
20211021T225624 - a9b0b,542,N2,False,0.1857575271231787,0
20211021T225624 - a9b0b,543,N2,False,0.18809434188358296,0
20211021T225624 - a9b0b,544,N2,False,0.21135749694335085,0
20211021T225624 - a9b0b,545,N2,False,0.2008560950425202,0
20211021T225624 - a9b0b,546,N2,False,0.23416407652422463,0
20211021T225624 - a9b0b,547,N2,False,0.16859877101619322,0
20211021T225624 - a9b0b,548,N2,False,0.17236497420573202,0
20211021T225624 - a9b0b,549,N2,False,0.22090354608760288,0
20211021T225624 - a9b0b,550,N2,False,0.17907790640986587,0
20211021T225624 - a9b0b,551,N2,False,0.2120899456507742,0
20211021T225624 - a9b0b,552,N2,False,0.19924442995320882,0
20211021T225624 - a9b0b,553,N2,False,0.18972251602737572,0
20211021T225624 - a9b0b,554,N2,False,0.18289686007515388,0
20211021T225624 - a9b0b,555,N2,False,0.2854989613251407,0
20211021T225624 - a9b0b,556,N2,False,0.316517238530293,0
20211021T225624 - a9b0b,557,N2,False,0.2651682910634491,0
20211021T225624 - a9b0b,558,REM,True,0.33791435853305074,0
20211021T225624 - a9b0b,559,N1,True,0.3767359694689232,0
20211021T225624 - a9b0b,560,N1,True,0.3241720902508895,0
20211021T225624 - a9b0b,561,N1,False,0.39473927156453487,0
20211021T225624 - a9b0b,562,N1,True,0.2563234320194301,0
20211021T225624 - a9b0b,563,N2,False,0.18433960915464476,0
20211021T225624 - a9b0b,564,N1,True,0.288154056812719,0
20211021T225624 - a9b0b,565,N1,False,0.32096221176788786,0
20211021T225624 - a9b0b,566,N1,True,0.3730143032187164,0
20211021T225624 - a9b0b,567,N2,False,0.2772668125704962,0
20211021T225624 - a9b0b,568,N1,True,0.3674616114511496,0
20211021T225624 - a9b0b,569,N1,True,0.30771154833537345,0
20211021T225624 - a9b0b,570,N2,True,0.3405182992594179,0
20211021T225624 - a9b0b,571,N1,False,0.32504112036678484,0
20211021T225624 - a9b0b,572,N1,False,0.29266096008260367,0
20211021T225624 - a9b0b,573,N2,False,0.2618450328212533,0
20211021T225624 - a9b0b,574,N2,False,0.15753202881306572,0
20211021T225624 - a9b0b,575,N2,False,0.23849440620095985,0
20211021T225624 - a9b0b,576,N2,False,0.20387115874812708,0
20211021T225624 - a9b0b,577,N2,False,0.18423725573678504,0
20211021T225624 - a9b0b,578,N2,False,0.14531137389801216,0
20211021T225624 - a9b0b,579,N2,False,0.19327252722190758,0
20211021T225624 - a9b0b,580,N2,False,0.1786503280569599,0
20211021T225624 - a9b0b,581,N2,False,0.21406282187730077,0
20211021T225624 - a9b0b,582,N2,False,0.21464902641105865,0
20211021T225624 - a9b0b,583,N2,False,0.24207920893577517,0
20211021T225624 - a9b0b,584,N2,False,0.2418145524876245,0
20211021T225624 - a9b0b,585,N2,False,0.18443293510188802,0
20211021T225624 - a9b0b,586,N2,False,0.21207237243211266,0
20211021T225624 - a9b0b,587,N2,False,0.23016705930440395,0
20211021T225624 - a9b0b,588,N2,False,0.19655068767950748,0
20211021T225624 - a9b0b,589,N2,False,0.2834532255300063,0
20211021T225624 - a9b0b,590,N2,False,0.20892357966284802,0
20211021T225624 - a9b0b,591,N2,False,0.2085204527713856,0
20211021T225624 - a9b0b,592,N2,False,0.18585938817205744,0
20211021T225624 - a9b0b,593,N2,False,0.1853305744131119,0
20211021T225624 - a9b0b,594,N2,False,0.1676902575802455,0
20211021T225624 - a9b0b,595,N2,False,0.20719202990737617,0
20211021T225624 - a9b0b,596,N2,False,0.1891347761127036,0
20211021T225624 - a9b0b,597,N2,False,0.20881965255374055,0
20211021T225624 - a9b0b,598,N2,False,0.24750950061869215,0
20211021T225624 - a9b0b,599,N2,False,0.2306726965451697,0
20211021T225624 - a9b0b,600,N2,False,0.23167017940039986,0
20211021T225624 - a9b0b,601,N2,False,0.26728905891800536,0
20211021T225624 - a9b0b,602,N2,False,0.21924564084427228,0
20211021T225624 - a9b0b,603,N2,False,0.2159906690345686,0
20211021T225624 - a9b0b,604,N2,False,0.19306687412834717,0
20211021T225624 - a9b0b,605,N2,False,0.19778032177531993,0
20211021T225624 - a9b0b,606,N2,False,0.1954431178832283,0
20211021T225624 - a9b0b,607,N2,False,0.21124918400379414,0
20211021T225624 - a9b0b,608,N2,False,0.20358704970400582,0
20211021T225624 - a9b0b,609,N2,False,0.21411479392802385,0
20211021T225624 - a9b0b,610,N2,False,0.20449910656225442,0
20211021T225624 - a9b0b,611,N2,False,0.19032657233017164,0
20211021T225624 - a9b0b,612,N2,False,0.17192195914055358,0
20211021T225624 - a9b0b,613,N2,False,0.179250505251952,0
20211021T225624 - a9b0b,614,N2,False,0.1616470521894792,0
20211021T225624 - a9b0b,615,N2,False,0.1759147037838849,0
20211021T225624 - a9b0b,616,N2,False,0.2847272840740666,0
20211021T225624 - a9b0b,617,N2,False,0.18944699573183066,0
20211021T225624 - a9b0b,618,N2,False,0.17788032547633442,0
20211021T225624 - a9b0b,619,N2,False,0.14557428288607646,0
20211021T225624 - a9b0b,620,N2,False,0.14855238472711277,0
20211021T225624 - a9b0b,621,N2,False,0.2262092243754927,0
20211021T225624 - a9b0b,622,N2,False,0.19738420683659968,0
20211021T225624 - a9b0b,623,N2,True,0.17649299767047633,0
20211021T225624 - a9b0b,624,N1,False,0.30560614916050177,0
20211021T225624 - a9b0b,625,N1,False,0.31929192506062415,0
20211021T225624 - a9b0b,626,REM,True,0.2534810984856561,0
20211021T225624 - a9b0b,627,REM,False,0.3794944105934345,0
20211021T225624 - a9b0b,628,W,False,0.32380555597084415,0
20211021T225624 - a9b0b,629,W,False,0.21695696304184356,0
20211021T225624 - a9b0b,630,W,True,0.18643062930173604,0
20211021T225624 - a9b0b,631,N1,True,0.3452006143893748,0
20211021T225624 - a9b0b,632,N1,True,0.3597236331348668,0
20211021T225624 - a9b0b,633,W,False,0.33689001900071547,0
20211021T225624 - a9b0b,634,N1,True,0.3381324902434024,0
20211021T225624 - a9b0b,635,N1,True,0.48284602298952295,0
20211021T225624 - a9b0b,636,N1,True,0.3962293495148135,0
20211021T225624 - a9b0b,637,N1,False,0.3652114187003622,0
20211021T225624 - a9b0b,638,W,True,0.3736489436509132,0
20211021T225624 - a9b0b,639,N1,True,0.3441705767231518,0
20211021T225624 - a9b0b,640,N1,True,0.30195404987480406,0
20211021T225624 - a9b0b,641,N1,False,0.3857061540088376,0
20211021T225624 - a9b0b,642,N2,False,0.26013879784955257,0
20211021T225624 - a9b0b,643,N2,False,0.19895281630283632,0
20211021T225624 - a9b0b,644,N2,False,0.24769408518749553,0
20211021T225624 - a9b0b,645,N2,False,0.18834463427622467,0
20211021T225624 - a9b0b,646,N2,True,0.2110318359014728,0
20211021T225624 - a9b0b,647,N2,False,0.2737847984563192,0
20211021T225624 - a9b0b,648,N1,False,0.24431083337693577,0
20211021T225624 - a9b0b,649,REM,False,0.2509604123599767,0
20211021T225624 - a9b0b,650,REM,False,0.3502182898274802,0
20211021T225624 - a9b0b,651,REM,False,0.24965014561318422,0
20211021T225624 - a9b0b,652,REM,True,0.424176796032408,0
20211021T225624 - a9b0b,653,REM,False,0.39033385118934333,0
20211021T225624 - a9b0b,654,W,False,0.3620500386213659,0
20211021T225624 - a9b0b,655,N1,True,0.3171988046600739,0
20211021T225624 - a9b0b,656,N1,True,0.44004592476715304,0
20211021T225624 - a9b0b,657,N1,False,0.3589262021790293,0
20211021T225624 - a9b0b,658,N1,True,0.2939047541989611,0
20211021T225624 - a9b0b,659,W,False,0.3121134422979006,0
20211021T225624 - a9b0b,660,W,True,0.27697376368682397,0
20211021T225624 - a9b0b,661,N1,False,0.34577368544345616,0
20211021T225624 - a9b0b,662,N1,False,0.26160225418713723,0
20211021T225624 - a9b0b,663,REM,False,0.26766332925707803,0
20211021T225624 - a9b0b,664,REM,False,0.3832774759777361,0
20211021T225624 - a9b0b,665,REM,False,0.34450529431689814,0
20211021T225624 - a9b0b,666,REM,False,0.3831987098221808,0
20211021T225624 - a9b0b,667,REM,True,0.33541769130095633,0
20211021T225624 - a9b0b,668,REM,False,0.39545266667039586,0
20211021T225624 - a9b0b,669,REM,False,0.37454218705091713,0
20211021T225624 - a9b0b,670,REM,True,0.36505991936219756,0
20211021T225624 - a9b0b,671,REM,False,0.48482159090800164,0
20211021T225624 - a9b0b,672,REM,True,0.35204281400128196,0
20211021T225624 - a9b0b,673,REM,False,0.29962420735197814,0
20211021T225624 - a9b0b,674,REM,False,0.31554131541992436,0
20211021T225624 - a9b0b,675,REM,False,0.28476317956880914,0
20211021T225624 - a9b0b,676,REM,True,0.29230741401527,0
20211021T225624 - a9b0b,677,REM,False,0.3505710276397091,0
20211021T225624 - a9b0b,678,W,False,0.3715725990761898,0
20211021T225624 - a9b0b,679,REM,False,0.2276889337275403,0
20211021T225624 - a9b0b,680,REM,False,0.27037083635783943,0
20211021T225624 - a9b0b,681,REM,True,0.302812853066169,0
20211021T225624 - a9b0b,682,W,False,0.3106976379787434,0
20211021T225624 - a9b0b,683,REM,True,0.295831547021104,0
20211021T225624 - a9b0b,684,REM,True,0.22229603764553402,0
20211021T225624 - a9b0b,685,REM,False,0.24332416327956516,0
20211021T225624 - a9b0b,686,REM,False,0.18153611368968614,0
20211021T225624 - a9b0b,687,REM,True,0.18569797741505034,0
20211021T225624 - a9b0b,688,REM,False,0.1943627847529444,0
20211021T225624 - a9b0b,689,REM,False,0.3105597959848069,0
20211021T225624 - a9b0b,690,REM,False,0.2016063655596857,0
20211021T225624 - a9b0b,691,REM,True,0.25487741593456814,0
20211021T225624 - a9b0b,692,REM,False,0.24837769930151224,0
20211021T225624 - a9b0b,693,REM,True,0.29793013595332807,0
20211021T225624 - a9b0b,694,REM,False,0.3403428903245058,0
20211021T225624 - a9b0b,695,N1,False,0.3867318380100278,0
20211021T225624 - a9b0b,696,N1,False,0.32469169530253417,0
20211021T225624 - a9b0b,697,N1,False,0.28112128068660763,0
20211021T225624 - a9b0b,698,N2,False,0.29149201917849354,0
20211021T225624 - a9b0b,699,REM,False,0.2840729899890499,0
20211021T225624 - a9b0b,700,REM,False,0.4150562548230047,0
20211021T225624 - a9b0b,701,REM,False,0.36639537229994107,0
20211021T225624 - a9b0b,702,REM,False,0.40749088312786663,0
20211021T225624 - a9b0b,703,REM,True,0.29538004356871395,0
20211021T225624 - a9b0b,704,REM,True,0.2959730476729888,0
20211021T225624 - a9b0b,705,N1,False,0.3639715983369196,0
20211021T225624 - a9b0b,706,N1,False,0.26398555233096144,0
20211021T225624 - a9b0b,707,REM,False,0.23075520203299185,0
20211021T225624 - a9b0b,708,REM,False,0.17755610814676875,0
20211021T225624 - a9b0b,709,REM,False,0.23595693818804894,0
20211021T225624 - a9b0b,710,REM,False,0.19607741721151373,0
20211021T225624 - a9b0b,711,REM,True,0.3128693960221655,0
20211021T225624 - a9b0b,712,W,False,0.48861919167946566,0
20211021T225624 - a9b0b,713,N1,True,0.38247053403750675,0
20211021T225624 - a9b0b,714,N1,False,0.38206830413335163,0
20211021T225624 - a9b0b,715,N1,True,0.40940995978225336,0
20211021T225624 - a9b0b,716,N1,False,0.319939205743102,0
20211021T225624 - a9b0b,717,N1,False,0.26229131190609023,0
20211021T225624 - a9b0b,718,N1,False,0.24580746547102703,0
20211021T225624 - a9b0b,719,N2,False,0.19525669673132287,0
20211021T225624 - a9b0b,720,N2,False,0.13584960160360784,0
20211021T225624 - a9b0b,721,N2,False,0.2042111059396321,0
20211021T225624 - a9b0b,722,REM,False,0.20919079653743844,0
20211021T225624 - a9b0b,723,REM,False,0.3332492513977217,0
20211021T225624 - a9b0b,724,REM,False,0.27383736211340837,0
20211021T225624 - a9b0b,725,REM,False,0.37914307361014465,0
20211021T225624 - a9b0b,726,REM,False,0.42907049202661135,0
20211021T225624 - a9b0b,727,REM,False,0.4561931339369209,0
20211021T225624 - a9b0b,728,REM,True,0.4482829010444658,0
20211021T225624 - a9b0b,729,REM,False,0.43343083543338135,0
20211021T225624 - a9b0b,730,W,False,0.4104771586736346,0
20211021T225624 - a9b0b,731,N1,True,0.3571336410620428,0
20211021T225624 - a9b0b,732,W,True,0.2928267246439105,0
20211021T225624 - a9b0b,733,N1,False,0.3420470013171997,0
20211021T225624 - a9b0b,734,REM,False,0.19396890392607394,0
20211021T225624 - a9b0b,735,REM,False,0.21810409281423224,0
20211021T225624 - a9b0b,736,REM,True,0.2553852632032849,0
20211021T225624 - a9b0b,737,REM,True,0.4109426048859202,0
20211021T225624 - a9b0b,738,REM,True,0.4345857297845944,0
20211021T225624 - a9b0b,739,REM,False,0.26489331746093053,0
20211021T225624 - a9b0b,740,REM,True,0.2734067311076373,0
20211021T225624 - a9b0b,741,REM,False,0.2615046304118616,0
20211021T225624 - a9b0b,742,REM,False,0.22858751714228806,0
20211021T225624 - a9b0b,743,REM,True,0.24951149829301958,0
20211021T225624 - a9b0b,744,REM,False,0.35947739197262085,0
20211021T225624 - a9b0b,745,REM,False,0.3196932431819177,0
20211021T225624 - a9b0b,746,REM,False,0.29600675111838515,0
20211021T225624 - a9b0b,747,REM,False,0.287578562559383,0
20211021T225624 - a9b0b,748,REM,True,0.3301499525802997,0
20211021T225624 - a9b0b,749,REM,False,0.21565966579480467,0
20211021T225624 - a9b0b,750,REM,False,0.2960734676394328,0
20211021T225624 - a9b0b,751,REM,False,0.2532268240331699,0
20211021T225624 - a9b0b,752,REM,False,0.2965880387015047,0
20211021T225624 - a9b0b,753,REM,False,0.4411286664221393,0
20211021T225624 - a9b0b,754,REM,False,0.3028308418583532,0
20211021T225624 - a9b0b,755,REM,False,0.259303750150059,0
20211021T225624 - a9b0b,756,REM,False,0.3073532795220698,0
20211021T225624 - a9b0b,757,REM,True,0.36965124244361647,0
20211021T225624 - a9b0b,758,REM,False,0.509743878317977,1
20211021T225624 - a9b0b,759,W,False,0.306237520034511,0
20211021T225624 - a9b0b,760,N1,True,0.28456997386856925,0
20211021T225624 - a9b0b,761,N1,False,0.27715389728102563,0
20211021T225624 - a9b0b,762,N1,False,0.30156731267102144,0
20211021T225624 - a9b0b,763,N1,False,0.24804478272682487,0
20211021T225624 - a9b0b,764,N1,False,0.2831840857281669,0
20211021T225624 - a9b0b,765,N2,False,0.2078688222389153,0
20211021T225624 - a9b0b,766,N2,False,0.19127403066241944,0
20211021T225624 - a9b0b,767,N2,False,0.2202478818787389,0
20211021T225624 - a9b0b,768,N2,False,0.17242754868109247,0
20211021T225624 - a9b0b,769,N2,True,0.21260884649607387,0
20211021T225624 - a9b0b,770,N2,False,0.24090726417114441,0
20211021T225624 - a9b0b,771,N1,False,0.3670105789782469,0
20211021T225624 - a9b0b,772,N1,False,0.29412563210331716,0
20211021T225624 - a9b0b,773,N2,False,0.23136508162029787,0
20211021T225624 - a9b0b,774,N2,False,0.31036183075989543,0
20211021T225624 - a9b0b,775,N2,False,0.2822764731809816,0
20211021T225624 - a9b0b,776,N2,False,0.2309038488099637,0
20211021T225624 - a9b0b,777,N2,False,0.27399668131885513,0
20211116T222752 - f4d06,0,W,False,0.2609981051911383,0
20211116T222752 - f4d06,1,W,False,0.2073169876652016,0
20211116T222752 - f4d06,2,W,False,0.20459812963472895,0
20211116T222752 - f4d06,3,W,False,0.25879556509249824,0
20211116T222752 - f4d06,4,W,False,0.1937954730590895,0
20211116T222752 - f4d06,5,N1,False,0.1783003966265924,0
20211116T222752 - f4d06,6,N1,False,0.20737063479459328,0
20211116T222752 - f4d06,7,N1,True,0.24710226921831258,0
20211116T222752 - f4d06,8,N1,False,0.32965999619898584,0
20211116T222752 - f4d06,9,N1,False,0.26115405259666585,0
20211116T222752 - f4d06,10,N1,False,0.32933020772856253,0
20211116T222752 - f4d06,11,N2,False,0.26188322580157086,0
20211116T222752 - f4d06,12,N2,False,0.25377804649429314,0
20211116T222752 - f4d06,13,N2,False,0.23935251865071122,0
20211116T222752 - f4d06,14,N2,False,0.21267929129835694,0
20211116T222752 - f4d06,15,N2,False,0.18938896849336864,0
20211116T222752 - f4d06,16,N2,False,0.20765585774803902,0
20211116T222752 - f4d06,17,N2,False,0.2267319437388042,0
20211116T222752 - f4d06,18,N2,False,0.2156380125651953,0
20211116T222752 - f4d06,19,N2,False,0.20776237491037575,0
20211116T222752 - f4d06,20,N2,False,0.22348973526385243,0
20211116T222752 - f4d06,21,N2,False,0.20578401747195577,0
20211116T222752 - f4d06,22,N2,False,0.19890721607564812,0
20211116T222752 - f4d06,23,N2,False,0.20509087065163453,0
20211116T222752 - f4d06,24,N2,False,0.19968733808417227,0
20211116T222752 - f4d06,25,N2,False,0.20169693162373342,0
20211116T222752 - f4d06,26,N2,False,0.19490838093860574,0
20211116T222752 - f4d06,27,N2,False,0.17816362386168685,0
20211116T222752 - f4d06,28,N2,False,0.18494089599869562,0
20211116T222752 - f4d06,29,N2,False,0.1974897302205308,0
20211116T222752 - f4d06,30,N2,True,0.18951396547682905,0
20211116T222752 - f4d06,31,N2,False,0.312461576979194,0
20211116T222752 - f4d06,32,W,False,0.17316709132091668,0
20211116T222752 - f4d06,33,W,False,0.18336402046926586,0
20211116T222752 - f4d06,34,W,True,0.17639143394271392,0
20211116T222752 - f4d06,35,N1,False,0.19602812912487022,0
20211116T222752 - f4d06,36,N1,True,0.23347008523459192,0
20211116T222752 - f4d06,37,N1,True,0.19893137389251675,0
20211116T222752 - f4d06,38,N1,False,0.23270230812397108,0
20211116T222752 - f4d06,39,N1,True,0.22017372040158828,0
20211116T222752 - f4d06,40,N1,True,0.22647760025762767,0
20211116T222752 - f4d06,41,N1,True,0.3453531095984016,0
20211116T222752 - f4d06,42,N1,True,0.25098107028053773,0
20211116T222752 - f4d06,43,N2,False,0.27246012628662725,0
20211116T222752 - f4d06,44,N1,True,0.3366843155644823,0
20211116T222752 - f4d06,45,N1,False,0.33970623163587454,0
20211116T222752 - f4d06,46,N2,True,0.2786573084866839,0
20211116T222752 - f4d06,47,N1,False,0.44461996885024524,0
20211116T222752 - f4d06,48,N2,True,0.3143693606369742,0
20211116T222752 - f4d06,49,N2,True,0.5676184290613605,1
20211116T222752 - f4d06,50,N2,False,0.3049766587778293,0
20211116T222752 - f4d06,51,W,False,0.44724300158179764,0
20211116T222752 - f4d06,52,N1,False,0.2421088983939955,0
20211116T222752 - f4d06,53,N2,False,0.20376846868912224,0
20211116T222752 - f4d06,54,N2,False,0.23442664178812678,0
20211116T222752 - f4d06,55,N2,False,0.21280266729636282,0
20211116T222752 - f4d06,56,N2,False,0.2008586322648657,0
20211116T222752 - f4d06,57,N2,False,0.23531185018154868,0
20211116T222752 - f4d06,58,N2,False,0.17518311675451329,0
20211116T222752 - f4d06,59,N2,False,0.20978298282723348,0
20211116T222752 - f4d06,60,N2,False,0.18033570635233967,0
20211116T222752 - f4d06,61,N2,False,0.252446258222592,0
20211116T222752 - f4d06,62,N2,True,0.28204516593793355,0
20211116T222752 - f4d06,63,N2,False,0.29962505088164026,0
20211116T222752 - f4d06,64,N1,True,0.2731841612074893,0
20211116T222752 - f4d06,65,N1,False,0.30138709409065534,0
20211116T222752 - f4d06,66,N1,False,0.29643344538213684,0
20211116T222752 - f4d06,67,N1,False,0.2564820023081233,0
20211116T222752 - f4d06,68,N2,False,0.23029415746934526,0
20211116T222752 - f4d06,69,N2,False,0.21999603032746162,0
20211116T222752 - f4d06,70,N2,False,0.23267340053639365,0
20211116T222752 - f4d06,71,N2,False,0.35039504269156735,0
20211116T222752 - f4d06,72,N2,False,0.19262723555455985,0
20211116T222752 - f4d06,73,N2,False,0.19184013414879897,0
20211116T222752 - f4d06,74,N2,False,0.21515100367100387,0
20211116T222752 - f4d06,75,N2,False,0.1775572461071609,0
20211116T222752 - f4d06,76,N2,False,0.18830787664949697,0
20211116T222752 - f4d06,77,N2,False,0.18150315106203568,0
20211116T222752 - f4d06,78,N2,False,0.1723428372767226,0
20211116T222752 - f4d06,79,N2,False,0.1905681594631109,0
20211116T222752 - f4d06,80,N2,False,0.20233833064320997,0
20211116T222752 - f4d06,81,N2,False,0.17596513917074405,0
20211116T222752 - f4d06,82,N2,False,0.18507137008775948,0
20211116T222752 - f4d06,83,N2,False,0.16470827324271056,0
20211116T222752 - f4d06,84,N2,True,0.20551250771689678,0
20211116T222752 - f4d06,85,N1,True,0.23070339265424683,0
20211116T222752 - f4d06,86,N1,True,0.29587663381775137,0
20211116T222752 - f4d06,87,N1,False,0.2740129683630455,0
20211116T222752 - f4d06,88,N2,True,0.2637815950157658,0
20211116T222752 - f4d06,89,N2,True,0.22628121836285467,0
20211116T222752 - f4d06,90,N1,False,0.28470964616551997,0
20211116T222752 - f4d06,91,N1,True,0.24352706794091186,0
20211116T222752 - f4d06,92,N2,True,0.267544777075928,0
20211116T222752 - f4d06,93,N1,False,0.25420172695718324,0
20211116T222752 - f4d06,94,N2,False,0.26115970457906096,0
20211116T222752 - f4d06,95,N2,False,0.2650647974866286,0
20211116T222752 - f4d06,96,N2,False,0.3170110719253049,0
20211116T222752 - f4d06,97,N2,False,0.22963777774194213,0
20211116T222752 - f4d06,98,N2,False,0.24967886755318663,0
20211116T222752 - f4d06,99,N2,True,0.23381941985847618,0
20211116T222752 - f4d06,100,N2,False,0.23251007738407176,0
20211116T222752 - f4d06,101,N2,True,0.27089065359727593,0
20211116T222752 - f4d06,102,N1,False,0.4105332621597305,0
20211116T222752 - f4d06,103,N2,False,0.2582890256692217,0
20211116T222752 - f4d06,104,REM,True,0.27645921371283194,0
20211116T222752 - f4d06,105,REM,True,0.5063565282437807,1
20211116T222752 - f4d06,106,REM,True,0.37892392419500387,0
20211116T222752 - f4d06,107,REM,False,0.281001439107951,0
20211116T222752 - f4d06,108,REM,True,0.2982988422339404,0
20211116T222752 - f4d06,109,W,False,0.46557600024369383,0
20211116T222752 - f4d06,110,N1,True,0.2794618638198995,0
20211116T222752 - f4d06,111,N1,False,0.43626238311012594,0
20211116T222752 - f4d06,112,N1,True,0.34838257665286965,0
20211116T222752 - f4d06,113,N1,False,0.4230368024714631,0
20211116T222752 - f4d06,114,REM,False,0.38536884202854327,0
20211116T222752 - f4d06,115,REM,True,0.5522202510202344,1
20211116T222752 - f4d06,116,REM,False,0.4356231688995601,0
20211116T222752 - f4d06,117,REM,True,0.2917322375474981,0
20211116T222752 - f4d06,118,REM,True,0.49198596061486055,0
20211116T222752 - f4d06,119,REM,False,0.27876417828539574,0
20211116T222752 - f4d06,120,REM,True,0.5229366824413682,1
20211116T222752 - f4d06,121,REM,True,0.44189427710533563,0
20211116T222752 - f4d06,122,REM,False,0.5007968997996116,1
20211116T222752 - f4d06,123,REM,False,0.4805497380184498,0
20211116T222752 - f4d06,124,REM,True,0.27525251700759595,0
20211116T222752 - f4d06,125,W,False,0.463335118129006,0
20211116T222752 - f4d06,126,REM,True,0.2835218376646925,0
20211116T222752 - f4d06,127,REM,False,0.4632399438048958,0
20211116T222752 - f4d06,128,REM,True,0.482123367838816,0
20211116T222752 - f4d06,129,REM,False,0.2790794029513902,0
20211116T222752 - f4d06,130,REM,True,0.27400096042889105,0
20211116T222752 - f4d06,131,REM,False,0.5538882058665631,1
20211116T222752 - f4d06,132,REM,False,0.5023211500035503,1
20211116T222752 - f4d06,133,REM,False,0.28750193315103734,0
20211116T222752 - f4d06,134,REM,True,0.35423000195147514,0
20211116T222752 - f4d06,135,REM,False,0.46929533648128374,0
20211116T222752 - f4d06,136,REM,False,0.40735098425854466,0
20211116T222752 - f4d06,137,REM,True,0.4824684961430872,0
20211116T222752 - f4d06,138,REM,False,0.5307470569523265,1
20211116T222752 - f4d06,139,REM,True,0.291579037312991,0
20211116T222752 - f4d06,140,REM,False,0.5310011715320612,1
20211116T222752 - f4d06,141,REM,True,0.3906346115484945,0
20211116T222752 - f4d06,142,REM,False,0.5587410073116156,1
20211116T222752 - f4d06,143,REM,True,0.35910256256581746,0
20211116T222752 - f4d06,144,REM,False,0.493499869906636,0
20211116T222752 - f4d06,145,REM,True,0.4146923016969329,0
20211116T222752 - f4d06,146,REM,False,0.31593931015628185,0
20211116T222752 - f4d06,147,REM,True,0.45141610675772076,0
20211116T222752 - f4d06,148,REM,False,0.38996225600344725,0
20211116T222752 - f4d06,149,REM,False,0.5224755174590257,1
20211116T222752 - f4d06,150,REM,True,0.3265654209223349,0
20211116T222752 - f4d06,151,REM,False,0.5074217958195627,1
20211116T222752 - f4d06,152,REM,False,0.35647452845906874,0
20211116T222752 - f4d06,153,REM,False,0.5750424813309906,1
20211116T222752 - f4d06,154,REM,False,0.3605633227006044,0
20211116T222752 - f4d06,155,REM,True,0.5035957018043998,1
20211116T222752 - f4d06,156,REM,False,0.5746372141179665,1
20211116T222752 - f4d06,157,REM,True,0.3951169452236205,0
20211116T222752 - f4d06,158,REM,False,0.4767118377587323,0
20211116T222752 - f4d06,159,REM,False,0.3285261702837648,0
20211116T222752 - f4d06,160,REM,False,0.3695267698814609,0
20211116T222752 - f4d06,161,REM,True,0.49674187583568924,0
20211116T222752 - f4d06,162,REM,False,0.5170043539579003,1
20211116T222752 - f4d06,163,N1,False,0.5172150635296745,1
20211116T222752 - f4d06,164,N1,True,0.30132252789283265,0
20211116T222752 - f4d06,165,N1,False,0.46257963338353814,0
20211116T222752 - f4d06,166,N1,True,0.29601884571585435,0
20211116T222752 - f4d06,167,W,False,0.36930311964600543,0
20211116T222752 - f4d06,168,N1,False,0.30500301842497707,0
20211116T222752 - f4d06,169,N2,True,0.3874022530652998,0
20211116T222752 - f4d06,170,N2,False,0.37872073465626976,0
20211116T222752 - f4d06,171,N1,False,0.34804164911203,0
20211116T222752 - f4d06,172,REM,True,0.3560308207036168,0
20211116T222752 - f4d06,173,REM,True,0.542568889154148,1
20211116T222752 - f4d06,174,REM,False,0.2987431873415969,0
20211116T222752 - f4d06,175,N1,True,0.32492932974646893,0
20211116T222752 - f4d06,176,N1,True,0.3506539437311132,0
20211116T222752 - f4d06,177,N2,False,0.2839550988253534,0
20211116T222752 - f4d06,178,N1,False,0.4531307615009689,0
20211116T222752 - f4d06,179,N2,False,0.274673365004076,0
20211116T222752 - f4d06,180,N2,False,0.33042274324334153,0
20211116T222752 - f4d06,181,N2,True,0.3381373393200834,0
20211116T222752 - f4d06,182,N2,True,0.3402326977901843,0
20211116T222752 - f4d06,183,N1,False,0.32014586895961045,0
20211116T222752 - f4d06,184,N2,False,0.25912225798439315,0
20211116T222752 - f4d06,185,N2,False,0.3116851206456197,0
20211116T222752 - f4d06,186,N2,True,0.3817095875858548,0
20211116T222752 - f4d06,187,N2,True,0.3681055597087156,0
20211116T222752 - f4d06,188,N1,False,0.2853587784330291,0
20211116T222752 - f4d06,189,N1,False,0.2961841212907123,0
20211116T222752 - f4d06,190,N2,False,0.34235740113259927,0
20211116T222752 - f4d06,191,N2,False,0.2801601738353052,0
20211116T222752 - f4d06,192,N2,False,0.3186929160677072,0
20211116T222752 - f4d06,193,N2,False,0.2770437931589107,0
20211116T222752 - f4d06,194,N2,False,0.2876534199451553,0
20211116T222752 - f4d06,195,N2,False,0.2686600692890947,0
20211116T222752 - f4d06,196,N2,False,0.2836112112190133,0
20211116T222752 - f4d06,197,N2,False,0.30431609999026454,0
20211116T222752 - f4d06,198,N2,False,0.27607195338069723,0
20211116T222752 - f4d06,199,N2,False,0.3084627135638824,0
20211116T222752 - f4d06,200,N2,False,0.20759717234632316,0
20211116T222752 - f4d06,201,N2,False,0.277226578987343,0
20211116T222752 - f4d06,202,N2,False,0.1728671442898212,0
20211116T222752 - f4d06,203,N2,False,0.28486869612476395,0
20211116T222752 - f4d06,204,N2,False,0.31614060289678214,0
20211116T222752 - f4d06,205,N2,False,0.2515012483429989,0
20211116T222752 - f4d06,206,N2,False,0.22383914869489202,0
20211116T222752 - f4d06,207,N2,False,0.24171811069547564,0
20211116T222752 - f4d06,208,N2,False,0.24329760850213386,0
20211116T222752 - f4d06,209,N2,False,0.25582118778329715,0
20211116T222752 - f4d06,210,N2,False,0.2941877807082134,0
20211116T222752 - f4d06,211,N2,False,0.240986663097539,0
20211116T222752 - f4d06,212,N2,False,0.2726230227388892,0
20211116T222752 - f4d06,213,N2,False,0.24505859855875012,0
20211116T222752 - f4d06,214,N2,False,0.2546133605704223,0
20211116T222752 - f4d06,215,N2,False,0.21164788334806797,0
20211116T222752 - f4d06,216,N2,False,0.29300688699993327,0
20211116T222752 - f4d06,217,N2,False,0.1836098823841546,0
20211116T222752 - f4d06,218,N2,False,0.23806924145654892,0
20211116T222752 - f4d06,219,N2,False,0.20155982490784796,0
20211116T222752 - f4d06,220,N2,False,0.20870111017256562,0
20211116T222752 - f4d06,221,N2,False,0.3125256111186788,0
20211116T222752 - f4d06,222,N2,False,0.25938747516741417,0
20211116T222752 - f4d06,223,N2,False,0.24837846524204313,0
20211116T222752 - f4d06,224,N2,False,0.24946759249658482,0
20211116T222752 - f4d06,225,N2,False,0.21500409125486428,0
20211116T222752 - f4d06,226,N2,True,0.2482495696415185,0
20211116T222752 - f4d06,227,N2,True,0.2962557953536951,0
20211116T222752 - f4d06,228,N1,False,0.32832949894837704,0
20211116T222752 - f4d06,229,N1,True,0.32366510310611873,0
20211116T222752 - f4d06,230,N2,False,0.2953936502294183,0
20211116T222752 - f4d06,231,N1,True,0.265333429743991,0
20211116T222752 - f4d06,232,N2,False,0.3195303579253616,0
20211116T222752 - f4d06,233,N1,True,0.3289104939351941,0
20211116T222752 - f4d06,234,N1,False,0.32569080749750257,0
20211116T222752 - f4d06,235,N1,False,0.3710849809358298,0
20211116T222752 - f4d06,236,N2,True,0.24292572916847038,0
20211116T222752 - f4d06,237,N2,False,0.2766025271551542,0
20211116T222752 - f4d06,238,N1,True,0.21103708930335968,0
20211116T222752 - f4d06,239,N2,False,0.26326387041575905,0
20211116T222752 - f4d06,240,N2,False,0.2824289597816509,0
20211116T222752 - f4d06,241,N2,False,0.4070279554913916,0
20211116T222752 - f4d06,242,N2,False,0.26116805038151497,0
20211116T222752 - f4d06,243,N2,False,0.2915533178774086,0
20211116T222752 - f4d06,244,N2,False,0.27731769477411644,0
20211116T222752 - f4d06,245,N2,False,0.21817253595242536,0
20211116T222752 - f4d06,246,N2,True,0.2855665689656073,0
20211116T222752 - f4d06,247,N2,False,0.28460146716352364,0
20211116T222752 - f4d06,248,W,True,0.23699657261777762,0
20211116T222752 - f4d06,249,N1,True,0.282735686548355,0
20211116T222752 - f4d06,250,N1,True,0.35227533651707615,0
20211116T222752 - f4d06,251,N2,False,0.44021578323643923,0
20211116T222752 - f4d06,252,N1,True,0.3459729191440012,0
20211116T222752 - f4d06,253,N2,False,0.4818423921505859,0
20211116T222752 - f4d06,254,N2,False,0.4377806289661106,0
20211116T222752 - f4d06,255,N2,False,0.365705937918863,0
20211116T222752 - f4d06,256,N2,False,0.3414430010795408,0
20211116T222752 - f4d06,257,N2,False,0.27392911351345456,0
20211116T222752 - f4d06,258,N2,False,0.3139529477637107,0
20211116T222752 - f4d06,259,N2,False,0.3659755022324258,0
20211116T222752 - f4d06,260,N2,False,0.23945768980463072,0
20211116T222752 - f4d06,261,N2,False,0.3765556475207522,0
20211116T222752 - f4d06,262,N2,False,0.3135092991560125,0
20211116T222752 - f4d06,263,N2,False,0.2858637776103087,0
20211116T222752 - f4d06,264,N2,False,0.20175078840644717,0
20211116T222752 - f4d06,265,N2,False,0.23370761018308112,0
20211116T222752 - f4d06,266,N2,False,0.2517079384991532,0
20211116T222752 - f4d06,267,N2,False,0.23901261958985626,0
20211116T222752 - f4d06,268,N2,False,0.26027657814949196,0
20211116T222752 - f4d06,269,N2,False,0.2639365863324974,0
20211116T222752 - f4d06,270,N2,False,0.24249986936872742,0
20211116T222752 - f4d06,271,N2,False,0.25399485675905464,0
20211116T222752 - f4d06,272,N2,False,0.3001914414010226,0
20211116T222752 - f4d06,273,N2,False,0.28538720277624446,0
20211116T222752 - f4d06,274,N2,False,0.374096075972734,0
20211116T222752 - f4d06,275,N2,False,0.22398587440557818,0
20211116T222752 - f4d06,276,N2,False,0.29130452839187304,0
20211116T222752 - f4d06,277,N2,False,0.2261489117417919,0
20211116T222752 - f4d06,278,N2,False,0.22758748708326926,0
20211116T222752 - f4d06,279,N2,False,0.19837803106916194,0
20211116T222752 - f4d06,280,N2,True,0.26339462599715324,0
20211116T222752 - f4d06,281,N1,True,0.3666627251724812,0
20211116T222752 - f4d06,282,N1,False,0.34262543951993363,0
20211116T222752 - f4d06,283,W,True,0.45777448642517243,0
20211116T222752 - f4d06,284,N1,True,0.30787230317838327,0
20211116T222752 - f4d06,285,N1,False,0.30239113530400913,0
20211116T222752 - f4d06,286,W,False,0.3496540503479513,0
20211116T222752 - f4d06,287,N1,False,0.30417596458764995,0
20211116T222752 - f4d06,288,N1,False,0.3718951604144513,0
20211116T222752 - f4d06,289,N2,False,0.3396825971141418,0
20211116T222752 - f4d06,290,N2,False,0.26926777404912783,0
20211116T222752 - f4d06,291,N2,True,0.2574828612557459,0
20211116T222752 - f4d06,292,N2,False,0.3023334285868753,0
20211116T222752 - f4d06,293,N1,False,0.29827558647985286,0
20211116T222752 - f4d06,294,N2,False,0.32699731029870244,0
20211116T222752 - f4d06,295,N2,True,0.3311152515352566,0
20211116T222752 - f4d06,296,N1,False,0.29942040755548893,0
20211116T222752 - f4d06,297,N2,True,0.2722477863784375,0
20211116T222752 - f4d06,298,N2,True,0.2684463981531724,0
20211116T222752 - f4d06,299,N1,False,0.2221340585502432,0
20211116T222752 - f4d06,300,N2,True,0.2704350850217468,0
20211116T222752 - f4d06,301,N2,True,0.3590744536125379,0
20211116T222752 - f4d06,302,N1,True,0.2693150761668463,0
20211116T222752 - f4d06,303,N2,False,0.3172738520618452,0
20211116T222752 - f4d06,304,N2,True,0.29907573678089006,0
20211116T222752 - f4d06,305,N1,False,0.34695846078849935,0
20211116T222752 - f4d06,306,N2,False,0.25231228179604587,0
20211116T222752 - f4d06,307,N2,True,0.28675561865202953,0
20211116T222752 - f4d06,308,N2,False,0.32009596105030197,0
20211116T222752 - f4d06,309,N1,False,0.30582566818563484,0
20211116T222752 - f4d06,310,N2,False,0.29040600461410615,0
20211116T222752 - f4d06,311,N2,False,0.28808632431248593,0
20211116T222752 - f4d06,312,N2,True,0.2885678416006976,0
20211116T222752 - f4d06,313,N2,False,0.2712777996562643,0
20211116T222752 - f4d06,314,N2,False,0.19747434105686412,0
20211116T222752 - f4d06,315,N2,False,0.2476894805906786,0
20211116T222752 - f4d06,316,REM,True,0.32616445141557326,0
20211116T222752 - f4d06,317,REM,False,0.442076069202418,0
20211116T222752 - f4d06,318,REM,False,0.27860113708073253,0
20211116T222752 - f4d06,319,REM,False,0.46718494530753135,0
20211116T222752 - f4d06,320,REM,False,0.37022086839297536,0
20211116T222752 - f4d06,321,REM,False,0.38200746496680615,0
20211116T222752 - f4d06,322,REM,False,0.4556295165249037,0
20211116T222752 - f4d06,323,REM,False,0.342782273221815,0
20211116T222752 - f4d06,324,REM,True,0.45001669962243973,0
20211116T222752 - f4d06,325,REM,True,0.3682895087385386,0
20211116T222752 - f4d06,326,REM,False,0.30578016466880364,0
20211116T222752 - f4d06,327,REM,True,0.262175803053818,0
20211116T222752 - f4d06,328,REM,True,0.2780978368304415,0
20211116T222752 - f4d06,329,REM,False,0.2713677569172565,0
20211116T222752 - f4d06,330,REM,True,0.3399790319331721,0
20211116T222752 - f4d06,331,REM,False,0.542735537724514,1
20211116T222752 - f4d06,332,REM,True,0.32698513678273017,0
20211116T222752 - f4d06,333,REM,False,0.3948809190310414,0
20211116T222752 - f4d06,334,REM,False,0.32802584272926055,0
20211116T222752 - f4d06,335,REM,True,0.49022357858863486,0
20211116T222752 - f4d06,336,REM,False,0.4985186092001473,0
20211116T222752 - f4d06,337,REM,True,0.29414078872389565,0
20211116T222752 - f4d06,338,REM,False,0.4800390077482383,0
20211116T222752 - f4d06,339,REM,True,0.4432832591337542,0
20211116T222752 - f4d06,340,REM,False,0.38557112426893553,0
20211116T222752 - f4d06,341,REM,True,0.2840909186494771,0
20211116T222752 - f4d06,342,REM,False,0.4428373191948021,0
20211116T222752 - f4d06,343,REM,False,0.44984231015906234,0
20211116T222752 - f4d06,344,REM,True,0.2924829635151503,0
20211116T222752 - f4d06,345,REM,False,0.44907992757495235,0
20211116T222752 - f4d06,346,N1,False,0.48265381746082925,0
20211116T222752 - f4d06,347,N1,True,0.32710821617452773,0
20211116T222752 - f4d06,348,W,False,0.40286371412136035,0
20211116T222752 - f4d06,349,N1,False,0.32317316342919433,0
20211116T222752 - f4d06,350,N1,False,0.34508346185368155,0
20211116T222752 - f4d06,351,N1,True,0.31707071334490505,0
20211116T222752 - f4d06,352,N1,False,0.4657099139130082,0
20211116T222752 - f4d06,353,N1,False,0.42351537443757353,0
20211116T222752 - f4d06,354,N1,True,0.2834281267285315,0
20211116T222752 - f4d06,355,W,False,0.48456293177622095,0
20211116T222752 - f4d06,356,N1,True,0.3133693551145202,0
20211116T222752 - f4d06,357,N2,False,0.4829179130787377,0
20211116T222752 - f4d06,358,N1,False,0.3408341631615906,0
20211116T222752 - f4d06,359,N2,True,0.34831804839830843,0
20211116T222752 - f4d06,360,N2,False,0.35400879546328895,0
20211116T222752 - f4d06,361,N1,True,0.3871648116550927,0
20211116T222752 - f4d06,362,N2,False,0.3363508431444871,0
20211116T222752 - f4d06,363,W,True,0.2705504812111249,0
20211116T222752 - f4d06,364,N1,False,0.2606508438851678,0
20211116T222752 - f4d06,365,N2,False,0.35350083761679957,0
20211116T222752 - f4d06,366,N2,True,0.2724896820963461,0
20211116T222752 - f4d06,367,N1,False,0.4218603786623892,0
20211116T222752 - f4d06,368,N2,True,0.26747192463964725,0
20211116T222752 - f4d06,369,N1,True,0.40292766360331134,0
20211116T222752 - f4d06,370,N2,False,0.2509466107707227,0
20211116T222752 - f4d06,371,N1,True,0.3666679021777474,0
20211116T222752 - f4d06,372,N1,False,0.27551559556586774,0
20211116T222752 - f4d06,373,N1,True,0.4665942651927743,0
20211116T222752 - f4d06,374,N1,False,0.36640573517622194,0
20211116T222752 - f4d06,375,N2,True,0.25405655417611767,0
20211116T222752 - f4d06,376,W,False,0.3841713280940977,0
20211116T222752 - f4d06,377,N1,True,0.3128080107254744,0
20211116T222752 - f4d06,378,N1,False,0.4544635236856873,0
20211116T222752 - f4d06,379,N2,False,0.3092525908212425,0
20211116T222752 - f4d06,380,N2,False,0.32535596296161146,0
20211116T222752 - f4d06,381,N2,False,0.31353458798349154,0
20211116T222752 - f4d06,382,N2,False,0.251845573473685,0
20211116T222752 - f4d06,383,N2,False,0.29659669226432944,0
20211116T222752 - f4d06,384,N2,True,0.26775464125564175,0
20211116T222752 - f4d06,385,N1,True,0.38271790640943393,0
20211116T222752 - f4d06,386,N1,False,0.359641667627612,0
20211116T222752 - f4d06,387,N1,True,0.277055254672451,0
20211116T222752 - f4d06,388,N2,False,0.42291965096716055,0
20211116T222752 - f4d06,389,N1,False,0.324370007903951,0
20211116T222752 - f4d06,390,N1,True,0.35669981400184964,0
20211116T222752 - f4d06,391,N2,False,0.4240126586560244,0
20211116T222752 - f4d06,392,N2,True,0.3447902436533583,0
20211116T222752 - f4d06,393,N2,True,0.4423944372464424,0
20211116T222752 - f4d06,394,N1,False,0.3582977412410917,0
20211116T222752 - f4d06,395,N2,False,0.42214959304619754,0
20211116T222752 - f4d06,396,N2,False,0.3479110085372761,0
20211116T222752 - f4d06,397,N2,False,0.29985222195445516,0
20211116T222752 - f4d06,398,N2,False,0.3702794380083163,0
20211116T222752 - f4d06,399,N2,False,0.319117172411066,0
20211116T222752 - f4d06,400,N2,False,0.35083668695405534,0
20211116T222752 - f4d06,401,N2,False,0.32359921837892824,0
20211116T222752 - f4d06,402,N2,False,0.27610117548368884,0
20211116T222752 - f4d06,403,N2,False,0.4327630557832374,0
20211116T222752 - f4d06,404,N2,True,0.29322605857429995,0
20211116T222752 - f4d06,405,N1,False,0.3954222947156694,0
20211116T222752 - f4d06,406,N1,False,0.34638619819067773,0
20211116T222752 - f4d06,407,N2,True,0.3447772651904071,0
20211116T222752 - f4d06,408,N2,False,0.35600999480245393,0
20211116T222752 - f4d06,409,N1,True,0.29214381795783245,0
20211116T222752 - f4d06,410,N2,False,0.4041539521471259,0
20211116T222752 - f4d06,411,W,False,0.48894932103381206,0
20211116T222752 - f4d06,412,W,False,0.2425314165250726,0
20211116T222752 - f4d06,413,N1,True,0.28951362247614243,0
20211116T222752 - f4d06,414,N1,True,0.3866439357327786,0
20211116T222752 - f4d06,415,N1,True,0.30945559463750666,0
20211116T222752 - f4d06,416,N1,False,0.4152215798124195,0
20211116T222752 - f4d06,417,N1,False,0.30614639213629113,0
20211116T222752 - f4d06,418,N2,False,0.4331463140100571,0
20211116T222752 - f4d06,419,N2,False,0.3653655082478398,0
20211116T222752 - f4d06,420,N2,False,0.3383371605560007,0
20211116T222752 - f4d06,421,N2,False,0.32470426674971975,0
20211116T222752 - f4d06,422,N2,False,0.3282277430859512,0
20211116T222752 - f4d06,423,N2,False,0.3790207369863658,0
20211116T222752 - f4d06,424,N2,False,0.30700310187869745,0
20211116T222752 - f4d06,425,N2,False,0.3861487055129167,0
20211116T222752 - f4d06,426,N2,False,0.2542530354230027,0
20211116T222752 - f4d06,427,N2,False,0.304777305843765,0
20211116T222752 - f4d06,428,N2,False,0.2811826081533224,0
20211116T222752 - f4d06,429,N2,False,0.3105111346757628,0
20211116T222752 - f4d06,430,N2,False,0.1973206397652328,0
20211116T222752 - f4d06,431,N2,False,0.2880350488736316,0
20211116T222752 - f4d06,432,N2,False,0.29080742089770806,0
20211116T222752 - f4d06,433,N2,False,0.32538642744938767,0
20211116T222752 - f4d06,434,N2,False,0.309362107856066,0
20211116T222752 - f4d06,435,N2,False,0.24954404173859082,0
20211116T222752 - f4d06,436,N2,False,0.22145923620749858,0
20211116T222752 - f4d06,437,N2,False,0.3086602495913543,0
20211116T222752 - f4d06,438,N2,False,0.26601917135858727,0
20211116T222752 - f4d06,439,N2,False,0.21944722119756058,0
20211116T222752 - f4d06,440,N2,False,0.24579363037934432,0
20211116T222752 - f4d06,441,N2,False,0.21404960848875088,0
20211116T222752 - f4d06,442,N2,False,0.2414189116482861,0
20211116T222752 - f4d06,443,N2,False,0.22631988398621375,0
20211116T222752 - f4d06,444,N2,False,0.2502555302531336,0
20211116T222752 - f4d06,445,N2,False,0.27026217297486893,0
20211116T222752 - f4d06,446,N2,False,0.28620093165143023,0
20211116T222752 - f4d06,447,N2,False,0.2921250509731872,0
20211116T222752 - f4d06,448,N2,False,0.21439021676190553,0
20211116T222752 - f4d06,449,N2,False,0.2482221063458888,0
20211116T222752 - f4d06,450,N2,True,0.2542185853385702,0
20211116T222752 - f4d06,451,N2,True,0.39394272261996494,0
20211116T222752 - f4d06,452,N1,True,0.2438880500132471,0
20211116T222752 - f4d06,453,N1,False,0.31267061391758294,0
20211116T222752 - f4d06,454,N1,True,0.448377047905173,0
20211116T222752 - f4d06,455,N1,False,0.3877028914829549,0
20211116T222752 - f4d06,456,N1,False,0.3455637834141936,0
20211116T222752 - f4d06,457,N2,True,0.34936848677530835,0
20211116T222752 - f4d06,458,N2,True,0.36574731035893104,0
20211116T222752 - f4d06,459,N1,True,0.39751536209919114,0
20211116T222752 - f4d06,460,N1,True,0.3765196782766676,0
20211116T222752 - f4d06,461,N1,False,0.3534478662887566,0
20211116T222752 - f4d06,462,N1,True,0.33149715467591256,0
20211116T222752 - f4d06,463,N1,False,0.34501319360773924,0
20211116T222752 - f4d06,464,N1,True,0.32556896708823324,0
20211116T222752 - f4d06,465,N1,True,0.4362543208147969,0
20211116T222752 - f4d06,466,N1,False,0.352394027295048,0
20211116T222752 - f4d06,467,W,False,0.41129403702585066,0
20211116T222752 - f4d06,468,N1,False,0.357454350540844,0
20211116T222752 - f4d06,469,N1,False,0.3615414455171561,0
20211116T222752 - f4d06,470,N2,True,0.35304108204427537,0
20211116T222752 - f4d06,471,N2,False,0.4813792956202569,0
20211116T222752 - f4d06,472,N1,True,0.4154266647133484,0
20211116T222752 - f4d06,473,N1,True,0.4594541343321694,0
20211116T222752 - f4d06,474,N1,False,0.3344783039338637,0
20211116T222752 - f4d06,475,N1,True,0.3202030400382547,0
20211116T222752 - f4d06,476,W,False,0.49823979348456526,0
20211116T222752 - f4d06,477,N1,False,0.3696414728188261,0
20211116T222752 - f4d06,478,N1,False,0.35395296396093884,0
20211116T222752 - f4d06,479,N2,False,0.3685937785753296,0
20211116T222752 - f4d06,480,REM,False,0.3105281609990492,0
20211116T222752 - f4d06,481,REM,True,0.5167964874500391,1
20211116T222752 - f4d06,482,REM,False,0.5312479257884495,1
20211116T222752 - f4d06,483,REM,True,0.31917060298184513,0
20211116T222752 - f4d06,484,REM,False,0.5355003668739442,1
20211116T222752 - f4d06,485,REM,False,0.3693363345384084,0
20211116T222752 - f4d06,486,REM,True,0.41302403636993856,0
20211116T222752 - f4d06,487,REM,False,0.5395058098190794,1
20211116T222752 - f4d06,488,REM,False,0.39155457868132537,0
20211116T222752 - f4d06,489,REM,False,0.45791126467358123,0
20211116T222752 - f4d06,490,REM,True,0.5466202563138893,1
20211116T222752 - f4d06,491,REM,False,0.5228558138353804,1
20211116T222752 - f4d06,492,REM,True,0.3553136514831817,0
20211116T222752 - f4d06,493,REM,True,0.42475327851978584,0
20211116T222752 - f4d06,494,REM,True,0.3350090392275408,0
20211116T222752 - f4d06,495,REM,False,0.3948347158188916,0
20211116T222752 - f4d06,496,REM,True,0.3429970439297487,0
20211116T222752 - f4d06,497,REM,False,0.4945271526918851,0
20211116T222752 - f4d06,498,W,False,0.4933077260624028,0
20211116T222752 - f4d06,499,REM,True,0.3904065348958745,0
20211116T222752 - f4d06,500,W,True,0.5183319933317574,1
20211116T222752 - f4d06,501,REM,True,0.330799964711149,0
20211116T222752 - f4d06,502,REM,False,0.3627422510135563,0
20211116T222752 - f4d06,503,REM,True,0.3431644921727972,0
20211116T222752 - f4d06,504,REM,True,0.5097910146752946,1
20211116T222752 - f4d06,505,REM,False,0.34898139156291585,0
20211116T222752 - f4d06,506,REM,False,0.3335653684392637,0
20211116T222752 - f4d06,507,REM,True,0.44605635547334066,0
20211116T222752 - f4d06,508,W,False,0.5262976785736838,1
20211116T222752 - f4d06,509,N1,False,0.4178159505105249,0
20211116T222752 - f4d06,510,REM,True,0.34041433131796794,0
20211116T222752 - f4d06,511,REM,False,0.5210502555910748,1
20211116T222752 - f4d06,512,REM,False,0.3505271946042846,0
20211116T222752 - f4d06,513,REM,True,0.5098850982495846,1
20211116T222752 - f4d06,514,REM,True,0.5236539111781326,1
20211116T222752 - f4d06,515,REM,False,0.40857587341878643,0
20211116T222752 - f4d06,516,REM,False,0.4444935442826384,0
20211116T222752 - f4d06,517,REM,True,0.39483388563466015,0
20211116T222752 - f4d06,518,REM,False,0.5143783299891728,1
20211116T222752 - f4d06,519,REM,False,0.39164975941224156,0
20211116T222752 - f4d06,520,REM,True,0.28304629342691323,0
20211116T222752 - f4d06,521,REM,False,0.49896485350224246,0
20211116T222752 - f4d06,522,W,True,0.5277669985042147,1
20211116T222752 - f4d06,523,N1,False,0.267403440552113,0
20211116T222752 - f4d06,524,N1,True,0.27068100258012423,0
20211116T222752 - f4d06,525,N1,False,0.39357871301295233,0
20211116T222752 - f4d06,526,N1,False,0.4154357303934438,0
20211116T222752 - f4d06,527,REM,False,0.34610194346999457,0
20211116T222752 - f4d06,528,REM,True,0.2751785722230497,0
20211116T222752 - f4d06,529,REM,False,0.4034241728279401,0
20211116T222752 - f4d06,530,REM,False,0.3506732412796004,0
20211116T222752 - f4d06,531,REM,True,0.4911147777700458,0
20211116T222752 - f4d06,532,REM,True,0.5074919642445892,1
20211116T222752 - f4d06,533,REM,True,0.3236586671460708,0
20211116T222752 - f4d06,534,REM,False,0.304892306527427,0
20211116T222752 - f4d06,535,N1,True,0.38068371432361375,0
20211116T222752 - f4d06,536,N1,False,0.44978679369799807,0
20211116T222752 - f4d06,537,N2,False,0.35459122001623905,0
20211116T222752 - f4d06,538,N2,True,0.325455125641204,0
20211116T222752 - f4d06,539,N1,False,0.4390700271110621,0
20211116T222752 - f4d06,540,N1,False,0.31508717853318624,0
20211116T222752 - f4d06,541,REM,True,0.42543099466926876,0
20211116T222752 - f4d06,542,W,False,0.5119894534006382,1
20211116T222752 - f4d06,543,REM,True,0.34965602579066385,0
20211116T222752 - f4d06,544,REM,True,0.4382880443058618,0
20211116T222752 - f4d06,545,REM,False,0.3698769396503034,0
20211116T222752 - f4d06,546,REM,True,0.4778718330173235,0
20211116T222752 - f4d06,547,REM,False,0.3400331356434227,0
20211116T222752 - f4d06,548,REM,False,0.36392277819798324,0
20211116T222752 - f4d06,549,REM,True,0.33483645940730816,0
20211116T222752 - f4d06,550,REM,False,0.4266604487889177,0
20211116T222752 - f4d06,551,REM,True,0.4783167455252497,0
20211116T222752 - f4d06,552,REM,False,0.35579475320276005,0
20211116T222752 - f4d06,553,W,False,0.4628895460504481,0
20211116T222752 - f4d06,554,N1,True,0.32595675338688324,0
20211116T222752 - f4d06,555,N1,True,0.30310869567046256,0
20211116T222752 - f4d06,556,N1,False,0.40132611439256577,0
20211116T222752 - f4d06,557,N1,False,0.39852808765885167,0
20211116T222752 - f4d06,558,REM,False,0.34632835427282516,0
20211116T222752 - f4d06,559,REM,True,0.5488137958986622,1
20211116T222752 - f4d06,560,REM,True,0.5424555494844744,1
20211116T222752 - f4d06,561,REM,False,0.44169717736214004,0
20211116T222752 - f4d06,562,REM,True,0.34280481343797853,0
20211116T222752 - f4d06,563,REM,True,0.4859551804803284,0
20211116T222752 - f4d06,564,REM,False,0.42946704964632687,0
20211116T222752 - f4d06,565,REM,True,0.3793496407204714,0
20211116T222752 - f4d06,566,REM,False,0.4906186871376938,0
20211116T222752 - f4d06,567,REM,False,0.5193016218126935,1
20211116T222752 - f4d06,568,REM,True,0.3439161741402448,0
20211116T222752 - f4d06,569,REM,False,0.5517815685172165,1
20211116T222752 - f4d06,570,REM,True,0.5163432323294697,1
20211116T222752 - f4d06,571,REM,False,0.3668863425745305,0
20211116T222752 - f4d06,572,REM,True,0.3883955379244137,0
20211116T222752 - f4d06,573,W,False,0.4371505732887049,0
20211116T222752 - f4d06,574,W,True,0.27947573273226245,0
20211116T222752 - f4d06,575,N1,False,0.2047543474671816,0
20211116T222752 - f4d06,576,N1,True,0.3218949370418008,0
20211116T222752 - f4d06,577,N1,True,0.30614372988565824,0
20211116T222752 - f4d06,578,N1,False,0.3493884834386023,0
20211116T222752 - f4d06,579,N1,False,0.38873488061724365,0
20211116T222752 - f4d06,580,N1,False,0.33306460652624104,0
20211116T222752 - f4d06,581,N1,True,0.34137944662191955,0
20211116T222752 - f4d06,582,N2,False,0.35647519009056966,0
20211116T222752 - f4d06,583,W,False,0.23954835514409786,0
20211116T222752 - f4d06,584,N1,True,0.28589889542880603,0
20211116T222752 - f4d06,585,N1,True,0.3327809997386644,0
20211116T222752 - f4d06,586,N1,False,0.3339609083497532,0
20211116T222752 - f4d06,587,N1,True,0.3666514391310989,0
20211116T222752 - f4d06,588,N1,False,0.31458681754712847,0
20211116T222752 - f4d06,589,N1,True,0.3098878584806664,0
20211116T222752 - f4d06,590,N2,False,0.4444541908566396,0
20211116T222752 - f4d06,591,N1,True,0.3412293792215128,0
20211116T222752 - f4d06,592,W,True,0.400632322046801,0
20211116T222752 - f4d06,593,N1,False,0.33853850657824003,0
20211116T222752 - f4d06,594,N1,False,0.2726154893625024,0
20211116T222752 - f4d06,595,N1,False,0.37227533724518563,0
20211116T222752 - f4d06,596,N2,False,0.3663816162208651,0
20211116T222752 - f4d06,597,N2,False,0.2902345993985762,0
20211116T222752 - f4d06,598,N2,False,0.3031478711881794,0
20211116T222752 - f4d06,599,N2,False,0.297502624805241,0
20211116T222752 - f4d06,600,N2,False,0.3304766411386961,0
20211116T222752 - f4d06,601,N2,True,0.27326598650740236,0
20211116T222752 - f4d06,602,N2,False,0.336819360650423,0
20211116T222752 - f4d06,603,N1,False,0.350355086596813,0
20211116T222752 - f4d06,604,N1,False,0.30825248562906654,0
20211116T222752 - f4d06,605,N2,False,0.2511108791394375,0
20211116T222752 - f4d06,606,N2,False,0.3237687769677158,0
20211116T222752 - f4d06,607,N2,False,0.20465681128054983,0
20211116T222752 - f4d06,608,N2,False,0.20983824563042824,0
20211116T222752 - f4d06,609,N2,False,0.2692509414052571,0
20211116T222752 - f4d06,610,N2,False,0.3180569156203211,0
20211116T222752 - f4d06,611,N2,True,0.2585563414706422,0
20211116T222752 - f4d06,612,N2,False,0.26523984960307717,0
20211116T222752 - f4d06,613,N1,False,0.31463775841394603,0
20211116T222752 - f4d06,614,N2,False,0.2821432478502338,0
20211116T222752 - f4d06,615,N2,False,0.26969991995197484,0
20211116T222752 - f4d06,616,N2,False,0.2871950667827586,0
20211116T222752 - f4d06,617,N2,False,0.2188331820208273,0
20211116T222752 - f4d06,618,N2,False,0.1858961973397995,0
20211116T222752 - f4d06,619,N2,False,0.17893899122263132,0
20211116T222752 - f4d06,620,N2,False,0.19314221457332326,0
20211116T222752 - f4d06,621,N2,False,0.17671821196760049,0
20211116T222752 - f4d06,622,N2,False,0.17859636351889774,0
20211116T222752 - f4d06,623,N2,False,0.17704272614165759,0
20211116T222752 - f4d06,624,N2,False,0.17848092652708655,0
20211116T222752 - f4d06,625,N2,False,0.16989288022463903,0
20211116T222752 - f4d06,626,N2,False,0.2338434526728825,0
20211116T222752 - f4d06,627,N2,False,0.1614797347424589,0
20211116T222752 - f4d06,628,N2,False,0.14223521093551894,0
20211116T222752 - f4d06,629,N2,False,0.15330434287729772,0
20211116T222752 - f4d06,630,N2,False,0.21101063236962087,0
20211116T222752 - f4d06,631,N2,False,0.13589073924617692,0
20211116T222752 - f4d06,632,N2,False,0.2679901268169703,0
20211116T222752 - f4d06,633,N2,False,0.161008734942186,0
20211116T222752 - f4d06,634,N2,False,0.16692959085832254,0
20211116T222752 - f4d06,635,N2,False,0.20120329003867007,0
20211116T222752 - f4d06,636,N2,False,0.26943855179014026,0
20211116T222752 - f4d06,637,N2,True,0.17887476713185993,0
20211116T222752 - f4d06,638,N2,False,0.24782158269939433,0
20211116T222752 - f4d06,639,N1,False,0.28796029648056737,0
20211116T222752 - f4d06,640,N1,True,0.30175757706407363,0
20211116T222752 - f4d06,641,N1,False,0.33302155201759864,0
20211116T222752 - f4d06,642,N1,True,0.3324818018599646,0
20211116T222752 - f4d06,643,N2,True,0.42750847580100154,0
20211116T222752 - f4d06,644,N2,False,0.3649476067695126,0
20211116T222752 - f4d06,645,N1,False,0.3673966340429943,0
20211116T222752 - f4d06,646,N1,False,0.3010973312219141,0
20211116T222752 - f4d06,647,N2,False,0.263058199345797,0
20211116T222752 - f4d06,648,N2,True,0.2980494482592288,0
20211116T222752 - f4d06,649,N2,False,0.3411583191065998,0
20211116T222752 - f4d06,650,N1,False,0.286787799441156,0
20211116T222752 - f4d06,651,N1,False,0.3269320664034008,0
20211116T222752 - f4d06,652,N2,False,0.2383634446515634,0
20211116T222752 - f4d06,653,N2,False,0.16899233740232814,0
20211116T222752 - f4d06,654,N2,False,0.1489109444032777,0
20211116T222752 - f4d06,655,N2,True,0.18592912839856449,0
20211116T222752 - f4d06,656,N1,False,0.21719567202059153,0
20211116T222752 - f4d06,657,N1,False,0.39072910172815545,0
20211116T222752 - f4d06,658,N2,False,0.23397401553341865,0
20211116T222752 - f4d06,659,N2,False,0.15141747541062744,0
20211116T222752 - f4d06,660,N2,False,0.14837355139661731,0
20211116T222752 - f4d06,661,N2,False,0.25890120084634227,0
20211116T222752 - f4d06,662,N2,False,0.17480832267956584,0
20211116T222752 - f4d06,663,N2,False,0.20858532222583098,0
20211116T222752 - f4d06,664,N2,False,0.17725964988204584,0
20211116T222752 - f4d06,665,N2,False,0.16894793171442235,0
20211116T222752 - f4d06,666,N2,False,0.1993427413312801,0
20211116T222752 - f4d06,667,N2,False,0.17990578758141443,0
20211116T222752 - f4d06,668,N2,False,0.1551159214594515,0
20211116T222752 - f4d06,669,N2,False,0.19079516839856644,0
20211116T222752 - f4d06,670,N2,False,0.15433486510062905,0
20211116T222752 - f4d06,671,N2,False,0.16945331861773177,0
20211116T222752 - f4d06,672,N2,False,0.16659045276532003,0
20211116T222752 - f4d06,673,N2,False,0.16423529773313977,0
20211116T222752 - f4d06,674,N2,True,0.19603400758982287,0
20211116T222752 - f4d06,675,N1,True,0.26274939724318697,0
20211116T222752 - f4d06,676,N1,False,0.34601172124120616,0
20211116T222752 - f4d06,677,N2,False,0.24831933536624387,0
20211116T222752 - f4d06,678,N2,False,0.2076799817542985,0
20211116T222752 - f4d06,679,N2,False,0.22288202402002166,0
20211116T222752 - f4d06,680,N2,False,0.2099568237628231,0
20211116T222752 - f4d06,681,N2,False,0.22964449189326974,0
20211116T222752 - f4d06,682,N2,False,0.14654350264171462,0
20211116T222752 - f4d06,683,N2,False,0.2185048699222384,0
20211116T222752 - f4d06,684,N2,False,0.2531249122969299,0
20211116T222752 - f4d06,685,N2,False,0.20836751636035403,0
20211116T222752 - f4d06,686,N2,False,0.1943034416860907,0
20211116T222752 - f4d06,687,N2,False,0.16736954465472156,0
20211116T222752 - f4d06,688,N2,False,0.20338289816513833,0
20211116T222752 - f4d06,689,N2,False,0.1634019681496456,0
20211116T222752 - f4d06,690,N2,False,0.18397916956350058,0
20211116T222752 - f4d06,691,N2,False,0.15555420634307152,0
20211116T222752 - f4d06,692,N2,False,0.17873624596322255,0
20211116T222752 - f4d06,693,N2,False,0.25123347741396773,0
20211116T222752 - f4d06,694,N2,False,0.18821757032701797,0
20211116T222752 - f4d06,695,N2,False,0.14397007376314336,0
20211116T222752 - f4d06,696,N2,False,0.18795242504906862,0
20211116T222752 - f4d06,697,N2,False,0.1655656126111762,0
20211116T222752 - f4d06,698,N2,False,0.22973743483363598,0
20211116T222752 - f4d06,699,N2,False,0.1945581921775858,0
20211116T222752 - f4d06,700,N2,False,0.16536764449199595,0
20211116T222752 - f4d06,701,N2,True,0.18062181861836074,0
20211116T222752 - f4d06,702,N2,True,0.2671311284917527,0
20211116T222752 - f4d06,703,N1,True,0.24068282284920972,0
20211116T222752 - f4d06,704,N1,True,0.2886403949427872,0
20211116T222752 - f4d06,705,N1,False,0.265055940935941,0
20211116T222752 - f4d06,706,N1,True,0.32087539521114516,0
20211116T222752 - f4d06,707,N1,True,0.32742797809402313,0
20211116T222752 - f4d06,708,N1,False,0.3128812931437678,0
20211116T222752 - f4d06,709,N1,True,0.4453541752335536,0
20211116T222752 - f4d06,710,N2,False,0.4224205248725314,0
20211116T222752 - f4d06,711,N1,True,0.44266629570823424,0
20211116T222752 - f4d06,712,N2,False,0.38626296483229766,0
20211116T222752 - f4d06,713,N1,True,0.4026022770950426,0
20211116T222752 - f4d06,714,N2,False,0.41468732192651503,0
20211116T222752 - f4d06,715,N1,False,0.48056991778160507,0
20211116T222752 - f4d06,716,N1,True,0.32171079347823245,0
20211116T222752 - f4d06,717,W,False,0.542712707065879,1
20211116T222752 - f4d06,718,N1,False,0.391936490762972,0
20211116T222752 - f4d06,719,N1,False,0.37373665000669865,0
20211116T222752 - f4d06,720,N2,False,0.35596954194458486,0
20211116T222752 - f4d06,721,N2,True,0.3877338914461255,0
20211116T222752 - f4d06,722,REM,False,0.35217798183375876,0
20211116T222752 - f4d06,723,REM,True,0.5034426751161812,1
20211116T222752 - f4d06,724,REM,False,0.32116024863091425,0
20211116T222752 - f4d06,725,REM,True,0.358197958836741,0
20211116T222752 - f4d06,726,W,False,0.44727084772419995,0
20211116T222752 - f4d06,727,REM,True,0.32856231759454724,0
20211116T222752 - f4d06,728,REM,False,0.5501346582995874,1
20211116T222752 - f4d06,729,REM,True,0.367837221577002,0
20211116T222752 - f4d06,730,REM,False,0.46657794423232035,0
20211116T222752 - f4d06,731,REM,True,0.40512580961390265,0
20211116T222752 - f4d06,732,REM,False,0.47109034984641346,0
20211116T222752 - f4d06,733,REM,True,0.4929092377873825,0
20211116T222752 - f4d06,734,REM,False,0.4277239653305449,0
20211116T222752 - f4d06,735,W,True,0.436135892847118,0
20211116T222752 - f4d06,736,REM,True,0.30475564176791875,0
20211116T222752 - f4d06,737,REM,False,0.4832167899207036,0
20211116T222752 - f4d06,738,REM,True,0.40201200399681836,0
20211116T222752 - f4d06,739,REM,False,0.34247032051038495,0
20211116T222752 - f4d06,740,REM,True,0.5185959709359802,1
20211116T222752 - f4d06,741,REM,False,0.33994205538439237,0
20211116T222752 - f4d06,742,REM,True,0.3479784472674799,0
20211116T222752 - f4d06,743,REM,False,0.41207664445484765,0
20211116T222752 - f4d06,744,REM,False,0.49165455726091717,0
20211116T222752 - f4d06,745,REM,True,0.522995200408001,1
20211116T222752 - f4d06,746,REM,False,0.4930954854630456,0
20211116T222752 - f4d06,747,N1,True,0.48658099762085816,0
20211116T222752 - f4d06,748,N1,False,0.3114425386598103,0
20211116T222752 - f4d06,749,N1,True,0.2587916806328553,0
20211116T222752 - f4d06,750,N1,False,0.36177179689798045,0
20211116T222752 - f4d06,751,N1,True,0.28572928102177103,0
20211116T222752 - f4d06,752,W,False,0.3742943797867329,0
20211116T222752 - f4d06,753,N1,True,0.2541270593226283,0
20211116T222752 - f4d06,754,N1,False,0.30078316368383545,0
20211116T222752 - f4d06,755,N1,False,0.35006854375905755,0
20211116T222752 - f4d06,756,N1,True,0.3281296141445941,0
20211116T222752 - f4d06,757,N1,True,0.32074624185145967,0
20211116T222752 - f4d06,758,N1,False,0.3978199437496041,0
20211116T222752 - f4d06,759,REM,True,0.3402346642130633,0
20211116T222752 - f4d06,760,REM,False,0.4618109482234315,0
20211116T222752 - f4d06,761,W,True,0.4691344164896408,0
20211116T222752 - f4d06,762,N1,False,0.3466947349371271,0
20211116T222752 - f4d06,763,N1,True,0.36431475739094005,0
20211116T222752 - f4d06,764,N1,False,0.4514094875910274,0
20211116T222752 - f4d06,765,N1,True,0.41238050150961647,0
20211116T222752 - f4d06,766,W,False,0.40622163792412136,0
20211116T222752 - f4d06,767,N1,True,0.35589599302972424,0
20211116T222752 - f4d06,768,N2,False,0.32451493724375097,0
20211116T222752 - f4d06,769,N1,False,0.3518137232301159,0
20211116T222752 - f4d06,770,N1,False,0.3619368186918275,0
20211116T222752 - f4d06,771,N1,False,0.3662858576051847,0
20211116T222752 - f4d06,772,N1,True,0.4451092490838798,0
20211116T222752 - f4d06,773,W,False,0.3924735168011532,0
20220421T230923 - 2ccca,0,N1,True,0.35023981712078744,0
20220421T230923 - 2ccca,1,N1,False,0.3875064967531218,0
20220421T230923 - 2ccca,2,N1,True,0.5201384162670571,1
20220421T230923 - 2ccca,3,W,False,0.4373810222606292,0
20220421T230923 - 2ccca,4,W,False,0.28330696814656625,0
20220421T230923 - 2ccca,5,W,False,0.3084044538944744,0
20220421T230923 - 2ccca,6,W,True,0.4057513529100573,0
20220421T230923 - 2ccca,7,N1,True,0.5365111303477118,1
20220421T230923 - 2ccca,8,N1,True,0.48604129913192173,0
20220421T230923 - 2ccca,9,N1,True,0.5301120204611446,1
20220421T230923 - 2ccca,10,N1,True,0.5477698929283139,1
20220421T230923 - 2ccca,11,N1,True,0.4816146240091178,0
20220421T230923 - 2ccca,12,N1,True,0.5280523204099938,1
20220421T230923 - 2ccca,13,N1,True,0.4846642360279239,0
20220421T230923 - 2ccca,14,N1,True,0.5321730005530368,1
20220421T230923 - 2ccca,15,N1,True,0.5418199398367054,1
20220421T230923 - 2ccca,16,N1,True,0.49426980552809974,0
20220421T230923 - 2ccca,17,N1,True,0.5067677556360671,1
20220421T230923 - 2ccca,18,N1,True,0.5107865694179553,1
20220421T230923 - 2ccca,19,N1,True,0.4922071239914606,0
20220421T230923 - 2ccca,20,N1,True,0.5423156533402541,1
20220421T230923 - 2ccca,21,N1,True,0.5606456719726322,1
20220421T230923 - 2ccca,22,N1,True,0.522176314742019,1
20220421T230923 - 2ccca,23,N1,True,0.4915125070430977,0
20220421T230923 - 2ccca,24,N1,True,0.5000810655606401,1
20220421T230923 - 2ccca,25,N1,True,0.40884667582794454,0
20220421T230923 - 2ccca,26,N1,True,0.48222456896898175,0
20220421T230923 - 2ccca,27,N1,True,0.49488332809074653,0
20220421T230923 - 2ccca,28,N1,True,0.4894845009904942,0
20220421T230923 - 2ccca,29,N1,True,0.5114668976140468,1
20220421T230923 - 2ccca,30,N1,True,0.5095828811556832,1
20220421T230923 - 2ccca,31,N1,True,0.5310171747957803,1
20220421T230923 - 2ccca,32,N1,True,0.5100366195099386,1
20220421T230923 - 2ccca,33,N1,True,0.49503169278226067,0
20220421T230923 - 2ccca,34,N1,True,0.49956351568802027,0
20220421T230923 - 2ccca,35,N1,True,0.5293163313232302,1
20220421T230923 - 2ccca,36,N1,True,0.46643375883328486,0
20220421T230923 - 2ccca,37,N1,True,0.5333406481778027,1
20220421T230923 - 2ccca,38,N1,True,0.4701094018035657,0
20220421T230923 - 2ccca,39,N1,True,0.48757180945723605,0
20220421T230923 - 2ccca,40,N1,True,0.4800170034714419,0
20220421T230923 - 2ccca,41,N1,True,0.48113579916225574,0
20220421T230923 - 2ccca,42,N1,True,0.48125267858397486,0
20220421T230923 - 2ccca,43,N1,True,0.5116707890339016,1
20220421T230923 - 2ccca,44,N1,True,0.5135687794494734,1
20220421T230923 - 2ccca,45,N1,True,0.4936880742184984,0
20220421T230923 - 2ccca,46,N1,True,0.5343498135635272,1
20220421T230923 - 2ccca,47,W,True,0.5163477675272872,1
20220421T230923 - 2ccca,48,N1,False,0.44413158658589935,0
20220421T230923 - 2ccca,49,N1,True,0.5219909376270994,1
20220421T230923 - 2ccca,50,N1,True,0.47424964229615896,0
20220421T230923 - 2ccca,51,N1,True,0.5149680381228139,1
20220421T230923 - 2ccca,52,N1,True,0.4852578242421001,0
20220421T230923 - 2ccca,53,N1,True,0.5011056395634873,1
20220421T230923 - 2ccca,54,N2,True,0.4484332650926444,0
20220421T230923 - 2ccca,55,N1,True,0.5470883950133545,1
20220421T230923 - 2ccca,56,N1,True,0.4338957924690036,0
20220421T230923 - 2ccca,57,N1,True,0.5013095868450198,1
20220421T230923 - 2ccca,58,N1,True,0.47904919161483006,0
20220421T230923 - 2ccca,59,N1,True,0.46141955976642807,0
20220421T230923 - 2ccca,60,N1,True,0.48068698137278537,0
20220421T230923 - 2ccca,61,N2,True,0.43194110907106453,0
20220421T230923 - 2ccca,62,N1,False,0.460601419424026,0
20220421T230923 - 2ccca,63,W,True,0.45677943104309426,0
20220421T230923 - 2ccca,64,N1,True,0.4870704634061791,0
20220421T230923 - 2ccca,65,N1,True,0.48926118867129864,0
20220421T230923 - 2ccca,66,N1,True,0.4856933954361267,0
20220421T230923 - 2ccca,67,N1,True,0.534885138410018,1
20220421T230923 - 2ccca,68,N1,True,0.47718635764839085,0
20220421T230923 - 2ccca,69,N1,True,0.45993433689062735,0
20220421T230923 - 2ccca,70,N1,True,0.4344429577842531,0
20220421T230923 - 2ccca,71,N1,True,0.5430451841659708,1
20220421T230923 - 2ccca,72,N1,True,0.5434428558217251,1
20220421T230923 - 2ccca,73,W,True,0.4401044158465169,0
20220421T230923 - 2ccca,74,N1,True,0.5405899541928252,1
20220421T230923 - 2ccca,75,N1,True,0.5039244931771976,1
20220421T230923 - 2ccca,76,N1,True,0.5082644280443019,1
20220421T230923 - 2ccca,77,N1,True,0.5279687605236529,1
20220421T230923 - 2ccca,78,N1,True,0.4942295998336578,0
20220421T230923 - 2ccca,79,N1,True,0.5320424773517523,1
20220421T230923 - 2ccca,80,N1,True,0.42123767340072504,0
20220421T230923 - 2ccca,81,N1,True,0.5140693031259176,1
20220421T230923 - 2ccca,82,N1,True,0.5405356754596761,1
20220421T230923 - 2ccca,83,N1,True,0.5132595824560927,1
20220421T230923 - 2ccca,84,N1,True,0.5040045644350934,1
20220421T230923 - 2ccca,85,N1,True,0.5459801754210067,1
20220421T230923 - 2ccca,86,N1,True,0.5056772548409477,1
20220421T230923 - 2ccca,87,N1,True,0.48012868464099767,0
20220421T230923 - 2ccca,88,N1,True,0.5594714595035318,1
20220421T230923 - 2ccca,89,N1,True,0.48938195436344745,0
20220421T230923 - 2ccca,90,N1,True,0.5086894467963308,1
20220421T230923 - 2ccca,91,N1,True,0.4921297021213331,0
20220421T230923 - 2ccca,92,N1,True,0.4958578300247018,0
20220421T230923 - 2ccca,93,N1,True,0.45608415346291886,0
20220421T230923 - 2ccca,94,W,True,0.4536363383187275,0
20220421T230923 - 2ccca,95,N1,True,0.5333606867588155,1
20220421T230923 - 2ccca,96,N1,True,0.4837589082032119,0
20220421T230923 - 2ccca,97,N1,True,0.5088385126153803,1
20220421T230923 - 2ccca,98,N1,True,0.5454942253996903,1
20220421T230923 - 2ccca,99,N2,False,0.5007059058879063,1
20220421T230923 - 2ccca,100,W,False,0.3723478481698513,0
20220421T230923 - 2ccca,101,W,True,0.4188077684830251,0
20220421T230923 - 2ccca,102,N1,True,0.5602334290495432,1
20220421T230923 - 2ccca,103,N1,True,0.5162662743951909,1
20220421T230923 - 2ccca,104,N1,True,0.5082293951263926,1
20220421T230923 - 2ccca,105,N1,True,0.5290706568000715,1
20220421T230923 - 2ccca,106,N1,True,0.5006454007481789,1
20220421T230923 - 2ccca,107,N1,True,0.5050454573708616,1
20220421T230923 - 2ccca,108,N1,True,0.49378435395077075,0
20220421T230923 - 2ccca,109,N1,True,0.505622155631071,1
20220421T230923 - 2ccca,110,N1,True,0.5552794144938301,1
20220421T230923 - 2ccca,111,N1,True,0.43644053830853535,0
20220421T230923 - 2ccca,112,N1,True,0.5280858048905217,1
20220421T230923 - 2ccca,113,N1,True,0.47959398830297595,0
20220421T230923 - 2ccca,114,N1,True,0.5176867397813478,1
20220421T230923 - 2ccca,115,N1,True,0.522263162272607,1
20220421T230923 - 2ccca,116,N1,True,0.5319868114931764,1
20220421T230923 - 2ccca,117,N1,True,0.47499078676371,0
20220421T230923 - 2ccca,118,N1,True,0.504454362895,1
20220421T230923 - 2ccca,119,N1,False,0.49101897611325507,0
20220421T230923 - 2ccca,120,N1,True,0.45657436474446983,0
20220421T230923 - 2ccca,121,W,False,0.4431118734541363,0
20220421T230923 - 2ccca,122,W,True,0.3919154211940867,0
20220421T230923 - 2ccca,123,N1,True,0.5187868539762891,1
20220421T230923 - 2ccca,124,N1,True,0.5203489057687172,1
20220421T230923 - 2ccca,125,N1,True,0.5390735203823549,1
20220421T230923 - 2ccca,126,N2,True,0.4960473698627338,0
20220421T230923 - 2ccca,127,N1,True,0.46305990481476883,0
20220421T230923 - 2ccca,128,N1,True,0.5411653284866574,1
20220421T230923 - 2ccca,129,N1,True,0.5321729910923322,1
20220421T230923 - 2ccca,130,N1,True,0.5110604764015481,1
20220421T230923 - 2ccca,131,N1,True,0.5153709663846358,1
20220421T230923 - 2ccca,132,N1,True,0.5006201651370127,1
20220421T230923 - 2ccca,133,N1,True,0.49371820020864354,0
20220421T230923 - 2ccca,134,N1,True,0.5194798910111755,1
20220421T230923 - 2ccca,135,N1,True,0.5116773648087123,1
20220421T230923 - 2ccca,136,N1,True,0.4993651359910998,0
20220421T230923 - 2ccca,137,N1,True,0.49811527476122275,0
20220421T230923 - 2ccca,138,N1,True,0.4961136986880746,0
20220421T230923 - 2ccca,139,N1,True,0.49479237815385024,0
20220421T230923 - 2ccca,140,N1,True,0.43531449359154256,0
20220421T230923 - 2ccca,141,N1,True,0.5053398419343036,1
20220421T230923 - 2ccca,142,N1,True,0.5233025926977765,1
20220421T230923 - 2ccca,143,N1,True,0.4972829631230403,0
20220421T230923 - 2ccca,144,N1,True,0.5259960198681479,1
20220421T230923 - 2ccca,145,N2,True,0.45238802878186135,0
20220421T230923 - 2ccca,146,N1,True,0.47682979172318957,0
20220421T230923 - 2ccca,147,N1,True,0.504906257907585,1
20220421T230923 - 2ccca,148,N1,True,0.47566074932595476,0
20220421T230923 - 2ccca,149,N1,True,0.4434014955025953,0
20220421T230923 - 2ccca,150,N1,True,0.41176895361264526,0
20220421T230923 - 2ccca,151,N1,True,0.5125682368040799,1
20220421T230923 - 2ccca,152,N1,True,0.40631652576520877,0
20220421T230923 - 2ccca,153,N1,True,0.4344964072269289,0
20220421T230923 - 2ccca,154,N1,True,0.45890433278985193,0
20220421T230923 - 2ccca,155,N1,True,0.552348619070448,1
20220421T230923 - 2ccca,156,N1,True,0.514493213868787,1
20220421T230923 - 2ccca,157,W,True,0.42797831315214874,0
20220421T230923 - 2ccca,158,N1,True,0.4680987409198291,0
20220421T230923 - 2ccca,159,N2,True,0.4827804795536503,0
20220421T230923 - 2ccca,160,N1,True,0.4939840556328337,0
20220421T230923 - 2ccca,161,N1,True,0.49725598140250654,0
20220421T230923 - 2ccca,162,N1,True,0.5229028394604648,1
20220421T230923 - 2ccca,163,N1,True,0.5121924278817372,1
20220421T230923 - 2ccca,164,N1,True,0.5179737228097221,1
20220421T230923 - 2ccca,165,N2,True,0.48255194216799924,0
20220421T230923 - 2ccca,166,N1,True,0.4834785278235854,0
20220421T230923 - 2ccca,167,N1,True,0.4866154059600135,0
20220421T230923 - 2ccca,168,N1,True,0.5137681778904986,1
20220421T230923 - 2ccca,169,N1,True,0.48767703720928135,0
20220421T230923 - 2ccca,170,N1,True,0.48028976610388696,0
20220421T230923 - 2ccca,171,N1,True,0.46753214203245613,0
20220421T230923 - 2ccca,172,N1,True,0.49430433595529794,0
20220421T230923 - 2ccca,173,N1,True,0.48117489402368996,0
20220421T230923 - 2ccca,174,N1,True,0.4415470534992775,0
20220421T230923 - 2ccca,175,N1,False,0.4865285944819683,0
20220421T230923 - 2ccca,176,W,True,0.4113543216218228,0
20220421T230923 - 2ccca,177,N1,True,0.4991323610714602,0
20220421T230923 - 2ccca,178,W,True,0.4700432762658926,0
20220421T230923 - 2ccca,179,N1,True,0.4484853571789801,0
20220421T230923 - 2ccca,180,N1,True,0.5018909924219228,1
20220421T230923 - 2ccca,181,N1,True,0.5154635916526632,1
20220421T230923 - 2ccca,182,N1,True,0.4322833224868708,0
20220421T230923 - 2ccca,183,N1,True,0.5047202024421138,1
20220421T230923 - 2ccca,184,N1,True,0.5194270639613,1
20220421T230923 - 2ccca,185,N1,True,0.5229452082751199,1
20220421T230923 - 2ccca,186,N1,True,0.4883583158809048,0
20220421T230923 - 2ccca,187,N1,True,0.4747741927952039,0
20220421T230923 - 2ccca,188,N1,True,0.5155093414589933,1
20220421T230923 - 2ccca,189,N1,True,0.5104041220174946,1
20220421T230923 - 2ccca,190,N1,True,0.48152126872791146,0
20220421T230923 - 2ccca,191,N1,True,0.4803890082837885,0
20220421T230923 - 2ccca,192,N1,True,0.4979287836908067,0
20220421T230923 - 2ccca,193,N1,True,0.4470231192420627,0
20220421T230923 - 2ccca,194,N1,True,0.48345139045433916,0
20220421T230923 - 2ccca,195,N2,True,0.4213611817668987,0
20220421T230923 - 2ccca,196,N2,False,0.4726238864956819,0
20220421T230923 - 2ccca,197,W,False,0.4208757706562776,0
20220421T230923 - 2ccca,198,W,True,0.4346452199669015,0
20220421T230923 - 2ccca,199,N1,True,0.518888712012901,1
20220421T230923 - 2ccca,200,N1,True,0.5100495438523958,1
20220421T230923 - 2ccca,201,N1,True,0.5087043915860157,1
20220421T230923 - 2ccca,202,N1,True,0.4904978628418919,0
20220421T230923 - 2ccca,203,N1,True,0.5212415132985132,1
20220421T230923 - 2ccca,204,N1,True,0.4663618545769394,0
20220421T230923 - 2ccca,205,N1,True,0.5156447830011561,1
20220421T230923 - 2ccca,206,N1,True,0.5084444721130655,1
20220421T230923 - 2ccca,207,W,False,0.48202461667408614,0
20220421T230923 - 2ccca,208,W,False,0.3512485223471479,0
20220421T230923 - 2ccca,209,W,False,0.33186994283151605,0
20220421T230923 - 2ccca,210,W,False,0.3710614565649311,0
20220421T230923 - 2ccca,211,W,True,0.24613536352074836,0
20220421T230923 - 2ccca,212,N1,True,0.36859683959092565,0
20220421T230923 - 2ccca,213,N1,True,0.33896119316989165,0
20220421T230923 - 2ccca,214,N1,True,0.37534751645605524,0
20220421T230923 - 2ccca,215,N1,True,0.4152664870143253,0
20220421T230923 - 2ccca,216,N1,True,0.4338638851194442,0
20220421T230923 - 2ccca,217,N1,True,0.44693979002320916,0
20220421T230923 - 2ccca,218,N1,True,0.40945028140350975,0
20220421T230923 - 2ccca,219,N1,True,0.45287451536427153,0
20220421T230923 - 2ccca,220,N1,True,0.4081802306856799,0
20220421T230923 - 2ccca,221,N1,True,0.3969672122397983,0
20220421T230923 - 2ccca,222,N1,True,0.40408015053521923,0
20220421T230923 - 2ccca,223,N1,True,0.3867364418675715,0
20220421T230923 - 2ccca,224,N1,True,0.4351158315255425,0
20220421T230923 - 2ccca,225,N1,True,0.4016692083561077,0
20220421T230923 - 2ccca,226,N1,True,0.4343418983060329,0
20220421T230923 - 2ccca,227,N1,True,0.40567433771969547,0
20220421T230923 - 2ccca,228,N1,True,0.4272372099111954,0
20220421T230923 - 2ccca,229,N1,True,0.4185307479011226,0
20220421T230923 - 2ccca,230,N1,True,0.42966208899619346,0
20220421T230923 - 2ccca,231,N1,True,0.4257945328134333,0
20220421T230923 - 2ccca,232,N1,True,0.4242519527320183,0
20220421T230923 - 2ccca,233,N1,True,0.3779462954671999,0
20220421T230923 - 2ccca,234,N1,True,0.5087835251827799,1
20220421T230923 - 2ccca,235,N2,True,0.35136649211361337,0
20220421T230923 - 2ccca,236,N2,True,0.39177584901094953,0
20220421T230923 - 2ccca,237,N1,True,0.4795953462300445,0
20220421T230923 - 2ccca,238,N1,True,0.4574845441730561,0
20220421T230923 - 2ccca,239,N1,True,0.46206901569069403,0
20220421T230923 - 2ccca,240,W,False,0.3725148754710702,0
20220421T230923 - 2ccca,241,W,True,0.34923077612083686,0
20220421T230923 - 2ccca,242,N1,True,0.4238831224475668,0
20220421T230923 - 2ccca,243,N1,True,0.45545885523526225,0
20220421T230923 - 2ccca,244,N1,True,0.40292421807634765,0
20220421T230923 - 2ccca,245,N1,True,0.4320072574223082,0
20220421T230923 - 2ccca,246,N1,True,0.39975434855189773,0
20220421T230923 - 2ccca,247,N1,True,0.42875138925609657,0
20220421T230923 - 2ccca,248,N1,True,0.46120514450452427,0
20220421T230923 - 2ccca,249,N1,True,0.449273476383375,0
20220421T230923 - 2ccca,250,N1,True,0.4352071981824103,0
20220421T230923 - 2ccca,251,N1,True,0.4111142259949274,0
20220421T230923 - 2ccca,252,N1,True,0.44485088869267964,0
20220421T230923 - 2ccca,253,N1,True,0.4436848257524398,0
20220421T230923 - 2ccca,254,N2,True,0.4217955477345875,0
20220421T230923 - 2ccca,255,N1,True,0.4883733121753852,0
20220421T230923 - 2ccca,256,N1,True,0.446421804550199,0
20220421T230923 - 2ccca,257,N1,True,0.435092392460008,0
20220421T230923 - 2ccca,258,N1,True,0.4402611581918003,0
20220421T230923 - 2ccca,259,N2,True,0.42499152230761333,0
20220421T230923 - 2ccca,260,N1,True,0.38489361630898267,0
20220421T230923 - 2ccca,261,N1,True,0.4639859755265928,0
20220421T230923 - 2ccca,262,N1,True,0.41992042045305356,0
20220421T230923 - 2ccca,263,N1,True,0.4427174038577406,0
20220421T230923 - 2ccca,264,N1,True,0.38684821334696395,0
20220421T230923 - 2ccca,265,N1,True,0.3832988184418977,0
20220421T230923 - 2ccca,266,N1,True,0.44687042538108107,0
20220421T230923 - 2ccca,267,N1,True,0.432772351804965,0
20220421T230923 - 2ccca,268,N1,True,0.4415132919508954,0
20220421T230923 - 2ccca,269,N1,True,0.41896647902167194,0
20220421T230923 - 2ccca,270,N1,True,0.3960151322580049,0
20220421T230923 - 2ccca,271,N1,True,0.41124517674752004,0
20220421T230923 - 2ccca,272,N1,True,0.36792392812085795,0
20220421T230923 - 2ccca,273,W,True,0.3859264445313688,0
20220421T230923 - 2ccca,274,N1,True,0.41856084248037395,0
20220421T230923 - 2ccca,275,W,True,0.3239561520450557,0
20220421T230923 - 2ccca,276,N1,True,0.39840299266855944,0
20220421T230923 - 2ccca,277,W,True,0.3415796906261528,0
20220421T230923 - 2ccca,278,N1,True,0.5087585071236798,1
20220421T230923 - 2ccca,279,N1,True,0.5563346652202719,1
20220421T230923 - 2ccca,280,N1,True,0.5006070214780126,1
20220421T230923 - 2ccca,281,N1,True,0.523531369564427,1
20220421T230923 - 2ccca,282,N1,True,0.4609285241529144,0
20220421T230923 - 2ccca,283,N1,True,0.5080703752688067,1
20220421T230923 - 2ccca,284,N1,True,0.5289104035418645,1
20220421T230923 - 2ccca,285,N1,True,0.4977762661262702,0
20220421T230923 - 2ccca,286,N1,True,0.5010847968762877,1
20220421T230923 - 2ccca,287,N1,True,0.48381923801204657,0
20220421T230923 - 2ccca,288,N1,False,0.46733093144046783,0
20220421T230923 - 2ccca,289,N1,True,0.48494360478678206,0
20220421T230923 - 2ccca,290,N2,False,0.48091491265342645,0
20220421T230923 - 2ccca,291,W,False,0.3985105185508948,0
20220421T230923 - 2ccca,292,W,True,0.4301305040111794,0
20220421T230923 - 2ccca,293,N1,True,0.5033893436572818,1
20220421T230923 - 2ccca,294,W,False,0.4282690661220655,0
20220421T230923 - 2ccca,295,W,True,0.4475710638954979,0
20220421T230923 - 2ccca,296,N1,True,0.5053298499535152,1
20220421T230923 - 2ccca,297,N1,True,0.5378186987186073,1
20220421T230923 - 2ccca,298,N1,True,0.5374651620945181,1
20220421T230923 - 2ccca,299,N1,True,0.5378581852664436,1
20220421T230923 - 2ccca,300,N1,True,0.5368406249380469,1
20220421T230923 - 2ccca,301,N1,True,0.5058394128881601,1
20220421T230923 - 2ccca,302,N1,True,0.4825177168590418,0
20220421T230923 - 2ccca,303,N1,True,0.5093547689828313,1
20220421T230923 - 2ccca,304,N1,True,0.5175718382074703,1
20220421T230923 - 2ccca,305,N1,True,0.4801780165638489,0
20220421T230923 - 2ccca,306,N1,True,0.4387194717902523,0
20220421T230923 - 2ccca,307,N1,True,0.5256856243633031,1
20220421T230923 - 2ccca,308,N1,True,0.49964757571167856,0
20220421T230923 - 2ccca,309,N1,True,0.5015467451194106,1
20220421T230923 - 2ccca,310,N1,True,0.5198091077143168,1
20220421T230923 - 2ccca,311,N2,True,0.49513339620310576,0
20220421T230923 - 2ccca,312,N1,True,0.5122552581078974,1
20220421T230923 - 2ccca,313,N1,True,0.4761262327938987,0
20220421T230923 - 2ccca,314,N1,True,0.5163958489429937,1
20220421T230923 - 2ccca,315,N1,True,0.5009951798295186,1
20220421T230923 - 2ccca,316,N1,True,0.5006444303377277,1
20220421T230923 - 2ccca,317,N2,True,0.4862587268012481,0
20220421T230923 - 2ccca,318,N1,True,0.5015999520190388,1
20220421T230923 - 2ccca,319,W,True,0.4450663246822753,0
20220421T230923 - 2ccca,320,N1,True,0.5799827924852337,1
20220421T230923 - 2ccca,321,N1,True,0.5333356885167665,1
20220421T230923 - 2ccca,322,N1,True,0.5114433176610932,1
20220421T230923 - 2ccca,323,N1,True,0.5318595232840133,1
20220421T230923 - 2ccca,324,N1,True,0.5340489068978052,1
20220421T230923 - 2ccca,325,N1,True,0.5176186746583379,1
20220421T230923 - 2ccca,326,N1,True,0.5164505354008345,1
20220421T230923 - 2ccca,327,N1,True,0.5187137999738564,1
20220421T230923 - 2ccca,328,N1,True,0.5065734217681068,1
20220421T230923 - 2ccca,329,N1,True,0.535960066419378,1
20220421T230923 - 2ccca,330,N1,True,0.5080213008602638,1
20220421T230923 - 2ccca,331,N1,True,0.5371024443642896,1
20220421T230923 - 2ccca,332,N2,True,0.5129546295606824,1
20220421T230923 - 2ccca,333,N1,True,0.4794244045131397,0
20220421T230923 - 2ccca,334,N1,True,0.4813051112148808,0
20220421T230923 - 2ccca,335,N1,True,0.4390298967633774,0
20220421T230923 - 2ccca,336,N1,True,0.5002241831666041,1
20220421T230923 - 2ccca,337,N1,True,0.4730003056749581,0
20220421T230923 - 2ccca,338,N1,True,0.488423790491917,0
20220421T230923 - 2ccca,339,N1,True,0.5010708249363958,1
20220421T230923 - 2ccca,340,N1,True,0.5011245802011097,1
20220421T230923 - 2ccca,341,N1,True,0.4301057502580701,0
20220421T230923 - 2ccca,342,N1,True,0.4589635145642431,0
20220421T230923 - 2ccca,343,N1,True,0.4780681497657568,0
20220421T230923 - 2ccca,344,N1,True,0.48091580855270444,0
20220421T230923 - 2ccca,345,N1,True,0.4765531724762675,0
20220421T230923 - 2ccca,346,N1,True,0.42557153017955124,0
20220421T230923 - 2ccca,347,N1,True,0.5068172192195195,1
20220421T230923 - 2ccca,348,N1,True,0.4757345536199918,0
20220421T230923 - 2ccca,349,N1,True,0.5363571350819851,1
20220421T230923 - 2ccca,350,N1,True,0.43616474409757094,0
20220421T230923 - 2ccca,351,N1,True,0.45209617177931455,0
20220421T230923 - 2ccca,352,N1,True,0.4273299601985379,0
20220421T230923 - 2ccca,353,N1,True,0.46102256073424075,0
20220421T230923 - 2ccca,354,N1,True,0.46235075207839604,0
20220421T230923 - 2ccca,355,N1,True,0.5050483418211449,1
20220421T230923 - 2ccca,356,N1,True,0.45248955729352913,0
20220421T230923 - 2ccca,357,N1,True,0.467725857118687,0
20220421T230923 - 2ccca,358,N1,True,0.5263217279928538,1
20220421T230923 - 2ccca,359,N1,True,0.4691271931310714,0
20220421T230923 - 2ccca,360,N1,True,0.4783290903418756,0
20220421T230923 - 2ccca,361,N1,True,0.4790619625981283,0
20220421T230923 - 2ccca,362,N1,True,0.4770657587056697,0
20220421T230923 - 2ccca,363,N2,True,0.44407853579953405,0
20220421T230923 - 2ccca,364,N1,True,0.4622921104433562,0
20220421T230923 - 2ccca,365,N1,True,0.49379932098771784,0
20220421T230923 - 2ccca,366,N1,True,0.4512261246633369,0
20220421T230923 - 2ccca,367,N1,True,0.5075487607070294,1
20220421T230923 - 2ccca,368,N1,True,0.4844462962179757,0
20220421T230923 - 2ccca,369,N1,True,0.43528387198998236,0
20220421T230923 - 2ccca,370,N1,True,0.5284569466957385,1
20220421T230923 - 2ccca,371,W,False,0.39511787038954777,0
20220421T230923 - 2ccca,372,W,False,0.4293210508435798,0
20220421T230923 - 2ccca,373,W,True,0.32283497520805093,0
20220421T230923 - 2ccca,374,N1,True,0.4779850703919897,0
20220421T230923 - 2ccca,375,N1,True,0.500615962340485,1
20220421T230923 - 2ccca,376,N1,True,0.46721228435185225,0
20220421T230923 - 2ccca,377,N1,True,0.4894998093619053,0
20220421T230923 - 2ccca,378,N1,True,0.49359458560058755,0
20220421T230923 - 2ccca,379,N1,True,0.4864697948454206,0
20220421T230923 - 2ccca,380,N1,True,0.4141864945540197,0
20220421T230923 - 2ccca,381,N1,True,0.4667805785546602,0
20220421T230923 - 2ccca,382,N1,True,0.49165208058684035,0
20220421T230923 - 2ccca,383,N1,True,0.4536076365951864,0
20220421T230923 - 2ccca,384,N1,False,0.4643827368918375,0
20220421T230923 - 2ccca,385,N1,True,0.4486683673136498,0
20220421T230923 - 2ccca,386,N1,True,0.442469943530092,0
20220421T230923 - 2ccca,387,N1,True,0.38109860867320383,0
20220421T230923 - 2ccca,388,N1,True,0.4229044737090301,0
20220421T230923 - 2ccca,389,N1,True,0.42688818209161794,0
20220421T230923 - 2ccca,390,N1,True,0.454970719031997,0
20220421T230923 - 2ccca,391,N1,True,0.453116436112795,0
20220421T230923 - 2ccca,392,N1,True,0.488873808048128,0
20220421T230923 - 2ccca,393,N1,True,0.4687624580527573,0
20220421T230923 - 2ccca,394,N1,True,0.45771971622803115,0
20220421T230923 - 2ccca,395,N1,True,0.45521118136680216,0
20220421T230923 - 2ccca,396,N1,True,0.4392945507413012,0
20220421T230923 - 2ccca,397,N1,True,0.4555832794644597,0
20220421T230923 - 2ccca,398,N1,True,0.4755403719393395,0
20220421T230923 - 2ccca,399,N1,True,0.45847119280120663,0
20220421T230923 - 2ccca,400,N1,True,0.44583277357252354,0
20220421T230923 - 2ccca,401,N1,True,0.3955784631852849,0
20220421T230923 - 2ccca,402,W,True,0.42838111202884327,0
20220421T230923 - 2ccca,403,N1,False,0.4322692267333016,0
20220421T230923 - 2ccca,404,W,False,0.3892985855843991,0
20220421T230923 - 2ccca,405,W,False,0.29712749540185274,0
20220421T230923 - 2ccca,406,W,False,0.3261574718470714,0
20220421T230923 - 2ccca,407,W,False,0.36328995326912145,0
20220421T230923 - 2ccca,408,W,False,0.3536797023419457,0
20220421T230923 - 2ccca,409,W,False,0.2899721637192949,0
20220421T230923 - 2ccca,410,W,False,0.37034268616766775,0
20220421T230923 - 2ccca,411,W,False,0.35677498770048793,0
20220421T230923 - 2ccca,412,W,False,0.3654203904701804,0
20220421T230923 - 2ccca,413,W,False,0.4085973040143187,0
20220421T230923 - 2ccca,414,W,False,0.366442882737442,0
20220421T230923 - 2ccca,415,W,False,0.30440745199986285,0
20220421T230923 - 2ccca,416,W,True,0.3044823542286082,0
20220421T230923 - 2ccca,417,N1,True,0.3552847793844262,0
20220421T230923 - 2ccca,418,N1,True,0.5552664971679648,1
20220421T230923 - 2ccca,419,N1,True,0.5806176845695317,1
20220421T230923 - 2ccca,420,N1,True,0.6099580122001145,1
20220421T230923 - 2ccca,421,N1,True,0.5366293324448924,1
20220421T230923 - 2ccca,422,N1,True,0.5613278345148486,1
20220421T230923 - 2ccca,423,N1,True,0.5348097645776482,1
20220421T230923 - 2ccca,424,W,False,0.3714046364394481,0
20220421T230923 - 2ccca,425,N1,True,0.48525457257327936,0
20220421T230923 - 2ccca,426,N1,True,0.5320915255069459,1
20220421T230923 - 2ccca,427,N1,True,0.5567001698279194,1
20220421T230923 - 2ccca,428,N1,True,0.5396123820218451,1
20220421T230923 - 2ccca,429,REM,True,0.531611188476977,1
20220421T230923 - 2ccca,430,REM,True,0.5363220656526958,1
20220421T230923 - 2ccca,431,REM,True,0.5461796050711116,1
20220421T230923 - 2ccca,432,REM,True,0.5694857462913014,1
20220421T230923 - 2ccca,433,REM,True,0.49144356402893263,0
20220421T230923 - 2ccca,434,REM,True,0.5341727170018877,1
20220421T230923 - 2ccca,435,REM,True,0.4867382535956633,0
20220421T230923 - 2ccca,436,REM,False,0.5387598843797072,1
20220421T230923 - 2ccca,437,REM,True,0.5082166164577265,1
20220421T230923 - 2ccca,438,REM,True,0.5060988944219782,1
20220421T230923 - 2ccca,439,REM,True,0.48102736102035004,0
20220421T230923 - 2ccca,440,REM,True,0.4884385486770579,0
20220421T230923 - 2ccca,441,REM,False,0.5116245363052806,1
20220421T230923 - 2ccca,442,REM,True,0.4628037476360921,0
20220421T230923 - 2ccca,443,REM,False,0.5193004380241577,1
20220421T230923 - 2ccca,444,REM,True,0.4975432524815423,0
20220421T230923 - 2ccca,445,REM,True,0.49535814588393434,0
20220421T230923 - 2ccca,446,REM,False,0.5137977213616765,1
20220421T230923 - 2ccca,447,REM,True,0.507637564677518,1
20220421T230923 - 2ccca,448,REM,True,0.47561391563852035,0
20220421T230923 - 2ccca,449,REM,True,0.4881532692610853,0
20220421T230923 - 2ccca,450,REM,False,0.5086090065215569,1
20220421T230923 - 2ccca,451,REM,True,0.4554643212776954,0
20220421T230923 - 2ccca,452,REM,True,0.4610903716261944,0
20220421T230923 - 2ccca,453,REM,True,0.48880952041904363,0
20220421T230923 - 2ccca,454,REM,True,0.47976497114355576,0
20220421T230923 - 2ccca,455,REM,False,0.4215295788909281,0
20220421T230923 - 2ccca,456,REM,True,0.49411252856291105,0
20220421T230923 - 2ccca,457,REM,True,0.4536163246728011,0
20220421T230923 - 2ccca,458,REM,True,0.49401062332161944,0
20220421T230923 - 2ccca,459,REM,True,0.5174928036855492,1
20220421T230923 - 2ccca,460,REM,False,0.4886801688451027,0
20220421T230923 - 2ccca,461,REM,True,0.4836518500364236,0
20220421T230923 - 2ccca,462,REM,True,0.4833491470039625,0
20220421T230923 - 2ccca,463,REM,True,0.5211210444619699,1
20220421T230923 - 2ccca,464,REM,True,0.5211069910260833,1
20220421T230923 - 2ccca,465,REM,True,0.5076518787858569,1
20220421T230923 - 2ccca,466,REM,True,0.47951580803098914,0
20220421T230923 - 2ccca,467,REM,True,0.528569288697943,1
20220421T230923 - 2ccca,468,REM,True,0.4831484275804372,0
20220421T230923 - 2ccca,469,REM,True,0.5320719495237892,1
20220421T230923 - 2ccca,470,REM,True,0.4761244691925856,0
20220421T230923 - 2ccca,471,REM,True,0.5625622898776643,1
20220421T230923 - 2ccca,472,REM,True,0.5084649799416511,1
20220421T230923 - 2ccca,473,REM,True,0.5071512005944416,1
20220421T230923 - 2ccca,474,REM,True,0.4876352133039692,0
20220421T230923 - 2ccca,475,N1,True,0.5437418983631144,1
20220421T230923 - 2ccca,476,N1,True,0.4999970418821194,0
20220421T230923 - 2ccca,477,N1,True,0.4838220476456497,0
20220421T230923 - 2ccca,478,N1,True,0.5401537037549736,1
20220421T230923 - 2ccca,479,N1,True,0.5058280577260063,1
20220421T230923 - 2ccca,480,N1,False,0.4943093243224226,0
20220421T230923 - 2ccca,481,N1,True,0.5236298966262772,1
20220421T230923 - 2ccca,482,N1,True,0.515244578776665,1
20220421T230923 - 2ccca,483,N1,True,0.5261178079683462,1
20220421T230923 - 2ccca,484,N1,True,0.5129677579379058,1
20220421T230923 - 2ccca,485,N1,True,0.5184817007155877,1
20220421T230923 - 2ccca,486,N1,True,0.5268954305656507,1
20220421T230923 - 2ccca,487,N1,True,0.5618439098168054,1
20220421T230923 - 2ccca,488,N1,True,0.5167132409888208,1
20220421T230923 - 2ccca,489,N1,True,0.47064493735559476,0
20220421T230923 - 2ccca,490,N1,True,0.48969662686561144,0
20220421T230923 - 2ccca,491,N1,True,0.47895934105168203,0
20220421T230923 - 2ccca,492,N1,True,0.5234498748851905,1
20220421T230923 - 2ccca,493,N1,True,0.49250642116252125,0
20220421T230923 - 2ccca,494,W,False,0.42593646988514666,0
20220421T230923 - 2ccca,495,W,False,0.3563008826202438,0
20220421T230923 - 2ccca,496,W,True,0.4154301461229857,0
20220421T230923 - 2ccca,497,N1,True,0.5228639624814634,1
20220421T230923 - 2ccca,498,N1,True,0.5638349833170431,1
20220421T230923 - 2ccca,499,W,False,0.4019147549351946,0
20220421T230923 - 2ccca,500,W,True,0.34117726979537266,0
20220421T230923 - 2ccca,501,N1,True,0.4505275851652258,0
20220421T230923 - 2ccca,502,N1,True,0.49206593148069044,0
20220421T230923 - 2ccca,503,N1,True,0.5298018724679672,1
20220421T230923 - 2ccca,504,N1,True,0.5629260733404379,1
20220421T230923 - 2ccca,505,N1,True,0.5391161799856311,1
20220421T230923 - 2ccca,506,N1,True,0.5473243346269077,1
20220421T230923 - 2ccca,507,N1,False,0.5649466782964973,1
20220421T230923 - 2ccca,508,N1,True,0.5580747141481666,1
20220421T230923 - 2ccca,509,N1,True,0.5030620112124808,1
20220421T230923 - 2ccca,510,N2,True,0.46672072041555834,0
20220421T230923 - 2ccca,511,N1,True,0.5028516214898082,1
20220421T230923 - 2ccca,512,N1,True,0.5244120141566226,1
20220421T230923 - 2ccca,513,N1,True,0.5657897425693785,1
20220421T230923 - 2ccca,514,N1,True,0.526561345174321,1
20220421T230923 - 2ccca,515,N1,True,0.5638973310390912,1
20220421T230923 - 2ccca,516,N2,True,0.46199166474638775,0
20220421T230923 - 2ccca,517,N1,True,0.46651344484623536,0
20220421T230923 - 2ccca,518,N1,True,0.5424895654508597,1
20220421T230923 - 2ccca,519,N1,True,0.4559950377922778,0
20220421T230923 - 2ccca,520,N1,True,0.5087860289463202,1
20220421T230923 - 2ccca,521,N1,True,0.5088536259159251,1
20220421T230923 - 2ccca,522,N1,True,0.5638554401662755,1
20220421T230923 - 2ccca,523,N1,True,0.5690041734798144,1
20220421T230923 - 2ccca,524,N1,True,0.4987215658168575,0
20220421T230923 - 2ccca,525,N1,True,0.4709622358433323,0
20220421T230923 - 2ccca,526,N1,True,0.49955762161079403,0
20220421T230923 - 2ccca,527,N2,True,0.47926067284442986,0
20220421T230923 - 2ccca,528,N1,True,0.5352685975335066,1
20220421T230923 - 2ccca,529,N1,True,0.49073010993080163,0
20220421T230923 - 2ccca,530,N2,True,0.4889870431486915,0
20220421T230923 - 2ccca,531,N2,True,0.5363800732186557,1
20220421T230923 - 2ccca,532,N2,True,0.46070248366354605,0
20220421T230923 - 2ccca,533,N1,True,0.49897151148259833,0
20220421T230923 - 2ccca,534,N1,True,0.48689480250876704,0
20220421T230923 - 2ccca,535,N1,True,0.4255479594074152,0
20220421T230923 - 2ccca,536,N1,True,0.5216789998374312,1
20220421T230923 - 2ccca,537,N2,True,0.40841567136797535,0
20220421T230923 - 2ccca,538,N1,True,0.49063531787759124,0
20220421T230923 - 2ccca,539,N1,True,0.5008759048441302,1
20220421T230923 - 2ccca,540,N1,True,0.5515149593061799,1
20220421T230923 - 2ccca,541,N1,True,0.5361966738412773,1
20220421T230923 - 2ccca,542,N1,True,0.47628066049062995,0
20220421T230923 - 2ccca,543,W,True,0.41989765312877236,0
20220421T230923 - 2ccca,544,N1,True,0.45233884823320386,0
20220421T230923 - 2ccca,545,N1,True,0.5199266424448878,1
20220421T230923 - 2ccca,546,N1,True,0.516465733202891,1
20220421T230923 - 2ccca,547,N1,True,0.5091129416543453,1
20220421T230923 - 2ccca,548,N1,True,0.4719482895325131,0
20220421T230923 - 2ccca,549,W,False,0.44984228309489843,0
20220421T230923 - 2ccca,550,W,True,0.44899919961285234,0
20220421T230923 - 2ccca,551,N1,True,0.5585164145594519,1
20220421T230923 - 2ccca,552,N1,True,0.5106357487149872,1
20220421T230923 - 2ccca,553,N1,True,0.5109463757361122,1
20220421T230923 - 2ccca,554,N1,True,0.5350611219749208,1
20220421T230923 - 2ccca,555,N1,True,0.5167094836342215,1
20220421T230923 - 2ccca,556,N1,True,0.563594465939814,1
20220421T230923 - 2ccca,557,N1,True,0.5321130111485931,1
20220421T230923 - 2ccca,558,N1,True,0.5232063206358596,1
20220421T230923 - 2ccca,559,N1,True,0.5442522147955284,1
20220421T230923 - 2ccca,560,N2,True,0.49845522565793954,0
20220421T230923 - 2ccca,561,N1,True,0.5775127851276243,1
20220421T230923 - 2ccca,562,N1,True,0.502210975122399,1
20220421T230923 - 2ccca,563,N1,True,0.5132211681209583,1
20220421T230923 - 2ccca,564,N1,True,0.4773790188500762,0
20220421T230923 - 2ccca,565,N1,True,0.4779769631137812,0
20220421T230923 - 2ccca,566,N1,True,0.5010936740069297,1
20220421T230923 - 2ccca,567,N1,False,0.457334050244446,0
20220421T230923 - 2ccca,568,N1,True,0.5052222248443842,1
20220421T230923 - 2ccca,569,N1,True,0.4610229143281411,0
20220421T230923 - 2ccca,570,N1,True,0.421155638455898,0
20220421T230923 - 2ccca,571,N1,True,0.4976984438980162,0
20220421T230923 - 2ccca,572,N1,True,0.4499865846194322,0
20220421T230923 - 2ccca,573,N1,True,0.4913167582122743,0
20220421T230923 - 2ccca,574,N2,True,0.4656944943917442,0
20220421T230923 - 2ccca,575,N1,True,0.514306550226792,1
20220421T230923 - 2ccca,576,N2,True,0.43294969520119236,0
20220421T230923 - 2ccca,577,N1,True,0.5018679831525155,1
20220421T230923 - 2ccca,578,N1,True,0.5119973496399648,1
20220421T230923 - 2ccca,579,N1,True,0.5376242099251287,1
20220421T230923 - 2ccca,580,N1,True,0.48742068279175044,0
20220421T230923 - 2ccca,581,W,True,0.4390875371297133,0
20220421T230923 - 2ccca,582,N1,True,0.5248983261914989,1
20220421T230923 - 2ccca,583,N1,True,0.5092079012047138,1
20220421T230923 - 2ccca,584,N1,True,0.5200967511784221,1
20220421T230923 - 2ccca,585,N1,True,0.5360165273885843,1
20220421T230923 - 2ccca,586,N1,True,0.5514699913837661,1
20220421T230923 - 2ccca,587,N1,True,0.5489362537018606,1
20220421T230923 - 2ccca,588,N1,True,0.5101963691740842,1
20220421T230923 - 2ccca,589,N1,False,0.5319862912800339,1
20220421T230923 - 2ccca,590,N1,True,0.46715483873651165,0
20220421T230923 - 2ccca,591,N1,True,0.5313415390237928,1
20220421T230923 - 2ccca,592,N1,True,0.5249153129234267,1
20220421T230923 - 2ccca,593,N1,True,0.5026480733901425,1
20220421T230923 - 2ccca,594,N1,True,0.5201535735143745,1
20220421T230923 - 2ccca,595,N1,True,0.5211525581073477,1
20220421T230923 - 2ccca,596,N1,True,0.45823856839734334,0
20220421T230923 - 2ccca,597,N1,True,0.5490529415738777,1
20220421T230923 - 2ccca,598,N1,True,0.45681490327165375,0
20220421T230923 - 2ccca,599,N1,True,0.5134660038621803,1
20220421T230923 - 2ccca,600,N1,True,0.5107900081614688,1
20220421T230923 - 2ccca,601,N1,True,0.4616229798472674,0
20220421T230923 - 2ccca,602,N1,True,0.4836753669589256,0
20220421T230923 - 2ccca,603,N2,True,0.4934210499671164,0
20220421T230923 - 2ccca,604,N1,True,0.48392272558721944,0
20220421T230923 - 2ccca,605,N1,True,0.5201633200317998,1
20220421T230923 - 2ccca,606,N1,True,0.5318420622588308,1
20220421T230923 - 2ccca,607,N1,True,0.5133364806885655,1
20220421T230923 - 2ccca,608,N1,True,0.5129855696505687,1
20220421T230923 - 2ccca,609,N1,True,0.4691905712140044,0
20220421T230923 - 2ccca,610,N1,True,0.5314966451665605,1
20220421T230923 - 2ccca,611,N1,True,0.5253851590855545,1
20220421T230923 - 2ccca,612,N1,True,0.510724353773432,1
20220421T230923 - 2ccca,613,N1,True,0.528731899063188,1
20220421T230923 - 2ccca,614,N1,True,0.5255979347290051,1
20220421T230923 - 2ccca,615,N1,True,0.46852787245423877,0
20220421T230923 - 2ccca,616,N1,True,0.49768310791043663,0
20220421T230923 - 2ccca,617,N1,True,0.5218951873563775,1
20220421T230923 - 2ccca,618,N1,True,0.5143888085650414,1
20220421T230923 - 2ccca,619,N1,True,0.44452126042105483,0
20220421T230923 - 2ccca,620,N1,True,0.502645694001173,1
20220421T230923 - 2ccca,621,W,True,0.453729015419689,0
20220421T230923 - 2ccca,622,N1,True,0.5266270553433529,1
20220421T230923 - 2ccca,623,N1,True,0.5431107838657321,1
20220421T230923 - 2ccca,624,N1,True,0.5088227411790964,1
20220421T230923 - 2ccca,625,N1,True,0.5269118724989228,1
20220421T230923 - 2ccca,626,W,True,0.5173385202255635,1
20220421T230923 - 2ccca,627,N1,True,0.4330223292434849,0
20220421T230923 - 2ccca,628,N1,True,0.5454283622081203,1
20220421T230923 - 2ccca,629,N1,True,0.5296711357396119,1
20220421T230923 - 2ccca,630,N1,True,0.5081753370025174,1
20220421T230923 - 2ccca,631,N1,True,0.5572672110894163,1
20220421T230923 - 2ccca,632,N1,True,0.5139441945234602,1
20220421T230923 - 2ccca,633,N2,True,0.5268407600616528,1
20220421T230923 - 2ccca,634,N1,True,0.4955517140516507,0
20220421T230923 - 2ccca,635,N1,True,0.4928066495428174,0
20220421T230923 - 2ccca,636,N1,True,0.48767914538639867,0
20220421T230923 - 2ccca,637,N1,True,0.42070778545176046,0
20220421T230923 - 2ccca,638,N1,True,0.5558722705755854,1
20220421T230923 - 2ccca,639,N1,True,0.5185619078092906,1
20220421T230923 - 2ccca,640,N1,True,0.5118307710837113,1
20220421T230923 - 2ccca,641,N1,True,0.4482364409298082,0
20220421T230923 - 2ccca,642,N1,True,0.4524595449872376,0
20220421T230923 - 2ccca,643,N1,True,0.5681781101766609,1
20220421T230923 - 2ccca,644,N1,True,0.5333747080633183,1
20220421T230923 - 2ccca,645,N1,False,0.559423089112549,1
20220421T230923 - 2ccca,646,N1,True,0.5511740322399565,1
20220421T230923 - 2ccca,647,N1,True,0.5615358771338836,1
20220421T230923 - 2ccca,648,N1,True,0.5554177616875328,1
20220421T230923 - 2ccca,649,N1,True,0.5138524881113161,1
20220421T230923 - 2ccca,650,N1,True,0.5316202830137082,1
20220421T230923 - 2ccca,651,N1,True,0.5098152563131478,1
20220421T230923 - 2ccca,652,N1,True,0.5362390051176835,1
20220421T230923 - 2ccca,653,N1,False,0.5651506046255996,1
20220421T230923 - 2ccca,654,N1,True,0.6043127581571783,1
20220421T230923 - 2ccca,655,N1,True,0.5530383135556443,1
20220421T230923 - 2ccca,656,N1,True,0.5524538611113793,1
20220421T230923 - 2ccca,657,N1,True,0.5457049536088578,1
20220421T230923 - 2ccca,658,N1,False,0.5402109700675373,1
20220421T230923 - 2ccca,659,N1,True,0.5529689050683478,1
20220421T230923 - 2ccca,660,N1,True,0.5475230151844759,1
20220421T230923 - 2ccca,661,N1,True,0.5671203688503295,1
20220421T230923 - 2ccca,662,N1,False,0.5501434964195745,1
20220421T230923 - 2ccca,663,N1,True,0.5262991238549811,1
20220421T230923 - 2ccca,664,N1,True,0.5452563695848481,1
20220421T230923 - 2ccca,665,N1,True,0.5582013848614215,1
20220421T230923 - 2ccca,666,N1,True,0.5335269452946965,1
20220421T230923 - 2ccca,667,N1,True,0.4187912041857708,0
20220421T230923 - 2ccca,668,N1,True,0.4232584708462068,0
20220421T230923 - 2ccca,669,N1,True,0.54817982336237,1
20220421T230923 - 2ccca,670,N1,True,0.5471136280482517,1
20220421T230923 - 2ccca,671,N1,True,0.5073508933547354,1
20220421T230923 - 2ccca,672,W,True,0.49514147503077166,0
20220421T230923 - 2ccca,673,N1,True,0.5044893938585581,1
20220421T230923 - 2ccca,674,N1,True,0.5427806476182059,1
20220421T230923 - 2ccca,675,N1,True,0.4509832686328016,0
20220421T230923 - 2ccca,676,N1,True,0.5169684241316154,1
20220421T230923 - 2ccca,677,N1,True,0.5984676905266423,1
20220421T230923 - 2ccca,678,N1,True,0.5721707278044292,1
20220421T230923 - 2ccca,679,N1,True,0.5077100297962,1
20220421T230923 - 2ccca,680,REM,True,0.48278888110063173,0
20220421T230923 - 2ccca,681,REM,True,0.5447496499422514,1
20220421T230923 - 2ccca,682,REM,True,0.43147035319185634,0
20220421T230923 - 2ccca,683,REM,True,0.49039973915552865,0
20220421T230923 - 2ccca,684,REM,False,0.43474106124508927,0
20220421T230923 - 2ccca,685,REM,True,0.49903690390490657,0
20220421T230923 - 2ccca,686,REM,True,0.5299928288785716,1
20220421T230923 - 2ccca,687,REM,True,0.502094098350309,1
20220421T230923 - 2ccca,688,REM,True,0.4633270706430239,0
20220421T230923 - 2ccca,689,REM,True,0.4781099188853337,0
20220421T230923 - 2ccca,690,REM,False,0.4559974674583238,0
20220421T230923 - 2ccca,691,REM,True,0.49571493677956197,0
20220421T230923 - 2ccca,692,REM,True,0.5081251480136197,1
20220421T230923 - 2ccca,693,REM,True,0.5121977634928438,1
20220421T230923 - 2ccca,694,REM,True,0.49002441596960394,0
20220421T230923 - 2ccca,695,REM,True,0.5176769847564048,1
20220421T230923 - 2ccca,696,REM,True,0.42725455069544965,0
20220421T230923 - 2ccca,697,REM,True,0.36494706351902956,0
20220421T230923 - 2ccca,698,REM,True,0.48884332303798117,0
20220421T230923 - 2ccca,699,REM,True,0.4744590883676014,0
20220421T230923 - 2ccca,700,REM,False,0.4289088114861307,0
20220421T230923 - 2ccca,701,REM,True,0.41535613729006043,0
20220421T230923 - 2ccca,702,W,True,0.40219735076169116,0
20220421T230923 - 2ccca,703,REM,True,0.4720650124444369,0
20220421T230923 - 2ccca,704,REM,True,0.48425632185291695,0
20220421T230923 - 2ccca,705,REM,False,0.46301500813212554,0
20220421T230923 - 2ccca,706,REM,True,0.4439109122069634,0
20220421T230923 - 2ccca,707,REM,True,0.407140999872873,0
20220421T230923 - 2ccca,708,REM,True,0.4848545314027383,0
20220421T230923 - 2ccca,709,REM,False,0.49668344361634814,0
20220421T230923 - 2ccca,710,REM,True,0.4722095890000563,0
20220421T230923 - 2ccca,711,REM,True,0.5132942370293267,1
20220421T230923 - 2ccca,712,REM,True,0.4474388560079521,0
20220421T230923 - 2ccca,713,REM,True,0.4291487585411394,0
20220421T230923 - 2ccca,714,REM,False,0.4226817302491328,0
20220421T230923 - 2ccca,715,REM,True,0.43276702547666274,0
20220421T230923 - 2ccca,716,REM,True,0.48298372175001014,0
20220421T230923 - 2ccca,717,REM,False,0.5053074707706264,1
20220421T230923 - 2ccca,718,REM,True,0.4301368484811546,0
20220421T230923 - 2ccca,719,REM,True,0.4058559545276799,0
20220421T230923 - 2ccca,720,REM,False,0.34261623086522436,0
20220421T230923 - 2ccca,721,W,True,0.36838619466804745,0
20220421T230923 - 2ccca,722,REM,False,0.20699009083857134,0
20220421T230923 - 2ccca,723,REM,True,0.3622813264485387,0
20220421T230923 - 2ccca,724,REM,True,0.33974155336378203,0
20220421T230923 - 2ccca,725,REM,True,0.3592969221532614,0
20220421T230923 - 2ccca,726,REM,True,0.3492883419419025,0
20220421T230923 - 2ccca,727,REM,True,0.43730983896108727,0
20220421T230923 - 2ccca,728,REM,True,0.38646639615938105,0
20220421T230923 - 2ccca,729,REM,True,0.3882700489038484,0
20220421T230923 - 2ccca,730,REM,True,0.4028986994257526,0
20220421T230923 - 2ccca,731,REM,True,0.45942759527020144,0
20220421T230923 - 2ccca,732,REM,True,0.47023056675207586,0
20220421T230923 - 2ccca,733,REM,True,0.39348848387727864,0
20220421T230923 - 2ccca,734,REM,True,0.4308283332349856,0
20220421T230923 - 2ccca,735,REM,True,0.42434403630016226,0
20220421T230923 - 2ccca,736,REM,True,0.40773590067607274,0
20220421T230923 - 2ccca,737,REM,True,0.44920454549721084,0
20220421T230923 - 2ccca,738,REM,True,0.45600857203979944,0
20220421T230923 - 2ccca,739,REM,True,0.4138436993923038,0
20220421T230923 - 2ccca,740,REM,True,0.42943234132283126,0
20220421T230923 - 2ccca,741,REM,True,0.4222254336541659,0
20220421T230923 - 2ccca,742,REM,True,0.36788293912829495,0
20220421T230923 - 2ccca,743,W,True,0.3771544762849555,0
20220421T230923 - 2ccca,744,N1,True,0.3866162133673792,0
20220902T232511 - 05138,0,N1,True,0.5593173246488611,1
20220902T232511 - 05138,1,N1,True,0.549128084547013,1
20220902T232511 - 05138,2,N1,True,0.5656703277969014,1
20220902T232511 - 05138,3,N1,True,0.5971239642557482,1
20220902T232511 - 05138,4,N1,True,0.5879623042878326,1
20220902T232511 - 05138,5,N1,True,0.5926930650116149,1
20220902T232511 - 05138,6,N1,True,0.6079180786185134,1
20220902T232511 - 05138,7,N1,True,0.5312548335341617,1
20220902T232511 - 05138,8,N1,True,0.6195937413646017,1
20220902T232511 - 05138,9,N1,False,0.6036190541553069,1
20220902T232511 - 05138,10,N1,True,0.5422653092801624,1
20220902T232511 - 05138,11,N1,True,0.5698144544204387,1
20220902T232511 - 05138,12,N1,True,0.6187614325487475,1
20220902T232511 - 05138,13,N1,True,0.578307883239993,1
20220902T232511 - 05138,14,N1,True,0.581873786461497,1
20220902T232511 - 05138,15,N1,True,0.553189588553443,1
20220902T232511 - 05138,16,N1,True,0.5632426016432014,1
20220902T232511 - 05138,17,N1,True,0.5641263729244538,1
20220902T232511 - 05138,18,N1,True,0.5416598026958858,1
20220902T232511 - 05138,19,N1,True,0.564899172270441,1
20220902T232511 - 05138,20,N1,True,0.5593353798399189,1
20220902T232511 - 05138,21,N1,True,0.556000736231827,1
20220902T232511 - 05138,22,N1,True,0.5633889007028854,1
20220902T232511 - 05138,23,N1,True,0.5686359845559906,1
20220902T232511 - 05138,24,N1,False,0.5566313804093347,1
20220902T232511 - 05138,25,N1,True,0.5734324722609684,1
20220902T232511 - 05138,26,N1,True,0.5471477415848542,1
20220902T232511 - 05138,27,N1,False,0.5841783947432844,1
20220902T232511 - 05138,28,N1,True,0.5840618432081834,1
20220902T232511 - 05138,29,N2,True,0.550023867006787,1
20220902T232511 - 05138,30,N1,True,0.5988118611020561,1
20220902T232511 - 05138,31,N1,True,0.5826004527768603,1
20220902T232511 - 05138,32,N2,True,0.5673616401172358,1
20220902T232511 - 05138,33,N1,True,0.5959657330092546,1
20220902T232511 - 05138,34,N2,True,0.5720072264872548,1
20220902T232511 - 05138,35,N2,True,0.566802843000025,1
20220902T232511 - 05138,36,N1,True,0.6013475457246221,1
20220902T232511 - 05138,37,N2,True,0.596072073993261,1
20220902T232511 - 05138,38,N2,True,0.5750088755681931,1
20220902T232511 - 05138,39,N2,True,0.5723330392426301,1
20220902T232511 - 05138,40,N2,True,0.5636472287185235,1
20220902T232511 - 05138,41,N2,True,0.5830209736821077,1
20220902T232511 - 05138,42,N1,True,0.5884661718062965,1
20220902T232511 - 05138,43,N2,True,0.564104593353597,1
20220902T232511 - 05138,44,N1,True,0.572351799308702,1
20220902T232511 - 05138,45,N2,True,0.564856209768484,1
20220902T232511 - 05138,46,N1,True,0.6143344875264871,1
20220902T232511 - 05138,47,N1,True,0.5971856486041375,1
20220902T232511 - 05138,48,N1,True,0.5972315290694921,1
20220902T232511 - 05138,49,N1,True,0.5964047002548178,1
20220902T232511 - 05138,50,N2,True,0.5786468919419305,1
20220902T232511 - 05138,51,N1,True,0.6016878419541958,1
20220902T232511 - 05138,52,N1,True,0.6710175123507213,1
20220902T232511 - 05138,53,N2,True,0.52921256506111,1
20220902T232511 - 05138,54,N1,True,0.6536230473580272,1
20220902T232511 - 05138,55,N1,True,0.6190942143305802,1
20220902T232511 - 05138,56,N1,True,0.549126405982068,1
20220902T232511 - 05138,57,N1,True,0.5698823130682211,1
20220902T232511 - 05138,58,N1,True,0.5542836390807543,1
20220902T232511 - 05138,59,N1,True,0.5591314635102509,1
20220902T232511 - 05138,60,N1,True,0.5862257921198077,1
20220902T232511 - 05138,61,N1,True,0.5558773648747181,1
20220902T232511 - 05138,62,N1,True,0.5708310077642609,1
20220902T232511 - 05138,63,N1,True,0.6131544345712103,1
20220902T232511 - 05138,64,N1,True,0.5615031811949437,1
20220902T232511 - 05138,65,N1,True,0.5714722042915635,1
20220902T232511 - 05138,66,N1,True,0.5126473341349801,1
20220902T232511 - 05138,67,N1,True,0.4093092575617927,0
20220902T232511 - 05138,68,N1,True,0.4881295235877343,0
20220902T232511 - 05138,69,N1,True,0.4529514264299774,0
20220902T232511 - 05138,70,N1,True,0.4958639730698355,0
20220902T232511 - 05138,71,N1,True,0.452755040130732,0
20220902T232511 - 05138,72,N1,True,0.3952877624946955,0
20220902T232511 - 05138,73,N1,True,0.38064692799355254,0
20220902T232511 - 05138,74,N1,True,0.40308679182710255,0
20220902T232511 - 05138,75,N1,True,0.5441834623735408,1
20220902T232511 - 05138,76,N1,True,0.4881727280388013,0
20220902T232511 - 05138,77,N1,True,0.5739569415354514,1
20220902T232511 - 05138,78,N1,True,0.565210982237799,1
20220902T232511 - 05138,79,W,True,0.4705113326175464,0
20220902T232511 - 05138,80,N1,True,0.6041346265346255,1
20220902T232511 - 05138,81,N1,True,0.599560971239248,1
20220902T232511 - 05138,82,N1,True,0.47573112253136,0
20220902T232511 - 05138,83,N1,False,0.5696711550638822,1
20220902T232511 - 05138,84,N1,True,0.5307065372310593,1
20220902T232511 - 05138,85,N1,True,0.5881425101014578,1
20220902T232511 - 05138,86,N1,True,0.6661317860329595,1
20220902T232511 - 05138,87,N1,True,0.6495611464501903,1
20220902T232511 - 05138,88,N1,True,0.5190611995683628,1
20220902T232511 - 05138,89,N1,True,0.5195794999750892,1
20220902T232511 - 05138,90,N1,True,0.5029825112124947,1
20220902T232511 - 05138,91,N1,True,0.4894787511917812,0
20220902T232511 - 05138,92,N1,True,0.5517843174689652,1
20220902T232511 - 05138,93,N1,True,0.6516980164611383,1
20220902T232511 - 05138,94,N1,True,0.6176026046726758,1
20220902T232511 - 05138,95,N1,True,0.6336321149893074,1
20220902T232511 - 05138,96,N1,True,0.583689757257353,1
20220902T232511 - 05138,97,N1,True,0.5997541189967347,1
20220902T232511 - 05138,98,N1,True,0.6362578440696187,1
20220902T232511 - 05138,99,N1,True,0.520772828193162,1
20220902T232511 - 05138,100,N1,True,0.5792777618189905,1
20220902T232511 - 05138,101,N1,True,0.4311589191589469,0
20220902T232511 - 05138,102,N1,True,0.4613279905426236,0
20220902T232511 - 05138,103,N1,True,0.47221690640881014,0
20220902T232511 - 05138,104,N1,True,0.46749773049126575,0
20220902T232511 - 05138,105,N1,True,0.38194554311780526,0
20220902T232511 - 05138,106,N1,True,0.44974246809638513,0
20220902T232511 - 05138,107,N1,True,0.46664800209777724,0
20220902T232511 - 05138,108,N1,True,0.5197438245371903,1
20220902T232511 - 05138,109,N1,True,0.47709272921446005,0
20220902T232511 - 05138,110,N1,True,0.5050856824176887,1
20220902T232511 - 05138,111,N1,True,0.5396343365624999,1
20220902T232511 - 05138,112,N1,True,0.6143084200288927,1
20220902T232511 - 05138,113,N1,False,0.6608931394949501,1
20220902T232511 - 05138,114,N1,True,0.5975920107901578,1
20220902T232511 - 05138,115,N1,True,0.5687265490339032,1
20220902T232511 - 05138,116,N1,True,0.6168322813040789,1
20220902T232511 - 05138,117,N1,True,0.45106763162195085,0
20220902T232511 - 05138,118,N1,True,0.6032262613884675,1
20220902T232511 - 05138,119,N1,True,0.6288884730418253,1
20220902T232511 - 05138,120,N1,True,0.5461849541654996,1
20220902T232511 - 05138,121,N1,True,0.5937544973026763,1
20220902T232511 - 05138,122,N1,True,0.5252416849993231,1
20220902T232511 - 05138,123,W,True,0.5843296210265231,1
20220902T232511 - 05138,124,N1,True,0.5086644951036061,1
20220902T232511 - 05138,125,N2,True,0.47084305708384355,0
20220902T232511 - 05138,126,N1,True,0.45994861947124877,0
20220902T232511 - 05138,127,N2,True,0.4287800904828946,0
20220902T232511 - 05138,128,N1,True,0.5098894396008533,1
20220902T232511 - 05138,129,N1,True,0.4408517483645425,0
20220902T232511 - 05138,130,N2,True,0.4655983495056204,0
20220902T232511 - 05138,131,N2,True,0.45117213197176015,0
20220902T232511 - 05138,132,N1,True,0.5931992445069608,1
20220902T232511 - 05138,133,N1,True,0.5053576028147184,1
20220902T232511 - 05138,134,N2,True,0.43680392492213016,0
20220902T232511 - 05138,135,N2,True,0.511536082217006,1
20220902T232511 - 05138,136,W,True,0.40911559331724506,0
20220902T232511 - 05138,137,N1,True,0.4155955900463434,0
20220902T232511 - 05138,138,N2,True,0.49367849253833,0
20220902T232511 - 05138,139,N2,True,0.42457592042329284,0
20220902T232511 - 05138,140,N2,True,0.45735271551117457,0
20220902T232511 - 05138,141,N2,True,0.567406746716831,1
20220902T232511 - 05138,142,N2,True,0.532613262984195,1
20220902T232511 - 05138,143,N1,False,0.5816870231500798,1
20220902T232511 - 05138,144,N1,True,0.5591126945454638,1
20220902T232511 - 05138,145,N2,True,0.49642974830273756,0
20220902T232511 - 05138,146,N1,True,0.4615156839557132,0
20220902T232511 - 05138,147,N2,True,0.49782390518066805,0
20220902T232511 - 05138,148,N1,True,0.5383038660617621,1
20220902T232511 - 05138,149,N1,True,0.46076328662569677,0
20220902T232511 - 05138,150,N2,True,0.4275819005572098,0
20220902T232511 - 05138,151,N2,True,0.47651018116252497,0
20220902T232511 - 05138,152,N1,True,0.5647322919242632,1
20220902T232511 - 05138,153,N1,True,0.43377444615537075,0
20220902T232511 - 05138,154,N1,True,0.4789579210154525,0
20220902T232511 - 05138,155,N2,True,0.4132667569419211,0
20220902T232511 - 05138,156,N1,True,0.5268727206474327,1
20220902T232511 - 05138,157,N1,True,0.43627341445651746,0
20220902T232511 - 05138,158,N1,True,0.4560348380882991,0
20220902T232511 - 05138,159,N1,True,0.47756945460806416,0
20220902T232511 - 05138,160,N1,True,0.508687846646959,1
20220902T232511 - 05138,161,N1,True,0.4608553772538361,0
20220902T232511 - 05138,162,N2,True,0.5387973786471894,1
20220902T232511 - 05138,163,N1,True,0.4468769121044598,0
20220902T232511 - 05138,164,N1,True,0.4914086876899833,0
20220902T232511 - 05138,165,N2,True,0.47721914941328586,0
20220902T232511 - 05138,166,N2,True,0.3408402894596674,0
20220902T232511 - 05138,167,N1,True,0.5579001980092406,1
20220902T232511 - 05138,168,N2,True,0.5768226433576258,1
20220902T232511 - 05138,169,N1,True,0.6496918356623931,1
20220902T232511 - 05138,170,W,True,0.5009236909847907,1
20220902T232511 - 05138,171,N1,True,0.4735406319221409,0
20220902T232511 - 05138,172,N1,True,0.4287378440041698,0
20220902T232511 - 05138,173,N2,False,0.39742021203207095,0
20220902T232511 - 05138,174,W,True,0.41558110573791424,0
20220902T232511 - 05138,175,N2,True,0.5691941325723179,1
20220902T232511 - 05138,176,N2,True,0.5059609057860124,1
20220902T232511 - 05138,177,N2,True,0.5357997557387938,1
20220902T232511 - 05138,178,N2,True,0.48717828657279383,0
20220902T232511 - 05138,179,N2,True,0.6117166128374599,1
20220902T232511 - 05138,180,N2,True,0.5723535913231611,1
20220902T232511 - 05138,181,N2,True,0.43133257146708687,0
20220902T232511 - 05138,182,N2,True,0.5546380003744761,1
20220902T232511 - 05138,183,N2,True,0.49098665468756264,0
20220902T232511 - 05138,184,N2,True,0.4595112376940225,0
20220902T232511 - 05138,185,N1,True,0.5094726163541892,1
20220902T232511 - 05138,186,N1,True,0.6290986430235381,1
20220902T232511 - 05138,187,N2,True,0.5717968406945689,1
20220902T232511 - 05138,188,W,True,0.5467533885621249,1
20220902T232511 - 05138,189,N1,True,0.5570610780740841,1
20220902T232511 - 05138,190,N1,True,0.6062240668340158,1
20220902T232511 - 05138,191,N1,True,0.5089484107529706,1
20220902T232511 - 05138,192,N2,True,0.49105072815291145,0
20220902T232511 - 05138,193,N1,True,0.6711198056547115,1
20220902T232511 - 05138,194,N2,True,0.5151580057874247,1
20220902T232511 - 05138,195,N2,True,0.5605384232731214,1
20220902T232511 - 05138,196,N1,True,0.6156840306119418,1
20220902T232511 - 05138,197,N1,True,0.5850180322628983,1
20220902T232511 - 05138,198,N1,True,0.5282865307048717,1
20220902T232511 - 05138,199,N1,True,0.5611124693978169,1
20220902T232511 - 05138,200,N1,True,0.5098284099768281,1
20220902T232511 - 05138,201,W,True,0.48983219333197014,0
20220902T232511 - 05138,202,N1,True,0.542604160823422,1
20220902T232511 - 05138,203,N2,True,0.45740087353379805,0
20220902T232511 - 05138,204,N2,True,0.5589065918543101,1
20220902T232511 - 05138,205,N2,True,0.5245016088072653,1
20220902T232511 - 05138,206,N2,True,0.43147885695176214,0
20220902T232511 - 05138,207,N1,True,0.5374152862374908,1
20220902T232511 - 05138,208,N1,True,0.5999176756705858,1
20220902T232511 - 05138,209,N1,True,0.5920264067275792,1
20220902T232511 - 05138,210,N1,True,0.5464944836264168,1
20220902T232511 - 05138,211,N2,True,0.48404644955381054,0
20220902T232511 - 05138,212,N1,True,0.5537744834906316,1
20220902T232511 - 05138,213,N1,True,0.44277235928079023,0
20220902T232511 - 05138,214,N2,True,0.583537596724987,1
20220902T232511 - 05138,215,N1,True,0.7029594816497752,1
20220902T232511 - 05138,216,N1,True,0.5994657017979471,1
20220902T232511 - 05138,217,N1,True,0.5451516662381719,1
20220902T232511 - 05138,218,N2,True,0.578237665125172,1
20220902T232511 - 05138,219,N1,True,0.529889459812746,1
20220902T232511 - 05138,220,N2,False,0.5047935831997197,1
20220902T232511 - 05138,221,W,True,0.5775013570888741,1
20220902T232511 - 05138,222,N2,True,0.4855132382060412,0
20220902T232511 - 05138,223,N2,True,0.531907055712287,1
20220902T232511 - 05138,224,N2,True,0.4550410642164887,0
20220902T232511 - 05138,225,N2,True,0.4836685910126928,0
20220902T232511 - 05138,226,N2,True,0.5046971012073915,1
20220902T232511 - 05138,227,N2,True,0.5553495577493469,1
20220902T232511 - 05138,228,N2,True,0.5271966008541482,1
20220902T232511 - 05138,229,N2,True,0.6506441122662804,1
20220902T232511 - 05138,230,N1,True,0.5679462165603053,1
20220902T232511 - 05138,231,N2,True,0.46740463271555294,0
20220902T232511 - 05138,232,N2,True,0.455531323707329,0
20220902T232511 - 05138,233,N2,True,0.5187674715399675,1
20220902T232511 - 05138,234,N2,True,0.38586964433420734,0
20220902T232511 - 05138,235,N1,True,0.5437010158728881,1
20220902T232511 - 05138,236,N2,True,0.5048801109266696,1
20220902T232511 - 05138,237,N1,True,0.5218146242238572,1
20220902T232511 - 05138,238,N1,False,0.5082524435587207,1
20220902T232511 - 05138,239,N1,True,0.461343874025034,0
20220902T232511 - 05138,240,N2,True,0.4626889590651471,0
20220902T232511 - 05138,241,W,True,0.5091472009059854,1
20220902T232511 - 05138,242,N1,False,0.5280247662518149,1
20220902T232511 - 05138,243,W,True,0.41894390145923177,0
20220902T232511 - 05138,244,N2,True,0.2905795357048398,0
20220902T232511 - 05138,245,N2,True,0.4313890132030797,0
20220902T232511 - 05138,246,N2,True,0.44361565776607087,0
20220902T232511 - 05138,247,N1,True,0.49157130447456154,0
20220902T232511 - 05138,248,N2,True,0.40266598103319423,0
20220902T232511 - 05138,249,N1,False,0.5741947702347499,1
20220902T232511 - 05138,250,W,False,0.4899568076491005,0
20220902T232511 - 05138,251,W,False,0.5101134693565362,1
20220902T232511 - 05138,252,W,True,0.516866291699596,1
20220902T232511 - 05138,253,N1,False,0.49459282196279747,0
20220902T232511 - 05138,254,W,True,0.46194675631469656,0
20220902T232511 - 05138,255,N1,True,0.5034271825476603,1
20220902T232511 - 05138,256,N1,True,0.4720784199310896,0
20220902T232511 - 05138,257,N1,False,0.4331886588194997,0
20220902T232511 - 05138,258,REM,True,0.44597514303432434,0
20220902T232511 - 05138,259,REM,True,0.46037833819178947,0
20220902T232511 - 05138,260,REM,False,0.44486990397104187,0
20220902T232511 - 05138,261,REM,True,0.4321196719862089,0
20220902T232511 - 05138,262,REM,True,0.4294182882678879,0
20220902T232511 - 05138,263,REM,True,0.41581655675343143,0
20220902T232511 - 05138,264,REM,False,0.4956660072357028,0
20220902T232511 - 05138,265,REM,True,0.46031848902967526,0
20220902T232511 - 05138,266,REM,True,0.5183649431761526,1
20220902T232511 - 05138,267,REM,True,0.4864643423662139,0
20220902T232511 - 05138,268,REM,False,0.4875205414615327,0
20220902T232511 - 05138,269,REM,True,0.48377279390824307,0
20220902T232511 - 05138,270,REM,True,0.40248143406390824,0
20220902T232511 - 05138,271,REM,True,0.3744223747479925,0
20220902T232511 - 05138,272,REM,False,0.38377615651032626,0
20220902T232511 - 05138,273,REM,True,0.36748058700500913,0
20220902T232511 - 05138,274,REM,True,0.33417576490936746,0
20220902T232511 - 05138,275,REM,True,0.3836429994105615,0
20220902T232511 - 05138,276,REM,True,0.3882665088369189,0
20220902T232511 - 05138,277,REM,True,0.3963760072473388,0
20220902T232511 - 05138,278,REM,True,0.35595596442622823,0
20220902T232511 - 05138,279,REM,True,0.3665674380116614,0
20220902T232511 - 05138,280,REM,False,0.3605518333148857,0
20220902T232511 - 05138,281,REM,False,0.39182996374786994,0
20220902T232511 - 05138,282,REM,True,0.3635112063336514,0
20220902T232511 - 05138,283,REM,True,0.3962133488905036,0
20220902T232511 - 05138,284,REM,True,0.38564300279058605,0
20220902T232511 - 05138,285,REM,False,0.38859500570966155,0
20220902T232511 - 05138,286,REM,True,0.43111707244931646,0
20220902T232511 - 05138,287,REM,True,0.40521499844689823,0
20220902T232511 - 05138,288,N1,True,0.4476312815176936,0
20220902T232511 - 05138,289,N1,True,0.42757785849005736,0
20220902T232511 - 05138,290,N1,True,0.4227118959946321,0
20220902T232511 - 05138,291,N2,True,0.4013569136512195,0
20220902T232511 - 05138,292,N2,True,0.39269491506878834,0
20220902T232511 - 05138,293,N1,True,0.42328641077985113,0
20220902T232511 - 05138,294,N2,True,0.3766503354161187,0
20220902T232511 - 05138,295,N1,True,0.40328680675914436,0
20220902T232511 - 05138,296,N2,True,0.45758309550983134,0
20220902T232511 - 05138,297,N2,True,0.4768246073029418,0
20220902T232511 - 05138,298,N2,True,0.42508367229121446,0
20220902T232511 - 05138,299,N2,True,0.47266639440275426,0
20220902T232511 - 05138,300,N2,True,0.48438481964319097,0
20220902T232511 - 05138,301,N2,True,0.46658364413514036,0
20220902T232511 - 05138,302,W,True,0.49479341596868415,0
20220902T232511 - 05138,303,N2,True,0.4754665333673308,0
20220902T232511 - 05138,304,N2,True,0.4919560167987303,0
20220902T232511 - 05138,305,N2,True,0.49230943749337214,0
20220902T232511 - 05138,306,N1,True,0.4638562009770126,0
20220902T232511 - 05138,307,N1,True,0.4333583003411637,0
20220902T232511 - 05138,308,N2,True,0.4162938245756675,0
20220902T232511 - 05138,309,N1,True,0.5150844230524334,1
20220902T232511 - 05138,310,N1,True,0.45061104463633683,0
20220902T232511 - 05138,311,N2,True,0.384782165496246,0
20220902T232511 - 05138,312,N1,True,0.43882360838026807,0
20220902T232511 - 05138,313,N2,False,0.3964312788512845,0
20220902T232511 - 05138,314,W,True,0.45748304844676463,0
20220902T232511 - 05138,315,N1,True,0.4541766016488434,0
20220902T232511 - 05138,316,W,True,0.4066001984155059,0
20220902T232511 - 05138,317,N1,True,0.4328245623092552,0
20220902T232511 - 05138,318,N1,False,0.4673976807516456,0
20220902T232511 - 05138,319,N1,True,0.4860463861093217,0
20220902T232511 - 05138,320,W,True,0.4565206063838809,0
20220902T232511 - 05138,321,N2,True,0.4057611893050389,0
20220902T232511 - 05138,322,N2,True,0.40166259484246325,0
20220902T232511 - 05138,323,N1,True,0.43734024421211437,0
20220902T232511 - 05138,324,N1,True,0.4271566905785554,0
20220902T232511 - 05138,325,N1,True,0.4510334555036773,0
20220902T232511 - 05138,326,N1,True,0.4006309625949921,0
20220902T232511 - 05138,327,N2,True,0.3882690293478154,0
20220902T232511 - 05138,328,N1,True,0.3695089071781819,0
20220902T232511 - 05138,329,N1,True,0.4068019810527336,0
20220902T232511 - 05138,330,N2,True,0.3709523489937048,0
20220902T232511 - 05138,331,N2,True,0.39020685157355955,0
20220902T232511 - 05138,332,N2,True,0.3881245112126499,0
20220902T232511 - 05138,333,N2,True,0.4017338881109333,0
20220902T232511 - 05138,334,N1,True,0.37252816438256564,0
20220902T232511 - 05138,335,N2,True,0.39241652467930055,0
20220902T232511 - 05138,336,N2,True,0.42151586082611353,0
20220902T232511 - 05138,337,W,True,0.34973027763055403,0
20220902T232511 - 05138,338,N2,True,0.35808959660037665,0
20220902T232511 - 05138,339,N2,True,0.36911003100861445,0
20220902T232511 - 05138,340,N2,True,0.3593588821247068,0
20220902T232511 - 05138,341,W,True,0.3901085658355782,0
20220902T232511 - 05138,342,N1,True,0.3857374342915847,0
20220902T232511 - 05138,343,N2,True,0.38451854614323716,0
20220902T232511 - 05138,344,N2,True,0.38358787317314547,0
20220902T232511 - 05138,345,N2,False,0.35591766504026956,0
20220902T232511 - 05138,346,N1,True,0.36796858313880176,0
20220902T232511 - 05138,347,N1,True,0.3799642189651511,0
20220902T232511 - 05138,348,N2,True,0.41182705290982907,0
20220902T232511 - 05138,349,N2,True,0.31578412207918516,0
20220902T232511 - 05138,350,N2,True,0.4182281230424732,0
20220902T232511 - 05138,351,N2,True,0.3614562388374575,0
20220902T232511 - 05138,352,N2,True,0.3779864870043864,0
20220902T232511 - 05138,353,N2,True,0.3542754220416617,0
20220902T232511 - 05138,354,N2,False,0.38984752208259493,0
20220902T232511 - 05138,355,N2,True,0.34389633572267003,0
20220902T232511 - 05138,356,W,True,0.3729942654476824,0
20220902T232511 - 05138,357,N1,True,0.388095046856224,0
20220902T232511 - 05138,358,N2,True,0.33784688152271386,0
20220902T232511 - 05138,359,N2,True,0.3506480525981964,0
20220902T232511 - 05138,360,N2,True,0.36118858150593647,0
20220902T232511 - 05138,361,N2,True,0.4380703272996758,0
20220902T232511 - 05138,362,N1,True,0.4180246298713566,0
20220902T232511 - 05138,363,N2,True,0.41041275826413093,0
20220902T232511 - 05138,364,W,True,0.4764388383929876,0
20220902T232511 - 05138,365,N1,True,0.40871185579713,0
20220902T232511 - 05138,366,N1,False,0.5090136019854168,1
20220902T232511 - 05138,367,W,True,0.3789281126932188,0
20220902T232511 - 05138,368,N2,True,0.3968844084440965,0
20220902T232511 - 05138,369,N1,True,0.4269190927538823,0
20220902T232511 - 05138,370,N2,True,0.3986045265753986,0
20220902T232511 - 05138,371,N1,True,0.4131964427873905,0
20220902T232511 - 05138,372,N2,True,0.3486661342867834,0
20220902T232511 - 05138,373,N1,True,0.46387856252520365,0
20220902T232511 - 05138,374,N1,True,0.45636761231356876,0
20220902T232511 - 05138,375,N1,True,0.4540311654532539,0
20220902T232511 - 05138,376,N1,True,0.4262431597530959,0
20220902T232511 - 05138,377,N1,True,0.43728670894650046,0
20220902T232511 - 05138,378,N2,True,0.3649059807433941,0
20220902T232511 - 05138,379,N2,True,0.35010317174876,0
20220902T232511 - 05138,380,N1,True,0.42875925671342174,0
20220902T232511 - 05138,381,N2,True,0.4651559771647982,0
20220902T232511 - 05138,382,N2,True,0.40901082539096817,0
20220902T232511 - 05138,383,N1,True,0.4788588784346834,0
20220902T232511 - 05138,384,N2,True,0.43262698413166645,0
20220902T232511 - 05138,385,N2,True,0.48762230473378326,0
20220902T232511 - 05138,386,W,True,0.4229403449514503,0
20220902T232511 - 05138,387,N1,True,0.4452883784363087,0
20220902T232511 - 05138,388,N1,True,0.4692978158033071,0
20220902T232511 - 05138,389,N2,False,0.4179970892734749,0
20220902T232511 - 05138,390,W,True,0.4723163888527808,0
20220902T232511 - 05138,391,N2,True,0.4336348947620119,0
20220902T232511 - 05138,392,N1,True,0.4287682966819722,0
20220902T232511 - 05138,393,N2,True,0.475500943765783,0
20220902T232511 - 05138,394,N2,True,0.5037746305308981,1
20220902T232511 - 05138,395,N2,True,0.5681411611507654,1
20220902T232511 - 05138,396,N2,True,0.4899762747922797,0
20220902T232511 - 05138,397,N1,True,0.4425019026426339,0
20220902T232511 - 05138,398,N1,True,0.48171372269871704,0
20220902T232511 - 05138,399,W,True,0.40437865628905045,0
20220902T232511 - 05138,400,N1,True,0.4420351619834424,0
20220902T232511 - 05138,401,N2,True,0.40128587139236266,0
20220902T232511 - 05138,402,N1,True,0.42673523289526083,0
20220902T232511 - 05138,403,N2,True,0.45150029406455877,0
20220902T232511 - 05138,404,N2,True,0.47862906942349986,0
20220902T232511 - 05138,405,N2,True,0.42109144084815725,0
20220902T232511 - 05138,406,N1,True,0.4787679200743766,0
20220902T232511 - 05138,407,N1,True,0.46951315715419173,0
20220902T232511 - 05138,408,W,True,0.4420259292783125,0
20220902T232511 - 05138,409,N1,True,0.4947577011337597,0
20220902T232511 - 05138,410,N2,True,0.37333468231080535,0
20220902T232511 - 05138,411,N1,True,0.4930488665486493,0
20220902T232511 - 05138,412,N2,True,0.4602580618866732,0
20220902T232511 - 05138,413,N1,True,0.5132301559548259,1
20220902T232511 - 05138,414,N2,False,0.39701207323619037,0
20220902T232511 - 05138,415,N1,True,0.4644190655236018,0
20220902T232511 - 05138,416,N2,True,0.33191989047646986,0
20220902T232511 - 05138,417,N1,True,0.35562850742093294,0
20220902T232511 - 05138,418,W,False,0.28360203990872074,0
20220902T232511 - 05138,419,N1,True,0.383232355563242,0
20220902T232511 - 05138,420,N2,False,0.24677335465498193,0
20220902T232511 - 05138,421,W,False,0.20515217424927423,0
20220902T232511 - 05138,422,W,False,0.21678762136200547,0
20220902T232511 - 05138,423,W,False,0.19646672895434658,0
20220902T232511 - 05138,424,W,False,0.18259741397369247,0
20220902T232511 - 05138,425,W,False,0.24232133675178294,0
20220902T232511 - 05138,426,W,False,0.27259217059160856,0
20220902T232511 - 05138,427,W,False,0.2795940901885714,0
20220902T232511 - 05138,428,W,False,0.17850991999881877,0
20220902T232511 - 05138,429,W,False,0.12243392426108142,0
20220902T232511 - 05138,430,W,False,0.20137996724405105,0
20220902T232511 - 05138,431,W,False,0.23793043844779496,0
20220902T232511 - 05138,432,W,False,0.27982784109510594,0
20220902T232511 - 05138,433,W,False,0.24191083901840987,0
20220902T232511 - 05138,434,W,False,0.25664802608607545,0
20220902T232511 - 05138,435,W,False,0.24311016791667875,0
20220902T232511 - 05138,436,W,False,0.23835791127589892,0
20220902T232511 - 05138,437,W,False,0.26712573995773564,0
20220902T232511 - 05138,438,W,False,0.2795528550446094,0
20220902T232511 - 05138,439,W,False,0.29590577531321605,0
20220902T232511 - 05138,440,W,False,0.19793033902313412,0
20220902T232511 - 05138,441,W,False,0.39874057486818776,0
20220902T232511 - 05138,442,W,False,0.4614457161019766,0
20220902T232511 - 05138,443,W,True,0.503112874944045,1
20220902T232511 - 05138,444,N1,True,0.5702811040524428,1
20220902T232511 - 05138,445,N1,True,0.5588889022518534,1
20220902T232511 - 05138,446,N1,True,0.4913010513197789,0
20220902T232511 - 05138,447,W,True,0.5332586616306483,1
20220902T232511 - 05138,448,N1,True,0.42919911467289806,0
20220902T232511 - 05138,449,N1,True,0.4518698862801378,0
20220902T232511 - 05138,450,N1,False,0.5152655973624445,1
20220902T232511 - 05138,451,N1,True,0.47036976612506687,0
20220902T232511 - 05138,452,N1,True,0.4746989043518937,0
20220902T232511 - 05138,453,N1,True,0.482254829569842,0
20220902T232511 - 05138,454,W,False,0.44182826917729534,0
20220902T232511 - 05138,455,REM,True,0.4581485253732592,0
20220902T232511 - 05138,456,REM,False,0.5129224948001063,1
20220902T232511 - 05138,457,REM,True,0.4623682984948293,0
20220902T232511 - 05138,458,REM,False,0.47008934658239615,0
20220902T232511 - 05138,459,REM,True,0.4556559996032491,0
20220902T232511 - 05138,460,REM,True,0.4798698417449085,0
20220902T232511 - 05138,461,REM,False,0.5004701899186461,1
20220902T232511 - 05138,462,REM,True,0.41144842955826805,0
20220902T232511 - 05138,463,REM,True,0.42453933785305353,0
20220902T232511 - 05138,464,REM,True,0.42350294687413603,0
20220902T232511 - 05138,465,REM,False,0.432075859916555,0
20220902T232511 - 05138,466,REM,True,0.4494852639009376,0
20220902T232511 - 05138,467,REM,True,0.48634415502501105,0
20220902T232511 - 05138,468,REM,True,0.35561674702221824,0
20220902T232511 - 05138,469,REM,True,0.4272028307759706,0
20220902T232511 - 05138,470,REM,True,0.44201848718972253,0
20220902T232511 - 05138,471,REM,True,0.40560170608884766,0
20220902T232511 - 05138,472,REM,True,0.6486415562471503,1
20220902T232511 - 05138,473,REM,True,0.5958496787386088,1
20220902T232511 - 05138,474,REM,True,0.3872922600016523,0
20220902T232511 - 05138,475,REM,True,0.426150927541321,0
20220902T232511 - 05138,476,N1,True,0.46581107234161306,0
20220902T232511 - 05138,477,N1,True,0.5517031035558096,1
20220902T232511 - 05138,478,N1,True,0.46639998035176555,0
20220902T232511 - 05138,479,N1,True,0.5138157674097242,1
20220902T232511 - 05138,480,N2,True,0.4148367608677408,0
20220902T232511 - 05138,481,N2,True,0.48401672763673775,0
20220902T232511 - 05138,482,N2,True,0.39229878825411474,0
20220902T232511 - 05138,483,N2,True,0.4239099477665371,0
20220902T232511 - 05138,484,N2,True,0.41616430764301815,0
20220902T232511 - 05138,485,N1,True,0.48377171158680404,0
20220902T232511 - 05138,486,N1,True,0.42740376008427844,0
20220902T232511 - 05138,487,N1,True,0.4223536676558492,0
20220902T232511 - 05138,488,N1,True,0.4208719928943794,0
20220902T232511 - 05138,489,N1,True,0.47153217510455653,0
20220902T232511 - 05138,490,W,True,0.38656215122518267,0
20220902T232511 - 05138,491,N2,True,0.41989024754544013,0
20220902T232511 - 05138,492,N2,True,0.42527015702273446,0
20220902T232511 - 05138,493,W,False,0.5028683635082626,1
20220902T232511 - 05138,494,N2,True,0.5515763966121842,1
20220902T232511 - 05138,495,N2,True,0.4011134224969999,0
20220902T232511 - 05138,496,W,True,0.33529477058519114,0
20220902T232511 - 05138,497,N2,False,0.3424130624438735,0
20220902T232511 - 05138,498,N1,True,0.40942295820006963,0
20220902T232511 - 05138,499,N1,True,0.42361326260231286,0
20220902T232511 - 05138,500,N1,True,0.4769412285783952,0
20220902T232511 - 05138,501,N2,True,0.36270485520157913,0
20220902T232511 - 05138,502,N1,True,0.5038418258669626,1
20220902T232511 - 05138,503,N1,True,0.4114204306466984,0
20220902T232511 - 05138,504,N1,True,0.42768405024946177,0
20220902T232511 - 05138,505,N1,True,0.49431882709721464,0
20220902T232511 - 05138,506,N1,True,0.48492893558725103,0
20220902T232511 - 05138,507,N1,True,0.368374516272997,0
20220902T232511 - 05138,508,N2,True,0.33870373204601917,0
20220902T232511 - 05138,509,N2,True,0.34367421055335506,0
20220902T232511 - 05138,510,N2,True,0.3740039730440357,0
20220902T232511 - 05138,511,N1,True,0.3866472595855433,0
20220902T232511 - 05138,512,N1,True,0.40201950629784927,0
20220902T232511 - 05138,513,N2,True,0.43365125284868833,0
20220902T232511 - 05138,514,N2,True,0.4543458694616062,0
20220902T232511 - 05138,515,N2,True,0.41041310925256985,0
20220902T232511 - 05138,516,N2,True,0.4431509004115799,0
20220902T232511 - 05138,517,N2,True,0.47979888333922965,0
20220902T232511 - 05138,518,N2,True,0.4379819700710683,0
20220902T232511 - 05138,519,N2,True,0.5083907594580933,1
20220902T232511 - 05138,520,N1,True,0.4482039109924801,0
20220902T232511 - 05138,521,N2,True,0.38737025249943985,0
20220902T232511 - 05138,522,N1,True,0.39813385232497234,0
20220902T232511 - 05138,523,N1,True,0.3736387306892771,0
20220902T232511 - 05138,524,N2,True,0.40652457728829505,0
20220902T232511 - 05138,525,N1,True,0.4341150406480594,0
20220902T232511 - 05138,526,N2,True,0.44066428437754573,0
20220902T232511 - 05138,527,N1,True,0.42626853503874507,0
20220902T232511 - 05138,528,N1,True,0.33780337364439816,0
20220902T232511 - 05138,529,N2,True,0.4268165499787447,0
20220902T232511 - 05138,530,W,False,0.4176922007138326,0
20220902T232511 - 05138,531,W,True,0.43641176423401157,0
20220902T232511 - 05138,532,N1,True,0.47600852148104145,0
20220902T232511 - 05138,533,N1,True,0.4537746592514024,0
20220902T232511 - 05138,534,N1,True,0.46142618136704605,0
20220902T232511 - 05138,535,N1,True,0.4650764190786052,0
20220902T232511 - 05138,536,N1,True,0.41429685557125234,0
20220902T232511 - 05138,537,N1,True,0.4300144568750541,0
20220902T232511 - 05138,538,N2,True,0.4050869332524587,0
20220902T232511 - 05138,539,N1,True,0.43621991418017736,0
20220902T232511 - 05138,540,N1,True,0.474023896812502,0
20220902T232511 - 05138,541,N1,False,0.4232290907547113,0
20220902T232511 - 05138,542,N1,True,0.44616810948449276,0
20220902T232511 - 05138,543,N1,True,0.3842779948305484,0
20220902T232511 - 05138,544,N1,True,0.4196244581245393,0
20220902T232511 - 05138,545,N1,True,0.3568208995002858,0
20220902T232511 - 05138,546,N2,True,0.3661934480276129,0
20220902T232511 - 05138,547,N2,True,0.37942808826283886,0
20220902T232511 - 05138,548,N2,True,0.357875803156809,0
20220902T232511 - 05138,549,N1,True,0.4158085937811549,0
20220902T232511 - 05138,550,N1,True,0.43143757508222547,0
20220902T232511 - 05138,551,N1,True,0.4075063050284127,0
20220902T232511 - 05138,552,N1,True,0.3934236747702959,0
20220902T232511 - 05138,553,N2,True,0.38449704873352464,0
20220902T232511 - 05138,554,N1,True,0.43966640614185926,0
20220902T232511 - 05138,555,N1,True,0.4277353043485783,0
20220902T232511 - 05138,556,N2,True,0.4082425808671276,0
20220902T232511 - 05138,557,N2,True,0.3963161361251595,0
20220902T232511 - 05138,558,N1,True,0.49085393918312337,0
20220902T232511 - 05138,559,N1,True,0.5410448776195065,1
20220902T232511 - 05138,560,N2,True,0.38485639143386413,0
20220902T232511 - 05138,561,N1,True,0.4776464261202113,0
20220902T232511 - 05138,562,N1,True,0.3568376540770759,0
20220902T232511 - 05138,563,N1,False,0.38098697331386544,0
20220902T232511 - 05138,564,W,True,0.3389225782698182,0
20220902T232511 - 05138,565,N1,True,0.39812731548280456,0
20220902T232511 - 05138,566,N1,True,0.3943867003295614,0
20220902T232511 - 05138,567,N1,True,0.41517324823318097,0
20220902T232511 - 05138,568,N1,True,0.3816982295820754,0
20220902T232511 - 05138,569,N1,True,0.3782558198487473,0
20220902T232511 - 05138,570,N1,True,0.4241646757223608,0
20220902T232511 - 05138,571,N1,True,0.4677313557767,0
20220902T232511 - 05138,572,N1,True,0.5340949254615706,1
20220902T232511 - 05138,573,N1,False,0.3977368399615092,0
20220902T232511 - 05138,574,N1,True,0.5217071382639273,1
20220902T232511 - 05138,575,N1,True,0.6157366018503413,1
20220902T232511 - 05138,576,N1,True,0.6310232148933246,1
20220902T232511 - 05138,577,W,True,0.5857429106665414,1
20220902T232511 - 05138,578,N1,True,0.49120055250160427,0
20220902T232511 - 05138,579,N2,True,0.46632266497598523,0
20220902T232511 - 05138,580,N2,True,0.49272909363764716,0
20220902T232511 - 05138,581,N1,True,0.5192564697696033,1
20220902T232511 - 05138,582,N1,True,0.47057652668002703,0
20220902T232511 - 05138,583,N1,True,0.4433707939761787,0
20220902T232511 - 05138,584,N1,True,0.4631002358137703,0
20220902T232511 - 05138,585,N1,True,0.4287496925387547,0
20220902T232511 - 05138,586,N1,True,0.4757930472410012,0
20220902T232511 - 05138,587,N2,True,0.44438073579841936,0
20220902T232511 - 05138,588,N1,True,0.4928226723938194,0
20220902T232511 - 05138,589,N2,True,0.4395630820397251,0
20220902T232511 - 05138,590,N2,True,0.4143574866878128,0
20220902T232511 - 05138,591,N1,True,0.5930907485620751,1
20220902T232511 - 05138,592,N1,True,0.46446351937864994,0
20220902T232511 - 05138,593,N1,True,0.5113924247096062,1
20220902T232511 - 05138,594,N1,True,0.4661274972510092,0
20220902T232511 - 05138,595,N1,True,0.5500590884170026,1
20220902T232511 - 05138,596,N1,True,0.5366218101281423,1
20220902T232511 - 05138,597,N2,True,0.4793997953003102,0
20220902T232511 - 05138,598,N1,True,0.5180656532659552,1
20220902T232511 - 05138,599,N2,False,0.5412081618692463,1
20220902T232511 - 05138,600,N1,True,0.6361103993143631,1
20220902T232511 - 05138,601,N2,True,0.4645386148705263,0
20220902T232511 - 05138,602,N1,True,0.5938418185919483,1
20220902T232511 - 05138,603,N1,True,0.5426877424543035,1
20220902T232511 - 05138,604,N1,True,0.5063812582815548,1
20220902T232511 - 05138,605,N1,False,0.5220538328574272,1
20220902T232511 - 05138,606,N1,True,0.5270113210131092,1
20220902T232511 - 05138,607,N1,True,0.5252395776345165,1
20220902T232511 - 05138,608,N1,True,0.47085765208665037,0
20220902T232511 - 05138,609,N1,True,0.5879736075515273,1
20220902T232511 - 05138,610,N1,True,0.4361705136536924,0
20220902T232511 - 05138,611,N2,False,0.6437313742668347,1
20220902T232511 - 05138,612,W,True,0.5985997818953352,1
20220902T232511 - 05138,613,N1,True,0.6025599863863558,1
20220902T232511 - 05138,614,N1,True,0.5390755559588122,1
20220902T232511 - 05138,615,N1,True,0.487002755430714,0
20220902T232511 - 05138,616,N1,True,0.4330812903880426,0
20220902T232511 - 05138,617,W,True,0.5500627474344335,1
20220902T232511 - 05138,618,N2,True,0.517842484735854,1
20220902T232511 - 05138,619,N1,True,0.4362753755225199,0
20220902T232511 - 05138,620,N2,True,0.41963982207544753,0
20220902T232511 - 05138,621,N2,True,0.4604918021135928,0
20220902T232511 - 05138,622,N2,True,0.4321988461674144,0
20220902T232511 - 05138,623,N1,True,0.4861066015170634,0
20220902T232511 - 05138,624,N2,True,0.4276120752446895,0
20220902T232511 - 05138,625,N1,True,0.3805302188413101,0
20220902T232511 - 05138,626,N1,True,0.43038695651348763,0
20220902T232511 - 05138,627,N1,False,0.4105942632360208,0
20220902T232511 - 05138,628,N1,True,0.37844702799708957,0
20220902T232511 - 05138,629,N2,True,0.40322964215529317,0
20220902T232511 - 05138,630,N1,True,0.3868579053450899,0
20220902T232511 - 05138,631,N1,True,0.42375550420320296,0
20220902T232511 - 05138,632,N2,True,0.4106490092723508,0
20220902T232511 - 05138,633,N1,True,0.4040339285053189,0
20220902T232511 - 05138,634,N1,True,0.41198049054778774,0
20220902T232511 - 05138,635,N2,True,0.39307915402598836,0
20220902T232511 - 05138,636,N2,True,0.35940538693209445,0
20220902T232511 - 05138,637,N1,True,0.4233403862591974,0
20220902T232511 - 05138,638,N1,True,0.4330068556446027,0
20220902T232511 - 05138,639,N1,True,0.39976572030535074,0
20220902T232511 - 05138,640,N1,True,0.4491881499301059,0
20220902T232511 - 05138,641,N1,True,0.4234751825200839,0
20220902T232511 - 05138,642,N1,False,0.5121795521464098,1
20220902T232511 - 05138,643,W,True,0.3630170609261098,0
20220902T232511 - 05138,644,N1,True,0.4564913465273224,0
20220902T232511 - 05138,645,N1,True,0.4500403557542446,0
20220902T232511 - 05138,646,N1,True,0.35884653618258544,0
20220902T232511 - 05138,647,N2,True,0.3572280982217632,0
20220902T232511 - 05138,648,W,True,0.4181461176472998,0
20220902T232511 - 05138,649,N2,True,0.4393156246450859,0
20220902T232511 - 05138,650,N2,True,0.4199486478718306,0
20220902T232511 - 05138,651,N2,True,0.4531931607317424,0
20220902T232511 - 05138,652,N1,True,0.4841153496458734,0
20220902T232511 - 05138,653,N2,True,0.3961173486693725,0
20220902T232511 - 05138,654,N1,False,0.44164841107025277,0
20220902T232511 - 05138,655,W,True,0.38325244465290653,0
20220902T232511 - 05138,656,N1,True,0.46220100015010773,0
20220902T232511 - 05138,657,N2,True,0.40064854298241165,0
20220902T232511 - 05138,658,N1,False,0.4886547950001937,0
20220902T232511 - 05138,659,N1,True,0.4317448725787447,0
20220902T232511 - 05138,660,N1,True,0.491625127214282,0
20220902T232511 - 05138,661,N1,True,0.4324760404544813,0
20220902T232511 - 05138,662,N1,False,0.46931652638817994,0
20220902T232511 - 05138,663,W,False,0.5015367110285677,1
20220902T232511 - 05138,664,N1,True,0.6586468589464073,1
20220902T232511 - 05138,665,N1,True,0.6242096558678338,1
20220902T232511 - 05138,666,N1,True,0.6256453764653672,1
20220902T232511 - 05138,667,N2,False,0.5125366851004406,1
20220902T232511 - 05138,668,N1,True,0.5196477026474401,1
20220902T232511 - 05138,669,W,True,0.46505111984882286,0
20220902T232511 - 05138,670,N1,True,0.45101633552864046,0
20220902T232511 - 05138,671,N1,True,0.6021034711129916,1
20220902T232511 - 05138,672,N1,True,0.4937080818376118,0
20220902T232511 - 05138,673,N1,True,0.49281710394520817,0
20220902T232511 - 05138,674,N1,False,0.4308561875106273,0
20220902T232511 - 05138,675,N1,True,0.537260556104323,1
20220902T232511 - 05138,676,N1,False,0.5046212354872224,1
20220902T232511 - 05138,677,N1,True,0.4590125570405608,0
20220902T232511 - 05138,678,N2,True,0.3788174639522071,0
20220902T232511 - 05138,679,N1,True,0.5327116235118878,1
20220902T232511 - 05138,680,N1,True,0.5717234639036455,1
20220902T232511 - 05138,681,N1,True,0.5614563908844591,1
20220902T232511 - 05138,682,N1,True,0.5566268651812782,1
20220902T232511 - 05138,683,N1,True,0.4844053956554065,0
20220902T232511 - 05138,684,N1,False,0.5284410311587268,1
20220902T232511 - 05138,685,W,False,0.5128128606320402,1
20220902T232511 - 05138,686,W,True,0.48987701416063195,0
20220902T232511 - 05138,687,N1,True,0.5324264562485866,1
20220902T232511 - 05138,688,REM,True,0.4675895374832217,0
20220902T232511 - 05138,689,REM,False,0.5325017428627743,1
20220902T232511 - 05138,690,REM,True,0.47859355907130513,0
20220902T232511 - 05138,691,REM,True,0.45743290204591575,0
20220902T232511 - 05138,692,REM,False,0.5000043943533324,1
20220902T232511 - 05138,693,REM,True,0.49801257940391425,0
20220902T232511 - 05138,694,REM,False,0.47495952299274274,0
20220902T232511 - 05138,695,REM,True,0.48613462301764415,0
20220902T232511 - 05138,696,REM,True,0.46384725219040673,0
20220902T232511 - 05138,697,REM,False,0.43918464770891374,0
20220902T232511 - 05138,698,REM,True,0.4651725420253947,0
20220902T232511 - 05138,699,REM,True,0.42619761974488735,0
20220902T232511 - 05138,700,REM,False,0.466114070550778,0
20220902T232511 - 05138,701,REM,True,0.49595225245575614,0
20220902T232511 - 05138,702,REM,True,0.45214654315398806,0
20220902T232511 - 05138,703,REM,False,0.45317560859356165,0
20220902T232511 - 05138,704,REM,True,0.48468416082121996,0
20220902T232511 - 05138,705,REM,True,0.4887395853672474,0
20220902T232511 - 05138,706,REM,False,0.48538629090010893,0
20220902T232511 - 05138,707,REM,True,0.4430191141988367,0
20220902T232511 - 05138,708,REM,True,0.4759783833554269,0
20220902T232511 - 05138,709,REM,False,0.45594915834003685,0
20220902T232511 - 05138,710,REM,True,0.5154512485024604,1
20220902T232511 - 05138,711,REM,True,0.5398516771452337,1
20220902T232511 - 05138,712,REM,True,0.47066865806099417,0
20220902T232511 - 05138,713,REM,True,0.4804383992622992,0
20220902T232511 - 05138,714,REM,True,0.43584918271639816,0
20220902T232511 - 05138,715,REM,True,0.4310474653927174,0
20220902T232511 - 05138,716,REM,False,0.4766893515522224,0
20220902T232511 - 05138,717,REM,True,0.42515384329652517,0
20220902T232511 - 05138,718,REM,False,0.46111765817409234,0
20220902T232511 - 05138,719,REM,False,0.4398830592594994,0
20220902T232511 - 05138,720,REM,True,0.38422603073778605,0
20220902T232511 - 05138,721,REM,True,0.36722337193034293,0
20220902T232511 - 05138,722,N1,True,0.5304974192922716,1
20220902T232511 - 05138,723,N2,True,0.4549345508622967,0
20220902T232511 - 05138,724,N1,True,0.4490574178117244,0
20220902T232511 - 05138,725,N1,True,0.4254946658086105,0
20220902T232511 - 05138,726,N1,True,0.46971276640308024,0
20220902T232511 - 05138,727,N1,True,0.49405111357249026,0
20220902T232511 - 05138,728,N1,False,0.4861013409480387,0
20220902T232511 - 05138,729,W,True,0.47082038584642033,0
20220902T232511 - 05138,730,N1,True,0.44086013379977196,0
20220902T232511 - 05138,731,N1,True,0.49688981210880107,0
20220902T232511 - 05138,732,N1,True,0.513791187941034,1
20220902T232511 - 05138,733,N1,False,0.5262081356623853,1
20220902T232511 - 05138,734,N1,True,0.4069048894562935,0
20220902T232511 - 05138,735,N1,True,0.4524413662267075,0
20220902T232511 - 05138,736,N2,True,0.510860031330645,1
20220902T232511 - 05138,737,N1,True,0.5339118072977896,1
20220902T232511 - 05138,738,N1,True,0.5005306838817758,1
20220902T232511 - 05138,739,N1,False,0.4223250814116162,0
20220902T232511 - 05138,740,N1,True,0.5245506434893954,1
20220902T232511 - 05138,741,N1,False,0.4869326541062449,0
20220902T232511 - 05138,742,W,False,0.4659944148846155,0
20220902T232511 - 05138,743,W,True,0.4366234819967221,0
20220902T232511 - 05138,744,N1,True,0.46984149050433166,0
20220902T232511 - 05138,745,N1,True,0.3742595870491728,0
20220902T232511 - 05138,746,N2,True,0.3440812479945622,0
20220902T232511 - 05138,747,N1,True,0.3744868163457401,0
20220902T232511 - 05138,748,N1,False,0.39544959856979,0
20220902T232511 - 05138,749,N1,True,0.4044564862857252,0
20220902T232511 - 05138,750,N1,True,0.387083066734192,0
20220902T232511 - 05138,751,N1,True,0.4152917391755725,0
20220902T232511 - 05138,752,N1,False,0.4579952898955921,0
20220902T232511 - 05138,753,W,True,0.3258800953140362,0
20220902T232511 - 05138,754,N1,True,0.3564777062377454,0
20230801T221115 - e7f9c,0,W,False,0.3009155420470091,0
20230801T221115 - e7f9c,1,W,False,0.2723911350636047,0
20230801T221115 - e7f9c,2,W,False,0.2943309340199104,0
20230801T221115 - e7f9c,3,W,False,0.2865435668316231,0
20230801T221115 - e7f9c,4,W,False,0.4730623646351267,0
20230801T221115 - e7f9c,5,W,False,0.5288430962360043,1
20230801T221115 - e7f9c,6,W,False,0.328611851466785,0
20230801T221115 - e7f9c,7,W,False,0.26849503371582395,0
20230801T221115 - e7f9c,8,W,False,0.3074407311144117,0
20230801T221115 - e7f9c,9,W,False,0.43576916707307445,0
20230801T221115 - e7f9c,10,W,False,0.5688115942130705,1
20230801T221115 - e7f9c,11,W,False,0.5669553827694557,1
20230801T221115 - e7f9c,12,W,True,0.5743414790419427,1
20230801T221115 - e7f9c,13,N1,False,0.5828066732573883,1
20230801T221115 - e7f9c,14,W,True,0.541120054778501,1
20230801T221115 - e7f9c,15,N1,True,0.5952517271541484,1
20230801T221115 - e7f9c,16,N1,True,0.6008391536925679,1
20230801T221115 - e7f9c,17,N1,True,0.5799763383387211,1
20230801T221115 - e7f9c,18,N1,False,0.5895934735617872,1
20230801T221115 - e7f9c,19,N1,False,0.6023489873523273,1
20230801T221115 - e7f9c,20,N2,True,0.42506891168008026,0
20230801T221115 - e7f9c,21,N1,True,0.3461870661534823,0
20230801T221115 - e7f9c,22,N2,False,0.376429609712987,0
20230801T221115 - e7f9c,23,N2,True,0.3758478275669023,0
20230801T221115 - e7f9c,24,N2,False,0.3631718136753968,0
20230801T221115 - e7f9c,25,N2,False,0.41318992957639245,0
20230801T221115 - e7f9c,26,N2,False,0.38420998816609525,0
20230801T221115 - e7f9c,27,N2,False,0.3377627506204537,0
20230801T221115 - e7f9c,28,N2,False,0.32783687770838776,0
20230801T221115 - e7f9c,29,N2,False,0.2846973604794032,0
20230801T221115 - e7f9c,30,N2,False,0.2770280633484948,0
20230801T221115 - e7f9c,31,N2,False,0.2751651556339306,0
20230801T221115 - e7f9c,32,N2,False,0.2901538966623454,0
20230801T221115 - e7f9c,33,N2,False,0.33192994712948803,0
20230801T221115 - e7f9c,34,N2,False,0.2940353452492122,0
20230801T221115 - e7f9c,35,N2,False,0.272307934755675,0
20230801T221115 - e7f9c,36,N2,False,0.2759533586905672,0
20230801T221115 - e7f9c,37,N2,False,0.3025915788746734,0
20230801T221115 - e7f9c,38,N2,False,0.2917623730814915,0
20230801T221115 - e7f9c,39,N2,False,0.2990836324696403,0
20230801T221115 - e7f9c,40,N2,False,0.26245729868948187,0
20230801T221115 - e7f9c,41,N2,False,0.27547064577181124,0
20230801T221115 - e7f9c,42,N2,False,0.24956112723236332,0
20230801T221115 - e7f9c,43,N2,False,0.30128251182604904,0
20230801T221115 - e7f9c,44,N2,True,0.3018539209137072,0
20230801T221115 - e7f9c,45,W,False,0.35313194884462784,0
20230801T221115 - e7f9c,46,N1,False,0.3803236563577244,0
20230801T221115 - e7f9c,47,N2,True,0.2574578199787155,0
20230801T221115 - e7f9c,48,N2,False,0.2831858977174387,0
20230801T221115 - e7f9c,49,N2,False,0.3470280110854204,0
20230801T221115 - e7f9c,50,N2,True,0.2999562916526066,0
20230801T221115 - e7f9c,51,N2,False,0.2852768602134977,0
20230801T221115 - e7f9c,52,W,False,0.3983225555689781,0
20230801T221115 - e7f9c,53,N2,False,0.3502828113940987,0
20230801T221115 - e7f9c,54,N2,False,0.2750004762019579,0
20230801T221115 - e7f9c,55,N2,False,0.3040403101635141,0
20230801T221115 - e7f9c,56,N3,False,0.28479585814711816,0
20230801T221115 - e7f9c,57,N2,False,0.2836350798926729,0
20230801T221115 - e7f9c,58,N2,False,0.2754065949074226,0
20230801T221115 - e7f9c,59,N2,False,0.29493258864290195,0
20230801T221115 - e7f9c,60,N2,False,0.2530040771742822,0
20230801T221115 - e7f9c,61,N2,False,0.2866952114266155,0
20230801T221115 - e7f9c,62,N3,False,0.2444662325433666,0
20230801T221115 - e7f9c,63,N2,False,0.25323499118460696,0
20230801T221115 - e7f9c,64,N3,False,0.20963759445940666,0
20230801T221115 - e7f9c,65,N2,False,0.2407633343328927,0
20230801T221115 - e7f9c,66,N3,False,0.22276086447683055,0
20230801T221115 - e7f9c,67,N3,False,0.23269943172915775,0
20230801T221115 - e7f9c,68,N2,False,0.2281277772003235,0
20230801T221115 - e7f9c,69,N2,False,0.2619616234431603,0
20230801T221115 - e7f9c,70,N3,False,0.23501614516261707,0
20230801T221115 - e7f9c,71,N3,False,0.2249292994172458,0
20230801T221115 - e7f9c,72,N3,False,0.24518542161622242,0
20230801T221115 - e7f9c,73,N2,True,0.21737583460297427,0
20230801T221115 - e7f9c,74,N2,True,0.36551491857474255,0
20230801T221115 - e7f9c,75,N1,True,0.47082939715897354,0
20230801T221115 - e7f9c,76,N1,False,0.5679437632136266,1
20230801T221115 - e7f9c,77,N1,False,0.445519764118103,0
20230801T221115 - e7f9c,78,N2,False,0.3097967628516734,0
20230801T221115 - e7f9c,79,N2,False,0.2820188046228891,0
20230801T221115 - e7f9c,80,N2,False,0.2976156665505227,0
20230801T221115 - e7f9c,81,N2,False,0.2761786731844379,0
20230801T221115 - e7f9c,82,N2,False,0.2532590153020131,0
20230801T221115 - e7f9c,83,N2,False,0.2292743388569951,0
20230801T221115 - e7f9c,84,N2,False,0.2444651092115548,0
20230801T221115 - e7f9c,85,N2,False,0.25341775321170273,0
20230801T221115 - e7f9c,86,N2,False,0.2542003392349697,0
20230801T221115 - e7f9c,87,N3,False,0.2441237195260385,0
20230801T221115 - e7f9c,88,N3,False,0.2080776566907524,0
20230801T221115 - e7f9c,89,N3,False,0.24327980225956472,0
20230801T221115 - e7f9c,90,N2,False,0.23997432444758432,0
20230801T221115 - e7f9c,91,N3,False,0.24287775021839914,0
20230801T221115 - e7f9c,92,N2,False,0.2521067019265641,0
20230801T221115 - e7f9c,93,N3,False,0.21890212494590944,0
20230801T221115 - e7f9c,94,N3,False,0.2151727716659917,0
20230801T221115 - e7f9c,95,N2,False,0.2425227818578974,0
20230801T221115 - e7f9c,96,N3,False,0.2198702931589974,0
20230801T221115 - e7f9c,97,N3,False,0.21409241138379584,0
20230801T221115 - e7f9c,98,N3,False,0.20568448311336485,0
20230801T221115 - e7f9c,99,N3,False,0.21431739468968675,0
20230801T221115 - e7f9c,100,N3,True,0.2182464715250417,0
20230801T221115 - e7f9c,101,N2,False,0.28748913504977586,0
20230801T221115 - e7f9c,102,N2,False,0.30884305188553,0
20230801T221115 - e7f9c,103,N2,True,0.20825412968180998,0
20230801T221115 - e7f9c,104,N2,False,0.25062363559652995,0
20230801T221115 - e7f9c,105,N2,False,0.3541791065518107,0
20230801T221115 - e7f9c,106,N2,False,0.2517072979038878,0
20230801T221115 - e7f9c,107,N2,False,0.2347233884722998,0
20230801T221115 - e7f9c,108,N2,False,0.24407504311828082,0
20230801T221115 - e7f9c,109,N3,False,0.24041182510710457,0
20230801T221115 - e7f9c,110,N2,False,0.24875065418164774,0
20230801T221115 - e7f9c,111,N3,False,0.25248083960601,0
20230801T221115 - e7f9c,112,N2,False,0.2543751963380533,0
20230801T221115 - e7f9c,113,N2,False,0.2331673136346657,0
20230801T221115 - e7f9c,114,N3,False,0.21440341843535776,0
20230801T221115 - e7f9c,115,N3,False,0.24369324641059623,0
20230801T221115 - e7f9c,116,N3,False,0.215554502310938,0
20230801T221115 - e7f9c,117,N3,True,0.2324960070234916,0
20230801T221115 - e7f9c,118,N3,False,0.35559907168492794,0
20230801T221115 - e7f9c,119,W,False,0.3895468937974153,0
20230801T221115 - e7f9c,120,N1,True,0.5007523821377817,1
20230801T221115 - e7f9c,121,N1,True,0.4003817528510124,0
20230801T221115 - e7f9c,122,N1,True,0.3781408154501008,0
20230801T221115 - e7f9c,123,N1,True,0.4002306751876307,0
20230801T221115 - e7f9c,124,N1,False,0.38968223442874006,0
20230801T221115 - e7f9c,125,N2,True,0.3788599965894274,0
20230801T221115 - e7f9c,126,N1,True,0.30561512331927476,0
20230801T221115 - e7f9c,127,N1,True,0.40363929666134263,0
20230801T221115 - e7f9c,128,N2,False,0.3818362722671015,0
20230801T221115 - e7f9c,129,N1,False,0.3822143583093287,0
20230801T221115 - e7f9c,130,N1,False,0.3137980107154998,0
20230801T221115 - e7f9c,131,N2,False,0.2834423623953309,0
20230801T221115 - e7f9c,132,N2,False,0.2266295411529455,0
20230801T221115 - e7f9c,133,N2,False,0.2687230815137999,0
20230801T221115 - e7f9c,134,N2,False,0.25344922105689544,0
20230801T221115 - e7f9c,135,N2,False,0.20859429492312556,0
20230801T221115 - e7f9c,136,N2,False,0.22346808065362553,0
20230801T221115 - e7f9c,137,N2,False,0.2340780651153333,0
20230801T221115 - e7f9c,138,N2,False,0.276908616606719,0
20230801T221115 - e7f9c,139,N2,False,0.24037664441905765,0
20230801T221115 - e7f9c,140,N2,False,0.245966687703789,0
20230801T221115 - e7f9c,141,N3,False,0.23209853851893458,0
20230801T221115 - e7f9c,142,N2,False,0.20429602463079916,0
20230801T221115 - e7f9c,143,N3,False,0.22343016700386592,0
20230801T221115 - e7f9c,144,N2,True,0.2633983133132156,0
20230801T221115 - e7f9c,145,N2,False,0.2505641760054824,0
20230801T221115 - e7f9c,146,N2,False,0.25618180921777034,0
20230801T221115 - e7f9c,147,N2,False,0.3057316037961638,0
20230801T221115 - e7f9c,148,N2,False,0.4084954779830044,0
20230801T221115 - e7f9c,149,N2,False,0.3888535223934621,0
20230801T221115 - e7f9c,150,N2,False,0.29260280574271214,0
20230801T221115 - e7f9c,151,N2,False,0.30228154213413266,0
20230801T221115 - e7f9c,152,N2,True,0.366181774460872,0
20230801T221115 - e7f9c,153,N1,False,0.381121105186409,0
20230801T221115 - e7f9c,154,N1,False,0.3312744781953568,0
20230801T221115 - e7f9c,155,REM,True,0.35657197984729483,0
20230801T221115 - e7f9c,156,REM,False,0.4653892646437847,0
20230801T221115 - e7f9c,157,REM,True,0.3085754903186849,0
20230801T221115 - e7f9c,158,REM,False,0.354458937692556,0
20230801T221115 - e7f9c,159,REM,False,0.3249472111864563,0
20230801T221115 - e7f9c,160,REM,False,0.39973471148345646,0
20230801T221115 - e7f9c,161,REM,True,0.394528247473407,0
20230801T221115 - e7f9c,162,REM,False,0.33137679975629747,0
20230801T221115 - e7f9c,163,REM,False,0.3532889325426163,0
20230801T221115 - e7f9c,164,REM,False,0.30637085957477805,0
20230801T221115 - e7f9c,165,REM,True,0.356877876399639,0
20230801T221115 - e7f9c,166,REM,True,0.28322500570196524,0
20230801T221115 - e7f9c,167,REM,False,0.2904091223668874,0
20230801T221115 - e7f9c,168,REM,False,0.3161195156571346,0
20230801T221115 - e7f9c,169,REM,True,0.3622710989885542,0
20230801T221115 - e7f9c,170,REM,False,0.40915595009450245,0
20230801T221115 - e7f9c,171,REM,True,0.33578830261144793,0
20230801T221115 - e7f9c,172,REM,False,0.30330305123312007,0
20230801T221115 - e7f9c,173,REM,False,0.3428293106733305,0
20230801T221115 - e7f9c,174,REM,True,0.3178993092442906,0
20230801T221115 - e7f9c,175,N1,True,0.4284927107504486,0
20230801T221115 - e7f9c,176,N1,False,0.37455354231598803,0
20230801T221115 - e7f9c,177,N2,True,0.31423316125650763,0
20230801T221115 - e7f9c,178,N1,False,0.37270703500829844,0
20230801T221115 - e7f9c,179,N2,False,0.2719774197113438,0
20230801T221115 - e7f9c,180,N2,False,0.24571216577134194,0
20230801T221115 - e7f9c,181,N2,False,0.23246987167464503,0
20230801T221115 - e7f9c,182,N2,False,0.2514597874375814,0
20230801T221115 - e7f9c,183,N2,True,0.2592818123407314,0
20230801T221115 - e7f9c,184,N1,True,0.3336902333756451,0
20230801T221115 - e7f9c,185,W,True,0.3350648877303375,0
20230801T221115 - e7f9c,186,N1,False,0.3789570220852504,0
20230801T221115 - e7f9c,187,N2,False,0.26505975020950684,0
20230801T221115 - e7f9c,188,N2,False,0.24216432588609918,0
20230801T221115 - e7f9c,189,N2,False,0.21025520198331743,0
20230801T221115 - e7f9c,190,N2,False,0.26293634793039034,0
20230801T221115 - e7f9c,191,N2,False,0.25561488540547783,0
20230801T221115 - e7f9c,192,N2,False,0.27579261178758135,0
20230801T221115 - e7f9c,193,N2,False,0.2232369347692108,0
20230801T221115 - e7f9c,194,N2,False,0.2371083420322482,0
20230801T221115 - e7f9c,195,N2,False,0.23521064031572458,0
20230801T221115 - e7f9c,196,N2,True,0.2482135291395071,0
20230801T221115 - e7f9c,197,N2,False,0.280099755871915,0
20230801T221115 - e7f9c,198,N2,False,0.2857205895259948,0
20230801T221115 - e7f9c,199,N2,False,0.29003911115959946,0
20230801T221115 - e7f9c,200,N2,False,0.29266421328179676,0
20230801T221115 - e7f9c,201,N2,False,0.26046267850917904,0
20230801T221115 - e7f9c,202,N2,False,0.2327608967795448,0
20230801T221115 - e7f9c,203,N2,False,0.24070597742155073,0
20230801T221115 - e7f9c,204,N2,False,0.24805743833755542,0
20230801T221115 - e7f9c,205,N2,False,0.23937219298188672,0
20230801T221115 - e7f9c,206,N2,False,0.2531405647874009,0
20230801T221115 - e7f9c,207,N2,False,0.2572924796185413,0
20230801T221115 - e7f9c,208,N2,False,0.25538810280976476,0
20230801T221115 - e7f9c,209,N2,False,0.2162422249282706,0
20230801T221115 - e7f9c,210,N2,False,0.25647879027862464,0
20230801T221115 - e7f9c,211,N2,False,0.20812743777084713,0
20230801T221115 - e7f9c,212,N2,False,0.24072566338211235,0
20230801T221115 - e7f9c,213,N2,False,0.22247942166970225,0
20230801T221115 - e7f9c,214,N2,False,0.2171574476847422,0
20230801T221115 - e7f9c,215,N3,False,0.21878563048217017,0
20230801T221115 - e7f9c,216,N2,False,0.2160712959543352,0
20230801T221115 - e7f9c,217,N2,False,0.20767728591440668,0
20230801T221115 - e7f9c,218,N2,False,0.2863737106946375,0
20230801T221115 - e7f9c,219,N2,False,0.2124476493376061,0
20230801T221115 - e7f9c,220,N2,False,0.21713682517319188,0
20230801T221115 - e7f9c,221,N3,False,0.20881843517289903,0
20230801T221115 - e7f9c,222,N3,False,0.2149766747394858,0
20230801T221115 - e7f9c,223,N2,False,0.19966559227129835,0
20230801T221115 - e7f9c,224,N2,False,0.22365677577813428,0
20230801T221115 - e7f9c,225,N3,False,0.2326921802130126,0
20230801T221115 - e7f9c,226,N2,False,0.21403225994821884,0
20230801T221115 - e7f9c,227,N2,False,0.1984187354661882,0
20230801T221115 - e7f9c,228,N2,False,0.20518698739614954,0
20230801T221115 - e7f9c,229,N3,False,0.21892934499286085,0
20230801T221115 - e7f9c,230,N2,False,0.2169124898287831,0
20230801T221115 - e7f9c,231,N3,False,0.2009560977339354,0
20230801T221115 - e7f9c,232,N2,False,0.27124012118601665,0
20230801T221115 - e7f9c,233,N3,False,0.21319705756132606,0
20230801T221115 - e7f9c,234,N3,False,0.244506256586572,0
20230801T221115 - e7f9c,235,N2,False,0.2000863779668435,0
20230801T221115 - e7f9c,236,N3,False,0.20574026222043595,0
20230801T221115 - e7f9c,237,N3,False,0.224248957179625,0
20230801T221115 - e7f9c,238,N3,False,0.21518319537892602,0
20230801T221115 - e7f9c,239,N3,False,0.20904238145772328,0
20230801T221115 - e7f9c,240,N3,False,0.22274652211063298,0
20230801T221115 - e7f9c,241,N3,False,0.2105902036246498,0
20230801T221115 - e7f9c,242,N3,False,0.20671492922769708,0
20230801T221115 - e7f9c,243,N3,False,0.2065665739392507,0
20230801T221115 - e7f9c,244,N3,False,0.20135563789439764,0
20230801T221115 - e7f9c,245,N3,False,0.20297881651552172,0
20230801T221115 - e7f9c,246,N3,False,0.22819438715771537,0
20230801T221115 - e7f9c,247,N3,False,0.21682306916842656,0
20230801T221115 - e7f9c,248,N3,False,0.23054519150847536,0
20230801T221115 - e7f9c,249,N3,False,0.23476966564212237,0
20230801T221115 - e7f9c,250,N3,False,0.21928918289603186,0
20230801T221115 - e7f9c,251,N3,True,0.24580596807940355,0
20230801T221115 - e7f9c,252,N3,False,0.2636708299794386,0
20230801T221115 - e7f9c,253,N2,False,0.4300398948094171,0
20230801T221115 - e7f9c,254,N2,False,0.29149502790590653,0
20230801T221115 - e7f9c,255,N2,True,0.2965921556616855,0
20230801T221115 - e7f9c,256,N2,False,0.2781099845583863,0
20230801T221115 - e7f9c,257,N2,False,0.27108386509172766,0
20230801T221115 - e7f9c,258,N2,False,0.31977997354538595,0
20230801T221115 - e7f9c,259,N2,False,0.21125636754762236,0
20230801T221115 - e7f9c,260,N2,False,0.3248399663650733,0
20230801T221115 - e7f9c,261,N2,False,0.25494367005894913,0
20230801T221115 - e7f9c,262,N2,False,0.2266198481276322,0
20230801T221115 - e7f9c,263,N2,False,0.2714528098005292,0
20230801T221115 - e7f9c,264,N2,True,0.26581605634552447,0
20230801T221115 - e7f9c,265,N2,False,0.2771152521152446,0
20230801T221115 - e7f9c,266,W,False,0.3720101888985038,0
20230801T221115 - e7f9c,267,N2,True,0.29783085266482856,0
20230801T221115 - e7f9c,268,N1,True,0.3527424852823924,0
20230801T221115 - e7f9c,269,N2,True,0.2995254118481065,0
20230801T221115 - e7f9c,270,N1,True,0.3495919850580951,0
20230801T221115 - e7f9c,271,N2,False,0.3165866438383106,0
20230801T221115 - e7f9c,272,N2,False,0.23898243175527775,0
20230801T221115 - e7f9c,273,N2,False,0.25005072092399416,0
20230801T221115 - e7f9c,274,N2,False,0.2874931967643105,0
20230801T221115 - e7f9c,275,N2,True,0.269875847605899,0
20230801T221115 - e7f9c,276,N2,True,0.24156764484453647,0
20230801T221115 - e7f9c,277,N2,True,0.32996439506547964,0
20230801T221115 - e7f9c,278,N1,True,0.4024932976683571,0
20230801T221115 - e7f9c,279,N1,True,0.4864571182577454,0
20230801T221115 - e7f9c,280,N1,False,0.41749362463104167,0
20230801T221115 - e7f9c,281,N2,False,0.345279305396121,0
20230801T221115 - e7f9c,282,N2,False,0.3473884641004749,0
20230801T221115 - e7f9c,283,N2,False,0.28118298114720824,0
20230801T221115 - e7f9c,284,N2,True,0.2780062165947589,0
20230801T221115 - e7f9c,285,N1,True,0.38170252210974276,0
20230801T221115 - e7f9c,286,N2,False,0.31356681774764306,0
20230801T221115 - e7f9c,287,N1,False,0.3305500540076008,0
20230801T221115 - e7f9c,288,N2,False,0.26174665364849437,0
20230801T221115 - e7f9c,289,N2,True,0.23319935076343318,0
20230801T221115 - e7f9c,290,N2,True,0.2114266202297531,0
20230801T221115 - e7f9c,291,N2,False,0.36072006531205747,0
20230801T221115 - e7f9c,292,N2,True,0.3205436925857585,0
20230801T221115 - e7f9c,293,W,True,0.3797037656996421,0
20230801T221115 - e7f9c,294,N1,False,0.3997952106742633,0
20230801T221115 - e7f9c,295,N1,False,0.36709846784400546,0
20230801T221115 - e7f9c,296,N1,True,0.2987779823889491,0
20230801T221115 - e7f9c,297,N1,False,0.33657843190113984,0
20230801T221115 - e7f9c,298,N1,False,0.3201226071195171,0
20230801T221115 - e7f9c,299,N2,False,0.25418982044992133,0
20230801T221115 - e7f9c,300,N2,False,0.2816138258229311,0
20230801T221115 - e7f9c,301,N2,False,0.2747951862727087,0
20230801T221115 - e7f9c,302,N2,False,0.26219684659724596,0
20230801T221115 - e7f9c,303,N2,False,0.2517426022983443,0
20230801T221115 - e7f9c,304,N2,False,0.24624407021853187,0
20230801T221115 - e7f9c,305,N2,False,0.25836908766104927,0
20230801T221115 - e7f9c,306,N2,False,0.2545977352325589,0
20230801T221115 - e7f9c,307,N2,True,0.24045532276710269,0
20230801T221115 - e7f9c,308,N2,False,0.27396421593549924,0
20230801T221115 - e7f9c,309,W,True,0.3350490862189121,0
20230801T221115 - e7f9c,310,N1,False,0.3445297219647731,0
20230801T221115 - e7f9c,311,W,False,0.2807438379225799,0
20230801T221115 - e7f9c,312,N2,False,0.26632734933984376,0
20230801T221115 - e7f9c,313,N2,True,0.2209950126476568,0
20230801T221115 - e7f9c,314,N2,False,0.25877743773440687,0
20230801T221115 - e7f9c,315,N2,False,0.2789082551023916,0
20230801T221115 - e7f9c,316,N2,True,0.33136930348531607,0
20230801T221115 - e7f9c,317,N2,True,0.2793379851596617,0
20230801T221115 - e7f9c,318,N1,False,0.36061387533481437,0
20230801T221115 - e7f9c,319,N2,False,0.29704970154251203,0
20230801T221115 - e7f9c,320,N2,True,0.2645564492540422,0
20230801T221115 - e7f9c,321,N1,True,0.3576792374970965,0
20230801T221115 - e7f9c,322,N1,False,0.26875016696952175,0
20230801T221115 - e7f9c,323,N2,False,0.27702607175844135,0
20230801T221115 - e7f9c,324,N2,False,0.23043104022774893,0
20230801T221115 - e7f9c,325,N2,False,0.2496206755628448,0
20230801T221115 - e7f9c,326,N2,False,0.2256991824296658,0
20230801T221115 - e7f9c,327,N2,False,0.2413663789097353,0
20230801T221115 - e7f9c,328,N2,False,0.21720032068801273,0
20230801T221115 - e7f9c,329,N2,True,0.23854802447003923,0
20230801T221115 - e7f9c,330,N2,True,0.23452616376195634,0
20230801T221115 - e7f9c,331,N1,True,0.36666756794766064,0
20230801T221115 - e7f9c,332,N1,False,0.3761661873103497,0
20230801T221115 - e7f9c,333,N1,True,0.37691472700786904,0
20230801T221115 - e7f9c,334,N2,False,0.32446312184426335,0
20230801T221115 - e7f9c,335,N2,False,0.30781024524529527,0
20230801T221115 - e7f9c,336,N2,True,0.2547671041069737,0
20230801T221115 - e7f9c,337,N2,False,0.28049435149281765,0
20230801T221115 - e7f9c,338,N1,False,0.3048885652585266,0
20230801T221115 - e7f9c,339,N2,True,0.28962548247786685,0
20230801T221115 - e7f9c,340,N2,True,0.23365400797542368,0
20230801T221115 - e7f9c,341,N2,False,0.3583322929175709,0
20230801T221115 - e7f9c,342,N1,False,0.3763560185579922,0
20230801T221115 - e7f9c,343,REM,True,0.32487724073084523,0
20230801T221115 - e7f9c,344,W,False,0.36336003657608523,0
20230801T221115 - e7f9c,345,W,True,0.2811611106732518,0
20230801T221115 - e7f9c,346,N1,False,0.3059949507074679,0
20230801T221115 - e7f9c,347,REM,False,0.26120213034923023,0
20230801T221115 - e7f9c,348,REM,False,0.2951175070846791,0
20230801T221115 - e7f9c,349,REM,False,0.30241715307244166,0
20230801T221115 - e7f9c,350,REM,False,0.2910754243536449,0
20230801T221115 - e7f9c,351,REM,False,0.2935858638399195,0
20230801T221115 - e7f9c,352,REM,False,0.28314658927689196,0
20230801T221115 - e7f9c,353,REM,False,0.3145345240281278,0
20230801T221115 - e7f9c,354,REM,False,0.27169551719857216,0
20230801T221115 - e7f9c,355,REM,False,0.2956961948930043,0
20230801T221115 - e7f9c,356,REM,False,0.28466193490757447,0
20230801T221115 - e7f9c,357,REM,False,0.21458251845761964,0
20230801T221115 - e7f9c,358,REM,False,0.31266768770731235,0
20230801T221115 - e7f9c,359,REM,True,0.29724361274383054,0
20230801T221115 - e7f9c,360,REM,False,0.2864337817920217,0
20230801T221115 - e7f9c,361,REM,False,0.2528793685652328,0
20230801T221115 - e7f9c,362,REM,True,0.36332711728273226,0
20230801T221115 - e7f9c,363,REM,True,0.2819383047599347,0
20230801T221115 - e7f9c,364,REM,False,0.2507650033732111,0
20230801T221115 - e7f9c,365,REM,True,0.30307616680743565,0
20230801T221115 - e7f9c,366,REM,False,0.2943200662023078,0
20230801T221115 - e7f9c,367,REM,False,0.3135234231397094,0
20230801T221115 - e7f9c,368,REM,False,0.33652960020488715,0
20230801T221115 - e7f9c,369,REM,False,0.31841536297255335,0
20230801T221115 - e7f9c,370,REM,False,0.279996445774103,0
20230801T221115 - e7f9c,371,REM,False,0.3457508524808477,0
20230801T221115 - e7f9c,372,REM,False,0.22823248434132432,0
20230801T221115 - e7f9c,373,REM,True,0.31259635002186964,0
20230801T221115 - e7f9c,374,REM,False,0.27381716847997056,0
20230801T221115 - e7f9c,375,REM,False,0.2910474199715662,0
20230801T221115 - e7f9c,376,REM,False,0.3375064275299722,0
20230801T221115 - e7f9c,377,REM,False,0.32254816713649026,0
20230801T221115 - e7f9c,378,REM,True,0.29303141894984613,0
20230801T221115 - e7f9c,379,REM,False,0.31922142009922483,0
20230801T221115 - e7f9c,380,REM,False,0.2924265097483707,0
20230801T221115 - e7f9c,381,REM,False,0.3266822442949591,0
20230801T221115 - e7f9c,382,REM,False,0.27872939122197976,0
20230801T221115 - e7f9c,383,REM,True,0.40743901775992564,0
20230801T221115 - e7f9c,384,REM,False,0.2929614302214735,0
20230801T221115 - e7f9c,385,REM,False,0.23460007862698012,0
20230801T221115 - e7f9c,386,REM,False,0.22643845954474123,0
20230801T221115 - e7f9c,387,REM,False,0.19843648505831127,0
20230801T221115 - e7f9c,388,REM,False,0.2712653823834867,0
20230801T221115 - e7f9c,389,REM,False,0.3277800041031198,0
20230801T221115 - e7f9c,390,REM,False,0.3806151326152348,0
20230801T221115 - e7f9c,391,REM,True,0.28652088895729055,0
20230801T221115 - e7f9c,392,REM,False,0.30469593934364264,0
20230801T221115 - e7f9c,393,REM,False,0.26103060494832525,0
20230801T221115 - e7f9c,394,REM,False,0.2724251510477052,0
20230801T221115 - e7f9c,395,REM,True,0.2603189961086097,0
20230801T221115 - e7f9c,396,REM,False,0.3418244505317321,0
20230801T221115 - e7f9c,397,REM,True,0.2804948406330326,0
20230801T221115 - e7f9c,398,REM,False,0.3742481911991335,0
20230801T221115 - e7f9c,399,REM,True,0.3300358326298341,0
20230801T221115 - e7f9c,400,REM,False,0.336875178693078,0
20230801T221115 - e7f9c,401,REM,False,0.31811054149968065,0
20230801T221115 - e7f9c,402,REM,False,0.20475752179713666,0
20230801T221115 - e7f9c,403,REM,True,0.2615853777179624,0
20230801T221115 - e7f9c,404,REM,False,0.3481920566492554,0
20230801T221115 - e7f9c,405,REM,False,0.27160415819016587,0
20230801T221115 - e7f9c,406,REM,True,0.3137196368625819,0
20230801T221115 - e7f9c,407,REM,False,0.2856303879206284,0
20230801T221115 - e7f9c,408,REM,False,0.32398018031792586,0
20230801T221115 - e7f9c,409,REM,False,0.29393924645066116,0
20230801T221115 - e7f9c,410,REM,False,0.22802272404918958,0
20230801T221115 - e7f9c,411,REM,True,0.2135521197699317,0
20230801T221115 - e7f9c,412,REM,False,0.26741645494635696,0
20230801T221115 - e7f9c,413,REM,False,0.24431559601780997,0
20230801T221115 - e7f9c,414,REM,False,0.20236921787247727,0
20230801T221115 - e7f9c,415,REM,True,0.10614509335003,0
20230801T221115 - e7f9c,416,REM,False,0.12830871813320663,0
20230801T221115 - e7f9c,417,REM,True,0.19914429118608137,0
20230801T221115 - e7f9c,418,REM,False,0.20133498794735732,0
20230801T221115 - e7f9c,419,REM,False,0.19507274180381137,0
20230801T221115 - e7f9c,420,REM,False,0.2130916300308618,0
20230801T221115 - e7f9c,421,REM,False,0.15762843761872974,0
20230801T221115 - e7f9c,422,REM,False,0.17763712057690342,0
20230801T221115 - e7f9c,423,REM,False,0.2403489244868365,0
20230801T221115 - e7f9c,424,REM,False,0.2129959889117987,0
20230801T221115 - e7f9c,425,REM,False,0.27372040423663707,0
20230801T221115 - e7f9c,426,REM,False,0.28842049749350057,0
20230801T221115 - e7f9c,427,REM,False,0.24517120705127227,0
20230801T221115 - e7f9c,428,REM,False,0.26569767625790675,0
20230801T221115 - e7f9c,429,REM,False,0.23315980409876505,0
20230801T221115 - e7f9c,430,REM,False,0.21611807112270343,0
20230801T221115 - e7f9c,431,REM,False,0.2053276959585248,0
20230801T221115 - e7f9c,432,REM,False,0.1311095229284956,0
20230801T221115 - e7f9c,433,REM,False,0.1839833027921102,0
20230801T221115 - e7f9c,434,REM,True,0.27025222938142834,0
20230801T221115 - e7f9c,435,REM,False,0.22225615167411653,0
20230801T221115 - e7f9c,436,REM,False,0.23386193744934125,0
20230801T221115 - e7f9c,437,REM,False,0.30367023156849376,0
20230801T221115 - e7f9c,438,REM,False,0.2402265142110824,0
20230801T221115 - e7f9c,439,REM,False,0.2692043585387576,0
20230801T221115 - e7f9c,440,REM,True,0.2613645786166522,0
20230801T221115 - e7f9c,441,REM,False,0.2705961403704586,0
20230801T221115 - e7f9c,442,W,True,0.26550573816967765,0
20230801T221115 - e7f9c,443,N1,False,0.3065690509242057,0
20230801T221115 - e7f9c,444,N1,False,0.34006241899518685,0
20230801T221115 - e7f9c,445,N2,False,0.2242613003839582,0
20230801T221115 - e7f9c,446,N2,True,0.1349746203487446,0
20230801T221115 - e7f9c,447,W,False,0.2926213914434265,0
20230801T221115 - e7f9c,448,N1,False,0.22943036435888078,0
20230801T221115 - e7f9c,449,N2,False,0.15215459960895175,0
20230801T221115 - e7f9c,450,N2,False,0.14802542708103997,0
20230801T221115 - e7f9c,451,N2,False,0.13013927356013855,0
20230801T221115 - e7f9c,452,N2,False,0.12804096124299322,0
20230801T221115 - e7f9c,453,N2,True,0.1505346500548855,0
20230801T221115 - e7f9c,454,N2,False,0.13253417916411808,0
20230801T221115 - e7f9c,455,N2,False,0.12036556070245091,0
20230801T221115 - e7f9c,456,N2,False,0.11600981433196128,0
20230801T221115 - e7f9c,457,N2,False,0.15416471471627666,0
20230801T221115 - e7f9c,458,N2,False,0.1077390807520633,0
20230801T221115 - e7f9c,459,N2,False,0.12898546638933817,0
20230801T221115 - e7f9c,460,N2,False,0.10884364799877899,0
20230801T221115 - e7f9c,461,N2,False,0.14066394561276213,0
20230801T221115 - e7f9c,462,N2,False,0.12279014033095095,0
20230801T221115 - e7f9c,463,N2,False,0.13656961049167346,0
20230801T221115 - e7f9c,464,N2,False,0.14874255799024444,0
20230801T221115 - e7f9c,465,N2,False,0.153684784508768,0
20230801T221115 - e7f9c,466,N2,False,0.14946100466773493,0
20230801T221115 - e7f9c,467,N2,False,0.14709545772787005,0
20230801T221115 - e7f9c,468,N2,False,0.145702720184588,0
20230801T221115 - e7f9c,469,N2,False,0.12728249486386464,0
20230801T221115 - e7f9c,470,N2,True,0.11457745775668554,0
20230801T221115 - e7f9c,471,N2,False,0.23916830033057263,0
20230801T221115 - e7f9c,472,N1,False,0.2703085246019046,0
20230801T221115 - e7f9c,473,N2,False,0.12625220853989577,0
20230801T221115 - e7f9c,474,N2,False,0.12493520878584037,0
20230801T221115 - e7f9c,475,N2,False,0.13260205292087612,0
20230801T221115 - e7f9c,476,N2,False,0.14121513893837132,0
20230801T221115 - e7f9c,477,N2,False,0.14509650882802844,0
20230801T221115 - e7f9c,478,N2,False,0.07773944942027183,0
20230801T221115 - e7f9c,479,N2,False,0.16239861805614797,0
20230801T221115 - e7f9c,480,N2,False,0.12206294452926708,0
20230801T221115 - e7f9c,481,N2,False,0.13962362294021613,0
20230801T221115 - e7f9c,482,N2,False,0.10100557266675735,0
20230801T221115 - e7f9c,483,N2,False,0.10375681525849816,0
20230801T221115 - e7f9c,484,N2,False,0.11269856915964216,0
20230801T221115 - e7f9c,485,N2,False,0.11155636222843864,0
20230801T221115 - e7f9c,486,N2,False,0.13076115443507164,0
20230801T221115 - e7f9c,487,N2,False,0.14064643404682148,0
20230801T221115 - e7f9c,488,N2,False,0.0684051033578133,0
20230801T221115 - e7f9c,489,N2,False,0.1799649582064942,0
20230801T221115 - e7f9c,490,N2,False,0.08168079041848139,0
20230801T221115 - e7f9c,491,N2,False,0.10024618539074862,0
20230801T221115 - e7f9c,492,N2,False,0.14413356826208779,0
20230801T221115 - e7f9c,493,N2,False,0.1478681701858783,0
20230801T221115 - e7f9c,494,N2,False,0.21371714730037966,0
20230801T221115 - e7f9c,495,N3,False,0.14988734612109625,0
20230801T221115 - e7f9c,496,N2,False,0.16878388063577282,0
20230801T221115 - e7f9c,497,N2,False,0.11483908152082617,0
20230801T221115 - e7f9c,498,N2,False,0.1617549866362576,0
20230801T221115 - e7f9c,499,N2,False,0.1556302835852425,0
20230801T221115 - e7f9c,500,N3,False,0.15636195165722694,0
20230801T221115 - e7f9c,501,N2,False,0.13994007284299695,0
20230801T221115 - e7f9c,502,N2,False,0.16457138718588535,0
20230801T221115 - e7f9c,503,N2,False,0.13461960254712685,0
20230801T221115 - e7f9c,504,N2,False,0.12759470955725372,0
20230801T221115 - e7f9c,505,N2,False,0.16479958570712822,0
20230801T221115 - e7f9c,506,N3,False,0.15820819393749044,0
20230801T221115 - e7f9c,507,N2,False,0.19063983403051066,0
20230801T221115 - e7f9c,508,N3,False,0.2147370781225203,0
20230801T221115 - e7f9c,509,N2,False,0.21737721129981236,0
20230801T221115 - e7f9c,510,N3,False,0.214282711001032,0
20230801T221115 - e7f9c,511,N2,False,0.19836744928990122,0
20230801T221115 - e7f9c,512,N2,False,0.2221295231987403,0
20230801T221115 - e7f9c,513,N3,False,0.21820679484260594,0
20230801T221115 - e7f9c,514,N2,False,0.19927017505132968,0
20230801T221115 - e7f9c,515,N2,False,0.23311749339634258,0
20230801T221115 - e7f9c,516,N2,False,0.24507139220489646,0
20230801T221115 - e7f9c,517,N2,False,0.20481286512447278,0
20230801T221115 - e7f9c,518,N3,False,0.20419095216588332,0
20230801T221115 - e7f9c,519,N2,False,0.22468313811612708,0
20230801T221115 - e7f9c,520,N2,True,0.19504529670983806,0
20230801T221115 - e7f9c,521,W,False,0.3559993055014756,0
20230801T221115 - e7f9c,522,W,True,0.2640811465222177,0
20230801T221115 - e7f9c,523,N1,True,0.27508767131280815,0
20230801T221115 - e7f9c,524,N2,False,0.2615162568646933,0
20230801T221115 - e7f9c,525,N2,True,0.24578221479117038,0
20230801T221115 - e7f9c,526,N2,False,0.297913383269922,0
20230801T221115 - e7f9c,527,N2,False,0.2468647682486496,0
20230801T221115 - e7f9c,528,N2,False,0.28311449274952394,0
20230801T221115 - e7f9c,529,N2,False,0.2897400006550437,0
20230801T221115 - e7f9c,530,N2,False,0.29801530069707166,0
20230801T221115 - e7f9c,531,N2,False,0.25553380088254973,0
20230801T221115 - e7f9c,532,N2,False,0.29178092909280967,0
20230801T221115 - e7f9c,533,N2,True,0.2963365289892298,0
20230801T221115 - e7f9c,534,N2,False,0.2591786421546444,0
20230801T221115 - e7f9c,535,N2,False,0.25564419007876366,0
20230801T221115 - e7f9c,536,N2,False,0.2982507480847465,0
20230801T221115 - e7f9c,537,N2,True,0.27678008059573606,0
20230801T221115 - e7f9c,538,N2,False,0.2125537976963263,0
20230801T221115 - e7f9c,539,N1,False,0.21728751892208265,0
20230801T221115 - e7f9c,540,N2,False,0.21724097551644564,0
20230801T221115 - e7f9c,541,N2,False,0.23151103124261035,0
20230801T221115 - e7f9c,542,N3,False,0.1523157054687512,0
20230801T221115 - e7f9c,543,N2,False,0.17465965979331213,0
20230801T221115 - e7f9c,544,N2,False,0.1575607765762514,0
20230801T221115 - e7f9c,545,N2,False,0.18286746868384912,0
20230801T221115 - e7f9c,546,N2,False,0.17745919848690103,0
20230801T221115 - e7f9c,547,N2,False,0.14974171238413742,0
20230801T221115 - e7f9c,548,N2,False,0.14739291825511228,0
20230801T221115 - e7f9c,549,N2,False,0.16774860769035832,0
20230801T221115 - e7f9c,550,N2,False,0.1857046605421527,0
20230801T221115 - e7f9c,551,N2,False,0.2073824772854099,0
20230801T221115 - e7f9c,552,N2,False,0.17856753575163187,0
20230801T221115 - e7f9c,553,N2,False,0.18308050192322262,0
20230801T221115 - e7f9c,554,N2,False,0.18461279796618638,0
20230801T221115 - e7f9c,555,N2,False,0.16613864681840348,0
20230801T221115 - e7f9c,556,N2,False,0.2540510923928255,0
20230801T221115 - e7f9c,557,N2,False,0.18452274913157807,0
20230801T221115 - e7f9c,558,N2,False,0.24614217888073522,0
20230801T221115 - e7f9c,559,N2,False,0.21309990094754358,0
20230801T221115 - e7f9c,560,N2,False,0.23678551390069955,0
20230801T221115 - e7f9c,561,N2,False,0.20368772012873723,0
20230801T221115 - e7f9c,562,N2,False,0.21791281519044842,0
20230801T221115 - e7f9c,563,N2,True,0.2093514516763529,0
20230801T221115 - e7f9c,564,N2,False,0.2919516443639616,0
20230801T221115 - e7f9c,565,W,True,0.23033103750791825,0
20230801T221115 - e7f9c,566,N1,False,0.16881984728557037,0
20230801T221115 - e7f9c,567,N2,False,0.20297836455977933,0
20230801T221115 - e7f9c,568,N2,False,0.13438994040210997,0
20230801T221115 - e7f9c,569,N2,False,0.13722972850664195,0
20230801T221115 - e7f9c,570,N2,False,0.1531821057941514,0
20230801T221115 - e7f9c,571,N2,True,0.1304525055625075,0
20230801T221115 - e7f9c,572,N2,False,0.20847039411306426,0
20230801T221115 - e7f9c,573,N2,False,0.19375421016022404,0
20230801T221115 - e7f9c,574,N2,False,0.22981017650537108,0
20230801T221115 - e7f9c,575,N2,True,0.19092008738334207,0
20230801T221115 - e7f9c,576,N2,True,0.23981731062162517,0
20230801T221115 - e7f9c,577,N1,False,0.29270355219640104,0
20230801T221115 - e7f9c,578,N2,True,0.20531387957448646,0
20230801T221115 - e7f9c,579,N2,False,0.29071071609548516,0
20230801T221115 - e7f9c,580,N1,False,0.2610715522019786,0
20230801T221115 - e7f9c,581,N2,False,0.21085673599858468,0
20230801T221115 - e7f9c,582,N2,False,0.1772811925266943,0
20230801T221115 - e7f9c,583,N2,False,0.24025331081337797,0
20230801T221115 - e7f9c,584,N2,False,0.18110736204842984,0
20230801T221115 - e7f9c,585,N2,False,0.1634910790656772,0
20230801T221115 - e7f9c,586,N2,True,0.1741945947875541,0
20230801T221115 - e7f9c,587,N3,False,0.17630172186357845,0
20230801T221115 - e7f9c,588,N1,False,0.23349106278410792,0
20230801T221115 - e7f9c,589,N2,False,0.2476766827190951,0
20230801T221115 - e7f9c,590,N2,False,0.204178373451265,0
20230801T221115 - e7f9c,591,REM,False,0.2144515313093158,0
20230801T221115 - e7f9c,592,REM,False,0.24698367334919585,0
20230801T221115 - e7f9c,593,REM,False,0.29366456841236716,0
20230801T221115 - e7f9c,594,REM,False,0.2361629458316301,0
20230801T221115 - e7f9c,595,REM,True,0.2668482947324781,0
20230801T221115 - e7f9c,596,REM,False,0.28536829807948744,0
20230801T221115 - e7f9c,597,REM,False,0.28797358240308457,0
20230801T221115 - e7f9c,598,REM,False,0.23219351049223735,0
20230801T221115 - e7f9c,599,REM,False,0.33824274302905094,0
20230801T221115 - e7f9c,600,REM,False,0.3109974586054365,0
20230801T221115 - e7f9c,601,REM,False,0.32532140144066773,0
20230801T221115 - e7f9c,602,REM,False,0.25474470953181155,0
20230801T221115 - e7f9c,603,REM,False,0.3301571739610212,0
20230801T221115 - e7f9c,604,REM,False,0.34019110647947415,0
20230801T221115 - e7f9c,605,REM,False,0.2991912058423133,0
20230801T221115 - e7f9c,606,REM,False,0.2695165371471965,0
20230801T221115 - e7f9c,607,REM,False,0.2953971907406866,0
20230801T221115 - e7f9c,608,REM,False,0.27914272188779166,0
20230801T221115 - e7f9c,609,REM,False,0.24391589622380072,0
20230801T221115 - e7f9c,610,REM,False,0.2931921748535956,0
20230801T221115 - e7f9c,611,REM,False,0.2804886625009646,0
20230801T221115 - e7f9c,612,REM,False,0.24733131607889317,0
20230801T221115 - e7f9c,613,REM,False,0.241076377803057,0
20230801T221115 - e7f9c,614,REM,False,0.29451448094122534,0
20230801T221115 - e7f9c,615,REM,False,0.24081157322878066,0
20230801T221115 - e7f9c,616,REM,False,0.3318612318462159,0
20230801T221115 - e7f9c,617,REM,True,0.3166911885373753,0
20230801T221115 - e7f9c,618,REM,False,0.299137922844687,0
20230801T221115 - e7f9c,619,REM,False,0.23671506760970465,0
20230801T221115 - e7f9c,620,REM,False,0.26248879894520727,0
20230801T221115 - e7f9c,621,REM,False,0.29306960646426833,0
20230801T221115 - e7f9c,622,REM,False,0.2812307429038946,0
20230801T221115 - e7f9c,623,REM,False,0.31251571706663306,0
20230801T221115 - e7f9c,624,REM,False,0.24548936134470734,0
20230801T221115 - e7f9c,625,REM,False,0.24045609178262914,0
20230801T221115 - e7f9c,626,REM,False,0.2660486065720215,0
20230801T221115 - e7f9c,627,REM,False,0.2972362447240389,0
20230801T221115 - e7f9c,628,REM,False,0.3509629823965517,0
20230801T221115 - e7f9c,629,REM,False,0.1867120218460063,0
20230801T221115 - e7f9c,630,REM,False,0.30592196787121656,0
20230801T221115 - e7f9c,631,REM,False,0.22549214370905013,0
20230801T221115 - e7f9c,632,REM,False,0.31592252981732577,0
20230801T221115 - e7f9c,633,REM,False,0.27303300518684176,0
20230801T221115 - e7f9c,634,REM,False,0.347216642835938,0
20230801T221115 - e7f9c,635,REM,False,0.339075443729618,0
20230801T221115 - e7f9c,636,REM,False,0.2810694507158687,0
20230801T221115 - e7f9c,637,REM,False,0.2869775399526038,0
20230801T221115 - e7f9c,638,REM,False,0.309208535456813,0
20230801T221115 - e7f9c,639,REM,True,0.3088248874811446,0
20230801T221115 - e7f9c,640,W,False,0.37925211901010863,0
20230801T221115 - e7f9c,641,N1,True,0.4710690199702925,0
20230801T221115 - e7f9c,642,N1,True,0.3663723068093362,0
20230801T221115 - e7f9c,643,N1,False,0.3959931038760525,0
20230801T221115 - e7f9c,644,N1,False,0.29653298540234146,0
20230801T221115 - e7f9c,645,N2,True,0.2760091511673108,0
20230801T221115 - e7f9c,646,N1,False,0.4194586160306073,0
20230801T221115 - e7f9c,647,N2,True,0.2706954488893908,0
20230801T221115 - e7f9c,648,N2,False,0.34875009334205975,0
20230801T221115 - e7f9c,649,W,False,0.3831160414307975,0
20230801T221115 - e7f9c,650,W,False,0.245128620307871,0
20230801T221115 - e7f9c,651,W,False,0.18693796411582386,0
20230801T221115 - e7f9c,652,W,False,0.2169822223498328,0
20230801T221115 - e7f9c,653,W,False,0.24897936567746928,0
20230801T221115 - e7f9c,654,W,False,0.2361383661760394,0
20230801T221115 - e7f9c,655,W,False,0.21638240371273182,0
20230801T221115 - e7f9c,656,W,False,0.3084197211134451,0
20230801T221115 - e7f9c,657,W,False,0.21464268434821798,0
20230801T221115 - e7f9c,658,W,False,0.23210219362910872,0
20230801T221115 - e7f9c,659,W,False,0.36529804780201675,0
20230801T221115 - e7f9c,660,W,False,0.313454179043988,0
20230801T221115 - e7f9c,661,W,True,0.32009457994554047,0
20230801T221115 - e7f9c,662,N1,True,0.32793755847763756,0
20230801T221115 - e7f9c,663,N1,False,0.30114660568678303,0
20230801T221115 - e7f9c,664,N1,True,0.3336839089115923,0
20230801T221115 - e7f9c,665,N1,False,0.3435710239237788,0
20230801T221115 - e7f9c,666,N1,False,0.3337179056151007,0
20230801T221115 - e7f9c,667,N2,False,0.27249143702249223,0
20230801T221115 - e7f9c,668,N2,False,0.2855097206901489,0
20230801T221115 - e7f9c,669,N2,False,0.2622589828486254,0
20230801T221115 - e7f9c,670,N2,False,0.22391722887453025,0
20230801T221115 - e7f9c,671,N2,False,0.2786576544862733,0
20230801T221115 - e7f9c,672,N2,False,0.27444915348221577,0
20230801T221115 - e7f9c,673,N2,False,0.24137409687991493,0
20230801T221115 - e7f9c,674,N2,False,0.24813799470870712,0
20230801T221115 - e7f9c,675,N2,False,0.277212222755028,0
20230801T221115 - e7f9c,676,N2,False,0.25834485597900636,0
20230801T221115 - e7f9c,677,N2,False,0.2702785170840441,0
20230801T221115 - e7f9c,678,N2,False,0.24691937928664281,0
20230801T221115 - e7f9c,679,N2,False,0.24429843586946082,0
20230801T221115 - e7f9c,680,N2,True,0.23316954116413743,0
20230801T221115 - e7f9c,681,N2,True,0.2496674646650228,0
20230801T221115 - e7f9c,682,N1,False,0.32762521366583075,0
20230801T221115 - e7f9c,683,N1,True,0.2813878775481963,0
20230801T221115 - e7f9c,684,N1,False,0.3709722331572318,0
20230801T221115 - e7f9c,685,N2,False,0.27030854194319986,0
20230801T221115 - e7f9c,686,N2,False,0.20127114494658468,0
20230801T221115 - e7f9c,687,N2,False,0.2539101517757063,0
20230801T221115 - e7f9c,688,N2,False,0.26531077948668513,0
20230801T221115 - e7f9c,689,N2,False,0.23739238624985678,0
20230801T221115 - e7f9c,690,N2,False,0.27983118199840257,0
20230801T221115 - e7f9c,691,N2,False,0.22464627743852877,0
20230801T221115 - e7f9c,692,N2,False,0.24739977685422773,0
20230801T221115 - e7f9c,693,N2,False,0.19669072281903827,0
20230801T221115 - e7f9c,694,N2,False,0.21477499021485688,0
20230801T221115 - e7f9c,695,N2,False,0.22295939677394336,0
20230801T221115 - e7f9c,696,N2,True,0.23163091105945383,0
20230801T221115 - e7f9c,697,N2,False,0.26000926564182963,0
20230801T221115 - e7f9c,698,N2,False,0.2767223147399506,0
20230801T221115 - e7f9c,699,N2,False,0.2673286873654453,0
20230801T221115 - e7f9c,700,N2,False,0.26964911683854853,0
20230801T221115 - e7f9c,701,N2,False,0.25348099969466664,0
20230801T221115 - e7f9c,702,N2,False,0.24456501100044836,0
20230801T221115 - e7f9c,703,N2,False,0.22048592191398858,0
20230801T221115 - e7f9c,704,N2,False,0.2814569071514512,0
20230801T221115 - e7f9c,705,N2,False,0.22926720171594714,0
20230801T221115 - e7f9c,706,N2,True,0.251400271146859,0
20230801T221115 - e7f9c,707,N2,True,0.2342977661087077,0
20230801T221115 - e7f9c,708,N1,False,0.289435231444218,0
20230801T221115 - e7f9c,709,N2,False,0.2561419349569086,0
20230801T221115 - e7f9c,710,N2,False,0.27168995791900125,0
20230801T221115 - e7f9c,711,N2,False,0.23705178764851154,0
20230801T221115 - e7f9c,712,N2,False,0.2463198156515332,0
20230801T221115 - e7f9c,713,N2,False,0.271199931100933,0
20230801T221115 - e7f9c,714,N2,False,0.25885490727937055,0
20230801T221115 - e7f9c,715,N2,False,0.28406336048760145,0
20230801T221115 - e7f9c,716,N2,False,0.20453282293445188,0
20230801T221115 - e7f9c,717,N2,False,0.269211730426316,0
20230801T221115 - e7f9c,718,N2,False,0.21908788849908284,0
20230801T221115 - e7f9c,719,N2,False,0.26385613042558537,0
20230801T221115 - e7f9c,720,N2,False,0.27382831407238467,0
20230801T221115 - e7f9c,721,N2,False,0.22599140839555926,0
20230801T221115 - e7f9c,722,N2,False,0.24477758063199137,0
20230801T221115 - e7f9c,723,N2,False,0.2381176781887812,0
20230801T221115 - e7f9c,724,N2,False,0.25632190763579543,0
20230801T221115 - e7f9c,725,N2,False,0.21946740876449364,0
20230801T221115 - e7f9c,726,N2,False,0.26118710190476,0
20230801T221115 - e7f9c,727,N2,False,0.27915357414337316,0
20230801T221115 - e7f9c,728,N2,False,0.2378885344873064,0
20230801T221115 - e7f9c,729,N2,True,0.2630028257482662,0
20230801T221115 - e7f9c,730,N2,False,0.3383582518484963,0
20230801T221115 - e7f9c,731,N1,True,0.32444294236268717,0
20230801T221115 - e7f9c,732,N2,False,0.31871171884982674,0
20230801T221115 - e7f9c,733,N2,False,0.3041924485633337,0
20230801T221115 - e7f9c,734,N2,False,0.2512217441373045,0
20230801T221115 - e7f9c,735,N2,False,0.26511440186123447,0
20230801T221115 - e7f9c,736,N2,False,0.26135835193491214,0
20230801T221115 - e7f9c,737,N2,False,0.25458134440174995,0
20230801T221115 - e7f9c,738,N2,True,0.2938288631000998,0
20230801T221115 - e7f9c,739,N2,False,0.28572660479642253,0
20230801T221115 - e7f9c,740,N1,True,0.2959275949400271,0
20230801T221115 - e7f9c,741,N1,False,0.32716916114902744,0
20230801T221115 - e7f9c,742,N2,False,0.2524927203467309,0
20230801T221115 - e7f9c,743,REM,False,0.297365282349601,0
20230801T221115 - e7f9c,744,REM,True,0.3645498148857323,0
20230801T221115 - e7f9c,745,REM,False,0.37609615422651893,0
20230801T221115 - e7f9c,746,N1,False,0.40480343254137985,0
20230801T221115 - e7f9c,747,N1,False,0.35024025537292597,0
20230801T221115 - e7f9c,748,N1,True,0.4015120816286297,0
20230801T221115 - e7f9c,749,N1,False,0.3928919723610374,0
20230801T221115 - e7f9c,750,N1,True,0.3650281879864097,0
20230801T221115 - e7f9c,751,N1,True,0.3408972200942547,0
20230801T221115 - e7f9c,752,N1,False,0.35707545087259035,0
20230801T221115 - e7f9c,753,N1,False,0.41085376950197294,0
20230801T221115 - e7f9c,754,N1,True,0.3372932987337833,0
20230801T221115 - e7f9c,755,N2,False,0.4531026195567107,0
20230801T221115 - e7f9c,756,W,True,0.37509214443619326,0
20230801T221115 - e7f9c,757,N1,False,0.39572395044881753,0
20230801T221115 - e7f9c,758,N1,False,0.31893706397830024,0
20230801T221115 - e7f9c,759,N2,False,0.267147289442975,0
20230801T221115 - e7f9c,760,REM,False,0.28372513425566104,0
20230801T221115 - e7f9c,761,REM,False,0.37068889826889134,0
20230801T221115 - e7f9c,762,REM,False,0.3558696011266106,0
20230801T221115 - e7f9c,763,REM,False,0.32717393108937104,0
20230801T221115 - e7f9c,764,REM,True,0.34515086207690615,0
20230801T221115 - e7f9c,765,REM,False,0.42460324173299424,0
20230801T221115 - e7f9c,766,REM,True,0.33706550027248483,0
20230801T221115 - e7f9c,767,REM,False,0.45570135517857274,0
20230801T221115 - e7f9c,768,REM,False,0.35800504191407484,0
20230801T221115 - e7f9c,769,REM,False,0.3276937507456756,0
20230801T221115 - e7f9c,770,REM,False,0.36424476658190835,0
20230801T221115 - e7f9c,771,REM,False,0.31671457451765916,0
20230801T221115 - e7f9c,772,REM,False,0.3795958328778204,0
20230801T221115 - e7f9c,773,REM,False,0.3505893530468527,0
20230801T221115 - e7f9c,774,REM,True,0.36282176422379614,0
20230801T221115 - e7f9c,775,REM,False,0.3887801500284172,0
20230801T221115 - e7f9c,776,REM,False,0.3232098982066986,0
20230801T221115 - e7f9c,777,REM,False,0.425199685859982,0
20230801T221115 - e7f9c,778,REM,False,0.4144868809824997,0
20230801T221115 - e7f9c,779,N1,False,0.366364828794833,0
20230801T221115 - e7f9c,780,N1,False,0.3650271701605538,0
20230801T221115 - e7f9c,781,N2,False,0.30753089236980213,0
20230801T221115 - e7f9c,782,N2,False,0.33329731721424805,0
20230801T221115 - e7f9c,783,N2,True,0.27364951162275597,0
20230801T221115 - e7f9c,784,N2,False,0.3625025062391811,0
20230801T221115 - e7f9c,785,N1,True,0.31461935488968257,0
20230801T221115 - e7f9c,786,N2,False,0.2213275045725869,0
20230801T221115 - e7f9c,787,N1,False,0.2355490770822209,0
20230801T221115 - e7f9c,788,N1,True,0.30254472489064443,0
20230801T221115 - e7f9c,789,N1,False,0.39090577796509457,0
20230801T221115 - e7f9c,790,N2,False,0.23568288660473433,0
20230801T221115 - e7f9c,791,N2,False,0.33089417856535325,0
20230801T221115 - e7f9c,792,N2,True,0.27317082281618854,0
20230801T221115 - e7f9c,793,N2,False,0.22713355380636188,0
20230801T221115 - e7f9c,794,REM,False,0.2697498978579241,0
20230801T221115 - e7f9c,795,REM,False,0.27370653772221787,0
20230801T221115 - e7f9c,796,REM,False,0.2772623373576037,0
20230801T221115 - e7f9c,797,REM,False,0.3288430345466844,0
20230801T221115 - e7f9c,798,REM,False,0.317810996287889,0
20230801T221115 - e7f9c,799,REM,False,0.3866978262044654,0
20230801T221115 - e7f9c,800,REM,False,0.32343810122294153,0
20230801T221115 - e7f9c,801,REM,False,0.34334754698155834,0
20230801T221115 - e7f9c,802,REM,False,0.2573730193710525,0
20230801T221115 - e7f9c,803,REM,False,0.2802680787117932,0
20230801T221115 - e7f9c,804,REM,True,0.348554456432622,0
20230801T221115 - e7f9c,805,REM,False,0.30903515493599604,0
20230801T221115 - e7f9c,806,REM,False,0.3098773079738999,0
20230801T221115 - e7f9c,807,REM,False,0.2870766033085598,0
20230801T221115 - e7f9c,808,REM,False,0.3396899951149654,0
20230801T221115 - e7f9c,809,REM,False,0.3511796564668519,0
20230801T221115 - e7f9c,810,REM,False,0.37258646888899866,0
20230801T221115 - e7f9c,811,REM,False,0.37621273091400753,0
20230801T221115 - e7f9c,812,REM,False,0.38184022366163817,0
20230801T221115 - e7f9c,813,REM,False,0.30329143189570307,0
20230801T221115 - e7f9c,814,REM,True,0.31846915531922304,0
20230801T221115 - e7f9c,815,REM,False,0.367631494247007,0
20230801T221115 - e7f9c,816,REM,False,0.5050588327207377,1
20230801T221115 - e7f9c,817,REM,False,0.2535658676606859,0
20230801T221115 - e7f9c,818,REM,False,0.2656244666333458,0
20230801T221115 - e7f9c,819,REM,False,0.2939534629426517,0
20230801T221115 - e7f9c,820,REM,False,0.301440582639597,0
20230801T221115 - e7f9c,821,REM,False,0.34825368694509024,0
20230801T221115 - e7f9c,822,REM,False,0.3427212066575491,0
20230801T221115 - e7f9c,823,REM,False,0.3566661765393759,0
20230801T221115 - e7f9c,824,REM,False,0.3810180247320073,0
20230801T221115 - e7f9c,825,REM,False,0.31799412097718033,0
20230801T221115 - e7f9c,826,REM,False,0.3016162019873867,0
20230801T221115 - e7f9c,827,REM,False,0.31015607223518626,0
20230801T221115 - e7f9c,828,REM,False,0.3188923577745778,0
20230801T221115 - e7f9c,829,REM,False,0.33341826897658644,0
20230801T221115 - e7f9c,830,REM,False,0.3029736883468565,0
20230801T221115 - e7f9c,831,REM,False,0.29196255120895126,0
20230801T221115 - e7f9c,832,REM,False,0.2920007146163986,0
20230801T221115 - e7f9c,833,REM,False,0.2796609985408768,0
20230801T221115 - e7f9c,834,REM,False,0.3013557439384092,0
20230801T221115 - e7f9c,835,REM,False,0.28665160786496613,0
20230801T221115 - e7f9c,836,REM,False,0.34078780952805987,0
20230801T221115 - e7f9c,837,REM,False,0.3360028770313165,0
20230801T221115 - e7f9c,838,REM,False,0.32370231568723823,0
20230801T221115 - e7f9c,839,REM,False,0.28261841087281986,0
20230801T221115 - e7f9c,840,REM,False,0.32862976236066066,0
20230801T221115 - e7f9c,841,REM,False,0.36829569947016105,0
20230801T221115 - e7f9c,842,REM,False,0.32224245980758,0
20230801T221115 - e7f9c,843,REM,False,0.3362281649802072,0
20230801T221115 - e7f9c,844,REM,False,0.29906416448556156,0
20230801T221115 - e7f9c,845,REM,False,0.36492013836870896,0
20230801T221115 - e7f9c,846,REM,False,0.32642297517924246,0
20230801T221115 - e7f9c,847,REM,False,0.304360298604893,0
20230801T221115 - e7f9c,848,REM,False,0.29778154122015477,0
20230801T221115 - e7f9c,849,REM,False,0.2338162992361943,0
20230801T221115 - e7f9c,850,REM,False,0.25848219269085837,0
20230801T221115 - e7f9c,851,REM,True,0.287447770615147,0
20230801T221115 - e7f9c,852,W,False,0.3303293333199788,0
20230801T221115 - e7f9c,853,N1,True,0.40108047489828047,0
20230801T221115 - e7f9c,854,N1,False,0.42997334281474764,0
20230801T221115 - e7f9c,855,N1,False,0.3472523623396892,0
20230801T221115 - e7f9c,856,N1,False,0.29025896593847417,0
20230801T221115 - e7f9c,857,N1,False,0.2962402706408341,0
20230801T221115 - e7f9c,858,N1,False,0.387158748394827,0
20230801T221115 - e7f9c,859,N1,False,0.35795302017496816,0
20230801T221115 - e7f9c,860,N1,False,0.28772931989865647,0
20230801T221115 - e7f9c,861,N1,False,0.3000762527900553,0
20230801T221115 - e7f9c,862,N1,False,0.28062449285078267,0
20230801T221115 - e7f9c,863,N1,True,0.2802861137473048,0
20230801T221115 - e7f9c,864,N2,False,0.29227536349246785,0
20230801T221115 - e7f9c,865,N1,False,0.3493237184591583,0
20230801T221115 - e7f9c,866,N1,True,0.29942963339451223,0
20230801T221115 - e7f9c,867,N1,False,0.30022550070849485,0
20230801T221115 - e7f9c,868,N1,False,0.32264733865678574,0
20230801T221115 - e7f9c,869,N1,False,0.33465118058457505,0
20230801T221115 - e7f9c,870,N1,True,0.32779633160658767,0
20230801T221115 - e7f9c,871,W,False,0.3466074977528178,0
20230801T221115 - e7f9c,872,N1,False,0.3401417644195031,0
20230801T221115 - e7f9c,873,N1,False,0.3558996818526634,0
20230801T221115 - e7f9c,874,N2,False,0.2236377610381336,0
20230801T221115 - e7f9c,875,N2,False,0.26068967537287757,0
20230801T221115 - e7f9c,876,N2,False,0.30071547420926903,0
20230801T221115 - e7f9c,877,N2,True,0.32571488264834014,0
20230801T221115 - e7f9c,878,N2,False,0.2712365659930308,0
20230801T221115 - e7f9c,879,N1,False,0.31511720131422993,0
20230801T221115 - e7f9c,880,N2,False,0.2696893993000617,0
20230801T221115 - e7f9c,881,N2,False,0.2971278478863526,0
20230801T221115 - e7f9c,882,N2,False,0.2933583601400451,0
20230801T221115 - e7f9c,883,N2,False,0.2737558056349084,0
20230801T221115 - e7f9c,884,N2,False,0.30993034456481716,0
20230801T221115 - e7f9c,885,N2,False,0.26701810436458584,0
20230826T230519 - 74d0f,0,W,False,0.397090573499031,0
20230826T230519 - 74d0f,1,W,False,0.26161573922193515,0
20230826T230519 - 74d0f,2,W,False,0.36417593551105587,0
20230826T230519 - 74d0f,3,W,False,0.3496829432621132,0
20230826T230519 - 74d0f,4,W,True,0.31756527697169007,0
20230826T230519 - 74d0f,5,N1,True,0.5184939216858642,1
20230826T230519 - 74d0f,6,N1,True,0.46107462721686043,0
20230826T230519 - 74d0f,7,N1,False,0.4039216176902562,0
20230826T230519 - 74d0f,8,N1,True,0.4652359516796705,0
20230826T230519 - 74d0f,9,N1,False,0.26531407312975164,0
20230826T230519 - 74d0f,10,W,False,0.31364576075275424,0
20230826T230519 - 74d0f,11,W,False,0.2905716604340358,0
20230826T230519 - 74d0f,12,N1,True,0.39580515268369654,0
20230826T230519 - 74d0f,13,W,True,0.4950136869427557,0
20230826T230519 - 74d0f,14,N1,False,0.5253086540227394,1
20230826T230519 - 74d0f,15,N1,False,0.5454968051977966,1
20230826T230519 - 74d0f,16,N1,True,0.49326248927123645,0
20230826T230519 - 74d0f,17,N1,False,0.492254500984901,0
20230826T230519 - 74d0f,18,N1,False,0.38199342004128084,0
20230826T230519 - 74d0f,19,N1,True,0.45764272523147925,0
20230826T230519 - 74d0f,20,N1,False,0.4625869983033914,0
20230826T230519 - 74d0f,21,N1,False,0.4018768421952167,0
20230826T230519 - 74d0f,22,N2,True,0.3723369781202896,0
20230826T230519 - 74d0f,23,N2,False,0.4837550838555885,0
20230826T230519 - 74d0f,24,N1,True,0.48167704039851456,0
20230826T230519 - 74d0f,25,N2,False,0.30761819600707907,0
20230826T230519 - 74d0f,26,N2,False,0.32002463680075666,0
20230826T230519 - 74d0f,27,N2,False,0.3359299758727352,0
20230826T230519 - 74d0f,28,N2,False,0.2981095830271177,0
20230826T230519 - 74d0f,29,N2,True,0.2854771330370125,0
20230826T230519 - 74d0f,30,N2,False,0.3159558084955479,0
20230826T230519 - 74d0f,31,N1,False,0.36882403088581334,0
20230826T230519 - 74d0f,32,N2,False,0.33668436932297896,0
20230826T230519 - 74d0f,33,N2,False,0.2811951682763088,0
20230826T230519 - 74d0f,34,N2,False,0.34121491460001635,0
20230826T230519 - 74d0f,35,N2,False,0.33534450064801513,0
20230826T230519 - 74d0f,36,N2,True,0.39022462515530926,0
20230826T230519 - 74d0f,37,N2,False,0.3986928647584546,0
20230826T230519 - 74d0f,38,N1,False,0.47718535457434497,0
20230826T230519 - 74d0f,39,N1,False,0.35679357692922964,0
20230826T230519 - 74d0f,40,N2,False,0.4072776300260425,0
20230826T230519 - 74d0f,41,N2,False,0.34336157690479907,0
20230826T230519 - 74d0f,42,N2,True,0.4352046452162686,0
20230826T230519 - 74d0f,43,N2,False,0.42255789688901596,0
20230826T230519 - 74d0f,44,N1,False,0.38132916140299516,0
20230826T230519 - 74d0f,45,N2,False,0.34908302688093235,0
20230826T230519 - 74d0f,46,N2,False,0.38831605040435635,0
20230826T230519 - 74d0f,47,N2,True,0.3457448064817501,0
20230826T230519 - 74d0f,48,N2,False,0.4409030453247146,0
20230826T230519 - 74d0f,49,N2,False,0.3678308556869308,0
20230826T230519 - 74d0f,50,N2,False,0.35994789098972363,0
20230826T230519 - 74d0f,51,N2,False,0.3397280457359315,0
20230826T230519 - 74d0f,52,N2,False,0.3035640738873651,0
20230826T230519 - 74d0f,53,N2,False,0.2712532075206227,0
20230826T230519 - 74d0f,54,N2,False,0.3173294505502888,0
20230826T230519 - 74d0f,55,N2,False,0.2818287042058722,0
20230826T230519 - 74d0f,56,N2,False,0.292095353591056,0
20230826T230519 - 74d0f,57,N2,False,0.2969430427297962,0
20230826T230519 - 74d0f,58,N2,False,0.24586466358598652,0
20230826T230519 - 74d0f,59,N2,False,0.31412993393074734,0
20230826T230519 - 74d0f,60,N2,False,0.20273157665802974,0
20230826T230519 - 74d0f,61,N2,False,0.1896756245272094,0
20230826T230519 - 74d0f,62,N3,False,0.2515984694352348,0
20230826T230519 - 74d0f,63,N2,False,0.2137094502568014,0
20230826T230519 - 74d0f,64,N3,False,0.2812069851404595,0
20230826T230519 - 74d0f,65,N2,False,0.3131136420490156,0
20230826T230519 - 74d0f,66,N2,False,0.22327310433260117,0
20230826T230519 - 74d0f,67,N2,False,0.2019833169935733,0
20230826T230519 - 74d0f,68,N2,False,0.2499365792260535,0
20230826T230519 - 74d0f,69,N2,False,0.24736660386941384,0
20230826T230519 - 74d0f,70,N2,False,0.2760604999752844,0
20230826T230519 - 74d0f,71,N2,False,0.2809154088081928,0
20230826T230519 - 74d0f,72,N3,False,0.21482912944845586,0
20230826T230519 - 74d0f,73,N2,False,0.2242390772307107,0
20230826T230519 - 74d0f,74,N2,False,0.2300278717635398,0
20230826T230519 - 74d0f,75,N2,False,0.25227172060168856,0
20230826T230519 - 74d0f,76,N3,False,0.2745639963699067,0
20230826T230519 - 74d0f,77,N2,False,0.22966598197459692,0
20230826T230519 - 74d0f,78,N2,True,0.2518586599511735,0
20230826T230519 - 74d0f,79,N3,False,0.3988251847277269,0
20230826T230519 - 74d0f,80,N1,True,0.3886947281622305,0
20230826T230519 - 74d0f,81,N1,False,0.3996122770602626,0
20230826T230519 - 74d0f,82,N2,True,0.33576871511661105,0
20230826T230519 - 74d0f,83,N2,False,0.3437720713774439,0
20230826T230519 - 74d0f,84,N2,False,0.4054388800671327,0
20230826T230519 - 74d0f,85,N2,False,0.31849581390257864,0
20230826T230519 - 74d0f,86,N2,False,0.2436655592992018,0
20230826T230519 - 74d0f,87,N2,False,0.28453875180236393,0
20230826T230519 - 74d0f,88,N2,False,0.22672105461706252,0
20230826T230519 - 74d0f,89,N2,False,0.2448529724713645,0
20230826T230519 - 74d0f,90,N2,False,0.2056177327506178,0
20230826T230519 - 74d0f,91,N2,False,0.1945383412390579,0
20230826T230519 - 74d0f,92,N2,False,0.22228900041295557,0
20230826T230519 - 74d0f,93,N2,False,0.18898573738484145,0
20230826T230519 - 74d0f,94,N2,False,0.21078604215663221,0
20230826T230519 - 74d0f,95,N2,True,0.2812112191570412,0
20230826T230519 - 74d0f,96,N2,False,0.4014140605401066,0
20230826T230519 - 74d0f,97,N2,False,0.24948772125884466,0
20230826T230519 - 74d0f,98,N2,False,0.2608606086394731,0
20230826T230519 - 74d0f,99,N2,False,0.22009268886317393,0
20230826T230519 - 74d0f,100,N2,False,0.19612505154499615,0
20230826T230519 - 74d0f,101,N2,False,0.24206769447330762,0
20230826T230519 - 74d0f,102,N2,False,0.23383661234821937,0
20230826T230519 - 74d0f,103,N2,True,0.22470746182899423,0
20230826T230519 - 74d0f,104,W,False,0.3896747643433755,0
20230826T230519 - 74d0f,105,N2,False,0.31338785004845726,0
20230826T230519 - 74d0f,106,N2,True,0.2020645797555903,0
20230826T230519 - 74d0f,107,W,False,0.2997305732815232,0
20230826T230519 - 74d0f,108,N1,True,0.3585611851226355,0
20230826T230519 - 74d0f,109,N2,True,0.26439045640829545,0
20230826T230519 - 74d0f,110,N1,True,0.4754134722433217,0
20230826T230519 - 74d0f,111,N1,True,0.35301779626577223,0
20230826T230519 - 74d0f,112,N2,False,0.37472215479038284,0
20230826T230519 - 74d0f,113,N1,True,0.4897073849410033,0
20230826T230519 - 74d0f,114,N2,False,0.36933114621327007,0
20230826T230519 - 74d0f,115,N2,False,0.2975003566932113,0
20230826T230519 - 74d0f,116,N2,False,0.36869847478109086,0
20230826T230519 - 74d0f,117,N2,True,0.3720961850330607,0
20230826T230519 - 74d0f,118,N1,False,0.41572528202762266,0
20230826T230519 - 74d0f,119,N2,False,0.3477552096039426,0
20230826T230519 - 74d0f,120,N2,False,0.40377621820214116,0
20230826T230519 - 74d0f,121,N2,True,0.4020316725531123,0
20230826T230519 - 74d0f,122,N2,False,0.35436407573109185,0
20230826T230519 - 74d0f,123,N1,True,0.5289522446377547,1
20230826T230519 - 74d0f,124,N1,False,0.4649906041723784,0
20230826T230519 - 74d0f,125,N1,True,0.4694184054989604,0
20230826T230519 - 74d0f,126,N2,True,0.4878698407390039,0
20230826T230519 - 74d0f,127,N1,False,0.5724935517725227,1
20230826T230519 - 74d0f,128,N2,False,0.3621556624045528,0
20230826T230519 - 74d0f,129,N2,True,0.46549297518680144,0
20230826T230519 - 74d0f,130,N2,False,0.5293051096409122,1
20230826T230519 - 74d0f,131,N1,True,0.4442992962825219,0
20230826T230519 - 74d0f,132,N2,False,0.4878379742719479,0
20230826T230519 - 74d0f,133,N1,True,0.6028511291930922,1
20230826T230519 - 74d0f,134,N1,False,0.4850160735075732,0
20230826T230519 - 74d0f,135,N2,False,0.395537158703409,0
20230826T230519 - 74d0f,136,N2,True,0.5041947577433558,1
20230826T230519 - 74d0f,137,REM,False,0.46436858619244553,0
20230826T230519 - 74d0f,138,REM,True,0.5767109968594784,1
20230826T230519 - 74d0f,139,REM,False,0.5480266449817391,1
20230826T230519 - 74d0f,140,REM,False,0.3947817123541062,0
20230826T230519 - 74d0f,141,REM,True,0.7306299344176714,1
20230826T230519 - 74d0f,142,REM,False,0.5134871438256695,1
20230826T230519 - 74d0f,143,REM,False,0.4252221335458779,0
20230826T230519 - 74d0f,144,REM,True,0.4607187974356249,0
20230826T230519 - 74d0f,145,REM,False,0.5151339336953704,1
20230826T230519 - 74d0f,146,REM,False,0.4341329380506523,0
20230826T230519 - 74d0f,147,REM,False,0.42443088686203667,0
20230826T230519 - 74d0f,148,REM,False,0.3854252289846234,0
20230826T230519 - 74d0f,149,REM,False,0.4164311943237833,0
20230826T230519 - 74d0f,150,REM,False,0.43209755742032885,0
20230826T230519 - 74d0f,151,REM,False,0.533785717919419,1
20230826T230519 - 74d0f,152,REM,False,0.6050529455451874,1
20230826T230519 - 74d0f,153,REM,False,0.38251310450158876,0
20230826T230519 - 74d0f,154,REM,True,0.48705468913348665,0
20230826T230519 - 74d0f,155,REM,False,0.5638097373537405,1
20230826T230519 - 74d0f,156,REM,True,0.49873183394824616,0
20230826T230519 - 74d0f,157,REM,False,0.4515883367762948,0
20230826T230519 - 74d0f,158,REM,False,0.3774222566372623,0
20230826T230519 - 74d0f,159,REM,True,0.5991871587547437,1
20230826T230519 - 74d0f,160,N1,False,0.4832856794419933,0
20230826T230519 - 74d0f,161,N1,True,0.4301509235573326,0
20230826T230519 - 74d0f,162,N2,True,0.36215125414827165,0
20230826T230519 - 74d0f,163,N1,False,0.5194259765691939,1
20230826T230519 - 74d0f,164,N1,False,0.4062339698691296,0
20230826T230519 - 74d0f,165,N2,False,0.39624606397881523,0
20230826T230519 - 74d0f,166,N2,False,0.3944793849741853,0
20230826T230519 - 74d0f,167,N2,False,0.2631491900206519,0
20230826T230519 - 74d0f,168,N2,False,0.374205496505972,0
20230826T230519 - 74d0f,169,N2,True,0.44907301837988933,0
20230826T230519 - 74d0f,170,N2,False,0.34013123781738847,0
20230826T230519 - 74d0f,171,N1,False,0.42608857065160605,0
20230826T230519 - 74d0f,172,N2,False,0.2848285273840768,0
20230826T230519 - 74d0f,173,N2,False,0.2591550414507183,0
20230826T230519 - 74d0f,174,N2,False,0.3818957477942716,0
20230826T230519 - 74d0f,175,N2,False,0.26756912328180094,0
20230826T230519 - 74d0f,176,N2,False,0.30836971129175406,0
20230826T230519 - 74d0f,177,N2,False,0.32655734335886316,0
20230826T230519 - 74d0f,178,N2,False,0.31032778950403583,0
20230826T230519 - 74d0f,179,N2,True,0.32530945851553034,0
20230826T230519 - 74d0f,180,N2,False,0.34360421429622645,0
20230826T230519 - 74d0f,181,N1,False,0.3247544493756698,0
20230826T230519 - 74d0f,182,N2,False,0.27438768197145824,0
20230826T230519 - 74d0f,183,N2,False,0.20568694197779838,0
20230826T230519 - 74d0f,184,N2,False,0.2983166910102132,0
20230826T230519 - 74d0f,185,N2,False,0.25786663039008034,0
20230826T230519 - 74d0f,186,N2,False,0.2858805824758413,0
20230826T230519 - 74d0f,187,N2,False,0.30794596904969995,0
20230826T230519 - 74d0f,188,N2,True,0.2959387470077973,0
20230826T230519 - 74d0f,189,W,True,0.304567758716493,0
20230826T230519 - 74d0f,190,N1,False,0.3684513431106266,0
20230826T230519 - 74d0f,191,N2,False,0.2798490043328717,0
20230826T230519 - 74d0f,192,N2,False,0.3146192685571963,0
20230826T230519 - 74d0f,193,N2,False,0.2752572022353533,0
20230826T230519 - 74d0f,194,N2,True,0.27781038549001297,0
20230826T230519 - 74d0f,195,N2,False,0.41912698686735217,0
20230826T230519 - 74d0f,196,N1,False,0.3582892492976598,0
20230826T230519 - 74d0f,197,N2,False,0.3634118546197404,0
20230826T230519 - 74d0f,198,N2,False,0.31401265627165814,0
20230826T230519 - 74d0f,199,N2,False,0.2556567838122519,0
20230826T230519 - 74d0f,200,N2,False,0.2979400862825764,0
20230826T230519 - 74d0f,201,N2,False,0.2398800482579402,0
20230826T230519 - 74d0f,202,N2,False,0.2925006029244369,0
20230826T230519 - 74d0f,203,N2,True,0.2382412501497933,0
20230826T230519 - 74d0f,204,N2,False,0.36038340589993134,0
20230826T230519 - 74d0f,205,N1,False,0.4455238216066983,0
20230826T230519 - 74d0f,206,N2,True,0.3262057227964328,0
20230826T230519 - 74d0f,207,N2,False,0.3337417476933786,0
20230826T230519 - 74d0f,208,N2,False,0.29475595072210137,0
20230826T230519 - 74d0f,209,N2,False,0.2733298822306335,0
20230826T230519 - 74d0f,210,N2,False,0.21982408840755652,0
20230826T230519 - 74d0f,211,N2,False,0.20995585373128095,0
20230826T230519 - 74d0f,212,N2,True,0.22627657392543887,0
20230826T230519 - 74d0f,213,N2,False,0.35981999447253427,0
20230826T230519 - 74d0f,214,N1,True,0.4806677214691165,0
20230826T230519 - 74d0f,215,N1,True,0.4420805028388328,0
20230826T230519 - 74d0f,216,N1,False,0.39104070688903847,0
20230826T230519 - 74d0f,217,N1,False,0.41243560189323397,0
20230826T230519 - 74d0f,218,N2,True,0.3716295423296707,0
20230826T230519 - 74d0f,219,N2,False,0.36239515577618625,0
20230826T230519 - 74d0f,220,N1,False,0.4108163507746415,0
20230826T230519 - 74d0f,221,N2,False,0.36346479139862964,0
20230826T230519 - 74d0f,222,N2,False,0.2737564371985876,0
20230826T230519 - 74d0f,223,N2,False,0.24658574061414562,0
20230826T230519 - 74d0f,224,N2,False,0.17565052758136201,0
20230826T230519 - 74d0f,225,N2,False,0.2500712986604618,0
20230826T230519 - 74d0f,226,N2,False,0.22499666306639046,0
20230826T230519 - 74d0f,227,N2,False,0.26013395475104023,0
20230826T230519 - 74d0f,228,N3,False,0.2842238055513037,0
20230826T230519 - 74d0f,229,N2,False,0.3200803082609576,0
20230826T230519 - 74d0f,230,N2,False,0.29981044276914154,0
20230826T230519 - 74d0f,231,N2,False,0.20947834973045282,0
20230826T230519 - 74d0f,232,N2,False,0.20432089137637863,0
20230826T230519 - 74d0f,233,N2,False,0.2777717099655538,0
20230826T230519 - 74d0f,234,N3,False,0.20758413095849929,0
20230826T230519 - 74d0f,235,N2,False,0.1963169120147969,0
20230826T230519 - 74d0f,236,N2,False,0.26884339734031903,0
20230826T230519 - 74d0f,237,N3,False,0.21762644006367524,0
20230826T230519 - 74d0f,238,N2,False,0.27819909290444494,0
20230826T230519 - 74d0f,239,N2,True,0.3539406901147227,0
20230826T230519 - 74d0f,240,N2,False,0.31326430348172446,0
20230826T230519 - 74d0f,241,N2,False,0.26178725964192456,0
20230826T230519 - 74d0f,242,N3,False,0.3165324890874927,0
20230826T230519 - 74d0f,243,N2,False,0.352847637131201,0
20230826T230519 - 74d0f,244,N2,False,0.3052436805289061,0
20230826T230519 - 74d0f,245,N2,False,0.28670151063641425,0
20230826T230519 - 74d0f,246,N2,True,0.42656334191156475,0
20230826T230519 - 74d0f,247,N1,False,0.4270817520569056,0
20230826T230519 - 74d0f,248,N2,True,0.38049969747336837,0
20230826T230519 - 74d0f,249,N1,True,0.40404191836707687,0
20230826T230519 - 74d0f,250,N1,True,0.4687040220612484,0
20230826T230519 - 74d0f,251,N1,False,0.6149146213134906,1
20230826T230519 - 74d0f,252,N2,True,0.4643076498706148,0
20230826T230519 - 74d0f,253,N2,True,0.41473113326189615,0
20230826T230519 - 74d0f,254,N2,False,0.42038930745289727,0
20230826T230519 - 74d0f,255,N1,False,0.31061867743976246,0
20230826T230519 - 74d0f,256,N1,False,0.30856555373218836,0
20230826T230519 - 74d0f,257,N2,False,0.309384053377648,0
20230826T230519 - 74d0f,258,N2,False,0.2794496044340305,0
20230826T230519 - 74d0f,259,N2,False,0.31219911283824864,0
20230826T230519 - 74d0f,260,N2,True,0.41137471047099916,0
20230826T230519 - 74d0f,261,N1,False,0.4413466854638429,0
20230826T230519 - 74d0f,262,N2,False,0.2825735259785014,0
20230826T230519 - 74d0f,263,N2,True,0.31606734270916703,0
20230826T230519 - 74d0f,264,N2,True,0.3116315238370787,0
20230826T230519 - 74d0f,265,N1,False,0.4100780529100938,0
20230826T230519 - 74d0f,266,N2,False,0.32671588455166706,0
20230826T230519 - 74d0f,267,N2,True,0.2579873124962035,0
20230826T230519 - 74d0f,268,N2,False,0.39448970189184435,0
20230826T230519 - 74d0f,269,N1,False,0.4409903083539746,0
20230826T230519 - 74d0f,270,N2,False,0.33537716760630415,0
20230826T230519 - 74d0f,271,N2,False,0.2646399367056014,0
20230826T230519 - 74d0f,272,N2,False,0.3303080937293077,0
20230826T230519 - 74d0f,273,N2,False,0.3301779404508356,0
20230826T230519 - 74d0f,274,N2,True,0.378716297275941,0
20230826T230519 - 74d0f,275,N1,False,0.3877384948818059,0
20230826T230519 - 74d0f,276,N2,False,0.3333935134569332,0
20230826T230519 - 74d0f,277,N2,False,0.34349083355628884,0
20230826T230519 - 74d0f,278,N2,False,0.33253179620664525,0
20230826T230519 - 74d0f,279,N2,True,0.3913013380477138,0
20230826T230519 - 74d0f,280,N2,False,0.3559992076472139,0
20230826T230519 - 74d0f,281,N1,False,0.34120990656757416,0
20230826T230519 - 74d0f,282,N2,False,0.3115901585681998,0
20230826T230519 - 74d0f,283,N2,False,0.2960948915114979,0
20230826T230519 - 74d0f,284,N2,False,0.3482318912227273,0
20230826T230519 - 74d0f,285,N2,False,0.3425953005901322,0
20230826T230519 - 74d0f,286,N2,False,0.24895127189319272,0
20230826T230519 - 74d0f,287,N2,False,0.2540413157479402,0
20230826T230519 - 74d0f,288,N2,False,0.30306550343690086,0
20230826T230519 - 74d0f,289,N2,False,0.2910240376574462,0
20230826T230519 - 74d0f,290,N2,False,0.3800972877003236,0
20230826T230519 - 74d0f,291,N2,False,0.2664081701876087,0
20230826T230519 - 74d0f,292,N2,False,0.2867495342126636,0
20230826T230519 - 74d0f,293,N2,False,0.3087880875994465,0
20230826T230519 - 74d0f,294,N2,False,0.32743952496209566,0
20230826T230519 - 74d0f,295,N2,False,0.32014785208665536,0
20230826T230519 - 74d0f,296,N2,True,0.32865086729237797,0
20230826T230519 - 74d0f,297,N2,True,0.36051879458334674,0
20230826T230519 - 74d0f,298,N1,False,0.32309221497751006,0
20230826T230519 - 74d0f,299,N2,False,0.3670122798172614,0
20230826T230519 - 74d0f,300,N2,False,0.31985369667912594,0
20230826T230519 - 74d0f,301,N2,False,0.2835724758054018,0
20230826T230519 - 74d0f,302,N2,False,0.27386707103822255,0
20230826T230519 - 74d0f,303,N2,False,0.3218812121399269,0
20230826T230519 - 74d0f,304,N2,False,0.27761824636932997,0
20230826T230519 - 74d0f,305,N2,True,0.29332223882184694,0
20230826T230519 - 74d0f,306,N2,False,0.2366128992674076,0
20230826T230519 - 74d0f,307,W,False,0.37505965784762746,0
20230826T230519 - 74d0f,308,W,True,0.3438195351371269,0
20230826T230519 - 74d0f,309,N1,True,0.38979872507057034,0
20230826T230519 - 74d0f,310,N2,False,0.4340954620568981,0
20230826T230519 - 74d0f,311,N1,False,0.3636923211731451,0
20230826T230519 - 74d0f,312,N2,False,0.314540744514815,0
20230826T230519 - 74d0f,313,N2,False,0.3345693249586496,0
20230826T230519 - 74d0f,314,N2,False,0.35708004563825446,0
20230826T230519 - 74d0f,315,N2,False,0.2503904738878231,0
20230826T230519 - 74d0f,316,REM,False,0.3380506258252434,0
20230826T230519 - 74d0f,317,REM,False,0.3440345823997526,0
20230826T230519 - 74d0f,318,REM,False,0.2911602196221492,0
20230826T230519 - 74d0f,319,REM,False,0.24675079293351362,0
20230826T230519 - 74d0f,320,REM,False,0.24977426237400668,0
20230826T230519 - 74d0f,321,REM,False,0.2460303261834695,0
20230826T230519 - 74d0f,322,REM,False,0.3575311799405814,0
20230826T230519 - 74d0f,323,REM,True,0.48159056429605607,0
20230826T230519 - 74d0f,324,W,False,0.33101177664972625,0
20230826T230519 - 74d0f,325,REM,False,0.3614287281865323,0
20230826T230519 - 74d0f,326,REM,True,0.6423124800941316,1
20230826T230519 - 74d0f,327,REM,False,0.3006286341219717,0
20230826T230519 - 74d0f,328,REM,True,0.46125657936430575,0
20230826T230519 - 74d0f,329,REM,False,0.352462809197441,0
20230826T230519 - 74d0f,330,REM,False,0.5489225846326228,1
20230826T230519 - 74d0f,331,REM,True,0.5954449352801704,1
20230826T230519 - 74d0f,332,REM,False,0.446109172634984,0
20230826T230519 - 74d0f,333,REM,False,0.3763064031880171,0
20230826T230519 - 74d0f,334,REM,True,0.45611117038779264,0
20230826T230519 - 74d0f,335,REM,False,0.32331245470911196,0
20230826T230519 - 74d0f,336,REM,True,0.3722757276744164,0
20230826T230519 - 74d0f,337,W,False,0.3181890744115366,0
20230826T230519 - 74d0f,338,REM,True,0.43262665615184376,0
20230826T230519 - 74d0f,339,REM,False,0.5596087104725664,1
20230826T230519 - 74d0f,340,REM,False,0.39551427650904236,0
20230826T230519 - 74d0f,341,REM,True,0.47564092943220715,0
20230826T230519 - 74d0f,342,REM,False,0.6846224703504569,1
20230826T230519 - 74d0f,343,REM,False,0.38455272075346286,0
20230826T230519 - 74d0f,344,REM,False,0.33625388047597377,0
20230826T230519 - 74d0f,345,REM,True,0.43111464874623806,0
20230826T230519 - 74d0f,346,REM,False,0.4263860834369841,0
20230826T230519 - 74d0f,347,REM,True,0.52228464731601,1
20230826T230519 - 74d0f,348,REM,False,0.39004707933948346,0
20230826T230519 - 74d0f,349,REM,False,0.3221263347114045,0
20230826T230519 - 74d0f,350,REM,True,0.3880536301190128,0
20230826T230519 - 74d0f,351,REM,False,0.3326570299626966,0
20230826T230519 - 74d0f,352,N1,True,0.44155015228989414,0
20230826T230519 - 74d0f,353,N1,False,0.40811571043813133,0
20230826T230519 - 74d0f,354,N2,False,0.3087869567475348,0
20230826T230519 - 74d0f,355,N2,False,0.2919859182944789,0
20230826T230519 - 74d0f,356,N2,False,0.3417671782403269,0
20230826T230519 - 74d0f,357,N2,False,0.3546629059761905,0
20230826T230519 - 74d0f,358,N2,False,0.3379483721628101,0
20230826T230519 - 74d0f,359,N2,False,0.3060744518112579,0
20230826T230519 - 74d0f,360,N2,False,0.348077927376476,0
20230826T230519 - 74d0f,361,N2,False,0.2920286941512369,0
20230826T230519 - 74d0f,362,N2,False,0.30856404787751623,0
20230826T230519 - 74d0f,363,N2,False,0.36124968918972306,0
20230826T230519 - 74d0f,364,N2,True,0.35884759751496914,0
20230826T230519 - 74d0f,365,N1,False,0.3714928814134359,0
20230826T230519 - 74d0f,366,N2,False,0.3038974890250838,0
20230826T230519 - 74d0f,367,N2,False,0.35928493215812146,0
20230826T230519 - 74d0f,368,N2,False,0.35539201560015704,0
20230826T230519 - 74d0f,369,N2,False,0.33401501996733357,0
20230826T230519 - 74d0f,370,N2,False,0.30148760032573657,0
20230826T230519 - 74d0f,371,N2,False,0.3065715000732123,0
20230826T230519 - 74d0f,372,N2,False,0.3469928496703743,0
20230826T230519 - 74d0f,373,N2,False,0.332377276992026,0
20230826T230519 - 74d0f,374,N2,False,0.3010207737979,0
20230826T230519 - 74d0f,375,N2,False,0.3502917334346502,0
20230826T230519 - 74d0f,376,N2,False,0.3129191570034627,0
20230826T230519 - 74d0f,377,N2,False,0.34269393646733326,0
20230826T230519 - 74d0f,378,N2,False,0.283870819092077,0
20230826T230519 - 74d0f,379,N2,True,0.2903257893977662,0
20230826T230519 - 74d0f,380,N2,False,0.4311181355314837,0
20230826T230519 - 74d0f,381,N1,False,0.5115647909491975,1
20230826T230519 - 74d0f,382,N1,False,0.39175835538442527,0
20230826T230519 - 74d0f,383,N2,True,0.23623599082855254,0
20230826T230519 - 74d0f,384,N2,True,0.417418201096649,0
20230826T230519 - 74d0f,385,N1,True,0.43392932341594,0
20230826T230519 - 74d0f,386,N1,True,0.45752879409058766,0
20230826T230519 - 74d0f,387,N1,False,0.41318431683207374,0
20230826T230519 - 74d0f,388,N1,False,0.411312989068128,0
20230826T230519 - 74d0f,389,N2,False,0.35992557071161313,0
20230826T230519 - 74d0f,390,N2,False,0.3362066310857913,0
20230826T230519 - 74d0f,391,N2,False,0.2867155370350048,0
20230826T230519 - 74d0f,392,N2,False,0.2873454242412575,0
20230826T230519 - 74d0f,393,N2,False,0.27841026825711357,0
20230826T230519 - 74d0f,394,N2,False,0.2813972231303168,0
20230826T230519 - 74d0f,395,N2,False,0.27774440411591994,0
20230826T230519 - 74d0f,396,N2,False,0.2910414661214071,0
20230826T230519 - 74d0f,397,N2,False,0.26974445612818976,0
20230826T230519 - 74d0f,398,N2,False,0.3226341683199202,0
20230826T230519 - 74d0f,399,N2,False,0.2802515667623185,0
20230826T230519 - 74d0f,400,N2,False,0.39896900265026697,0
20230826T230519 - 74d0f,401,N2,True,0.3585045105993034,0
20230826T230519 - 74d0f,402,N2,False,0.3240204598559167,0
20230826T230519 - 74d0f,403,N2,False,0.3450463422816679,0
20230826T230519 - 74d0f,404,N2,False,0.34500175070186584,0
20230826T230519 - 74d0f,405,N2,False,0.32074601383425205,0
20230826T230519 - 74d0f,406,N2,False,0.3171805599007238,0
20230826T230519 - 74d0f,407,N2,False,0.31170431223400136,0
20230826T230519 - 74d0f,408,N2,False,0.3323230662711213,0
20230826T230519 - 74d0f,409,N2,True,0.2953295329041717,0
20230826T230519 - 74d0f,410,W,True,0.3272985934612172,0
20230826T230519 - 74d0f,411,N1,False,0.3954941034283167,0
20230826T230519 - 74d0f,412,N2,False,0.39137762650378005,0
20230826T230519 - 74d0f,413,N2,False,0.3847433605054097,0
20230826T230519 - 74d0f,414,N2,False,0.35608479895611905,0
20230826T230519 - 74d0f,415,N2,False,0.40838885312435713,0
20230826T230519 - 74d0f,416,N2,False,0.3524544389128248,0
20230826T230519 - 74d0f,417,N2,False,0.3496676948526718,0
20230826T230519 - 74d0f,418,N2,False,0.3366817691923208,0
20230826T230519 - 74d0f,419,N2,False,0.37986824161876404,0
20230826T230519 - 74d0f,420,N2,False,0.366891444784348,0
20230826T230519 - 74d0f,421,N2,False,0.3435488949514237,0
20230826T230519 - 74d0f,422,N2,False,0.3586571875257143,0
20230826T230519 - 74d0f,423,N2,False,0.3212418538665026,0
20230826T230519 - 74d0f,424,N2,False,0.33856427987681065,0
20230826T230519 - 74d0f,425,N2,False,0.27489531526885824,0
20230826T230519 - 74d0f,426,N2,False,0.3271057004787871,0
20230826T230519 - 74d0f,427,N2,False,0.3093672180213483,0
20230826T230519 - 74d0f,428,N2,False,0.3140118638775222,0
20230826T230519 - 74d0f,429,N2,False,0.31757973062053907,0
20230826T230519 - 74d0f,430,N2,False,0.2942282249515059,0
20230826T230519 - 74d0f,431,N2,False,0.30096411048215577,0
20230826T230519 - 74d0f,432,N2,False,0.3101124737217214,0
20230826T230519 - 74d0f,433,N2,False,0.28875808907716,0
20230826T230519 - 74d0f,434,N2,False,0.2966320319513043,0
20230826T230519 - 74d0f,435,N2,False,0.2848952091991686,0
20230826T230519 - 74d0f,436,N2,False,0.33485389719937997,0
20230826T230519 - 74d0f,437,N2,False,0.35096699715653223,0
20230826T230519 - 74d0f,438,N2,False,0.3247702958053694,0
20230826T230519 - 74d0f,439,N2,False,0.3311970817176484,0
20230826T230519 - 74d0f,440,N2,False,0.30927144347247937,0
20230826T230519 - 74d0f,441,N2,False,0.3082247147522421,0
20230826T230519 - 74d0f,442,N2,False,0.330766684412275,0
20230826T230519 - 74d0f,443,N3,False,0.296149074149559,0
20230826T230519 - 74d0f,444,N2,False,0.3099712283833123,0
20230826T230519 - 74d0f,445,N2,False,0.305865655371449,0
20230826T230519 - 74d0f,446,N2,False,0.33665740741500527,0
20230826T230519 - 74d0f,447,N2,False,0.30767218836580557,0
20230826T230519 - 74d0f,448,N2,False,0.34407888320680935,0
20230826T230519 - 74d0f,449,N2,False,0.32080914734322113,0
20230826T230519 - 74d0f,450,N2,False,0.3023871967271833,0
20230826T230519 - 74d0f,451,N2,False,0.32291479189174405,0
20230826T230519 - 74d0f,452,N2,False,0.32587574784995504,0
20230826T230519 - 74d0f,453,N2,False,0.2802321151863907,0
20230826T230519 - 74d0f,454,N2,False,0.308209345433508,0
20230826T230519 - 74d0f,455,N2,False,0.3327000625617935,0
20230826T230519 - 74d0f,456,N2,False,0.3440102473246342,0
20230826T230519 - 74d0f,457,N2,False,0.29554218951076494,0
20230826T230519 - 74d0f,458,N2,False,0.3231903816523141,0
20230826T230519 - 74d0f,459,N3,False,0.30192021267263003,0
20230826T230519 - 74d0f,460,N3,False,0.33398126819320717,0
20230826T230519 - 74d0f,461,N2,False,0.29718065424757284,0
20230826T230519 - 74d0f,462,N2,False,0.3230838800392665,0
20230826T230519 - 74d0f,463,N2,False,0.31036910918941474,0
20230826T230519 - 74d0f,464,N2,False,0.3086989056279301,0
20230826T230519 - 74d0f,465,N2,False,0.32904002914575914,0
20230826T230519 - 74d0f,466,N2,False,0.33551888871309055,0
20230826T230519 - 74d0f,467,N2,False,0.30744389665069227,0
20230826T230519 - 74d0f,468,N2,False,0.3179203365300196,0
20230826T230519 - 74d0f,469,N2,False,0.332649199330668,0
20230826T230519 - 74d0f,470,N2,False,0.33309185505179634,0
20230826T230519 - 74d0f,471,N2,False,0.34555439931987736,0
20230826T230519 - 74d0f,472,N2,False,0.3291406199534297,0
20230826T230519 - 74d0f,473,N2,False,0.350082288493455,0
20230826T230519 - 74d0f,474,N2,False,0.3269388098981829,0
20230826T230519 - 74d0f,475,N2,True,0.2924038929918204,0
20230826T230519 - 74d0f,476,N3,False,0.341641009815318,0
20230826T230519 - 74d0f,477,N1,False,0.37872836121779385,0
20230826T230519 - 74d0f,478,N3,False,0.3595112801128433,0
20230826T230519 - 74d0f,479,N2,True,0.2357836215619982,0
20230826T230519 - 74d0f,480,W,False,0.3602563901090925,0
20230826T230519 - 74d0f,481,W,True,0.4544294190163603,0
20230826T230519 - 74d0f,482,N1,True,0.427507728052256,0
20230826T230519 - 74d0f,483,N1,False,0.41542175508763046,0
20230826T230519 - 74d0f,484,N2,False,0.36515666509785083,0
20230826T230519 - 74d0f,485,N2,True,0.34253853183616123,0
20230826T230519 - 74d0f,486,N2,True,0.3020710743194798,0
20230826T230519 - 74d0f,487,N2,False,0.4661433295532645,0
20230826T230519 - 74d0f,488,N2,True,0.47725224011802503,0
20230826T230519 - 74d0f,489,N1,False,0.4587933480109818,0
20230826T230519 - 74d0f,490,N1,False,0.5284786652412996,1
20230826T230519 - 74d0f,491,N2,False,0.40694445636872145,0
20230826T230519 - 74d0f,492,N2,True,0.5090599050077941,1
20230826T230519 - 74d0f,493,N1,False,0.41698557477155596,0
20230826T230519 - 74d0f,494,N2,True,0.37281979472463717,0
20230826T230519 - 74d0f,495,N2,False,0.368153332138175,0
20230826T230519 - 74d0f,496,N1,False,0.3434318559169784,0
20230826T230519 - 74d0f,497,N2,False,0.37786468865700795,0
20230826T230519 - 74d0f,498,N2,True,0.3989863563556093,0
20230826T230519 - 74d0f,499,N1,False,0.35078869119874206,0
20230826T230519 - 74d0f,500,N1,False,0.3801050818357783,0
20230826T230519 - 74d0f,501,N2,False,0.3963216596407764,0
20230826T230519 - 74d0f,502,N2,True,0.3869908810103169,0
20230826T230519 - 74d0f,503,N1,False,0.46260413734731337,0
20230826T230519 - 74d0f,504,N2,True,0.4098313543599854,0
20230826T230519 - 74d0f,505,N2,False,0.2679223644605931,0
20230826T230519 - 74d0f,506,W,False,0.19703408760918018,0
20230826T230519 - 74d0f,507,W,False,0.18753569893543168,0
20230826T230519 - 74d0f,508,W,False,0.30013218070154346,0
20230826T230519 - 74d0f,509,W,False,0.25414130210872277,0
20230826T230519 - 74d0f,510,W,False,0.168178469154808,0
20230826T230519 - 74d0f,511,W,False,0.2917638939352814,0
20230826T230519 - 74d0f,512,W,False,0.39678694760976696,0
20230826T230519 - 74d0f,513,W,False,0.3083263330792557,0
20230826T230519 - 74d0f,514,W,True,0.40524234935989256,0
20230826T230519 - 74d0f,515,N1,False,0.49779227808923254,0
20230826T230519 - 74d0f,516,N1,True,0.3802946933856646,0
20230826T230519 - 74d0f,517,W,True,0.27331176300800314,0
20230826T230519 - 74d0f,518,N1,False,0.38190119927219696,0
20230826T230519 - 74d0f,519,W,False,0.24629269384724092,0
20230826T230519 - 74d0f,520,W,True,0.3429745429927538,0
20230826T230519 - 74d0f,521,N1,True,0.34143323332827663,0
20230826T230519 - 74d0f,522,N1,True,0.37980607010749323,0
20230826T230519 - 74d0f,523,W,True,0.3952397033021872,0
20230826T230519 - 74d0f,524,N1,False,0.5078608707212019,1
20230826T230519 - 74d0f,525,N1,True,0.3805329243917108,0
20230826T230519 - 74d0f,526,W,False,0.3900222057822944,0
20230826T230519 - 74d0f,527,N1,True,0.509857186023662,1
20230826T230519 - 74d0f,528,N1,True,0.36352285602856454,0
20230826T230519 - 74d0f,529,W,False,0.31446574509138314,0
20230826T230519 - 74d0f,530,W,True,0.37322679065286535,0
20230826T230519 - 74d0f,531,N1,False,0.4723873275943458,0
20230826T230519 - 74d0f,532,N1,True,0.3787423028745103,0
20230826T230519 - 74d0f,533,N2,False,0.3320616685182105,0
20230826T230519 - 74d0f,534,N1,True,0.351476293788776,0
20230826T230519 - 74d0f,535,N2,False,0.307617527019705,0
20230826T230519 - 74d0f,536,N2,False,0.282331937143164,0
20230826T230519 - 74d0f,537,N2,False,0.26690972586310885,0
20230826T230519 - 74d0f,538,N2,True,0.323545571347148,0
20230826T230519 - 74d0f,539,W,True,0.4044294369688543,0
20230826T230519 - 74d0f,540,N1,False,0.4404653654058615,0
20230826T230519 - 74d0f,541,N2,True,0.4334084464468651,0
20230826T230519 - 74d0f,542,N2,False,0.3689225461750436,0
20230826T230519 - 74d0f,543,N1,True,0.575117635312219,1
20230826T230519 - 74d0f,544,N2,False,0.32010951295724005,0
20230826T230519 - 74d0f,545,N1,True,0.4238578148399687,0
20230826T230519 - 74d0f,546,N1,False,0.544649153520949,1
20230826T230519 - 74d0f,547,N2,True,0.4331439783397114,0
20230826T230519 - 74d0f,548,N2,False,0.39364636735814446,0
20230826T230519 - 74d0f,549,N1,False,0.4677868672495935,0
20230826T230519 - 74d0f,550,N2,True,0.42960768103727853,0
20230826T230519 - 74d0f,551,W,True,0.3928371644177668,0
20230826T230519 - 74d0f,552,N1,False,0.4998880255472999,0
20230826T230519 - 74d0f,553,N1,False,0.44023673690080173,0
20230826T230519 - 74d0f,554,N1,False,0.3792573108465021,0
20230826T230519 - 74d0f,555,N2,True,0.40960518945757085,0
20230826T230519 - 74d0f,556,N2,False,0.35171319117780037,0
20230826T230519 - 74d0f,557,N2,False,0.3594459899160659,0
20230826T230519 - 74d0f,558,N2,True,0.35747661263421826,0
20230826T230519 - 74d0f,559,N1,False,0.48674773368344376,0
20230826T230519 - 74d0f,560,N2,False,0.414397203503634,0
20230826T230519 - 74d0f,561,N2,True,0.4734847562410062,0
20230826T230519 - 74d0f,562,N1,True,0.43108098196231526,0
20230826T230519 - 74d0f,563,N1,False,0.31771131043888695,0
20230826T230519 - 74d0f,564,N1,True,0.3576741002786361,0
20230826T230519 - 74d0f,565,W,True,0.35153362570922875,0
20230826T230519 - 74d0f,566,N1,False,0.3656311635196234,0
20230826T230519 - 74d0f,567,N1,True,0.5606168201805573,1
20230826T230519 - 74d0f,568,N2,False,0.3362548037074065,0
20230826T230519 - 74d0f,569,N1,True,0.48380719254080984,0
20230826T230519 - 74d0f,570,N1,True,0.3286773004482734,0
20230826T230519 - 74d0f,571,N1,False,0.3834221190786462,0
20230826T230519 - 74d0f,572,N1,False,0.5919646014526063,1
20230826T230519 - 74d0f,573,N2,True,0.48671357019436134,0
20230826T230519 - 74d0f,574,N2,False,0.44339694404231667,0
20230826T230519 - 74d0f,575,N1,False,0.37481175849753146,0
20230826T230519 - 74d0f,576,N2,False,0.3239675690804883,0
20230826T230519 - 74d0f,577,N2,False,0.29034880193002627,0
20230826T230519 - 74d0f,578,N2,False,0.2859976333647946,0
20230826T230519 - 74d0f,579,N2,False,0.3918467920222984,0
20230826T230519 - 74d0f,580,N2,True,0.3353972502076062,0
20230826T230519 - 74d0f,581,N2,False,0.40140451143805306,0
20230826T230519 - 74d0f,582,N1,True,0.5530248156336234,1
20230826T230519 - 74d0f,583,N1,True,0.39733835085654223,0
20230826T230519 - 74d0f,584,N1,True,0.33807758802509885,0
20230826T230519 - 74d0f,585,N2,False,0.273181944016493,0
20230826T230519 - 74d0f,586,W,False,0.2901514703093412,0
20230826T230519 - 74d0f,587,N1,False,0.4355300543749784,0
20230826T230519 - 74d0f,588,N1,True,0.49129642363403264,0
20230826T230519 - 74d0f,589,N1,False,0.45884544173671526,0
20230826T230519 - 74d0f,590,REM,True,0.4974903102573557,0
20230826T230519 - 74d0f,591,REM,False,0.45334719995233813,0
20230826T230519 - 74d0f,592,REM,True,0.4492016916643569,0
20230826T230519 - 74d0f,593,REM,False,0.34065364451796126,0
20230826T230519 - 74d0f,594,REM,True,0.3567219517773055,0
20230826T230519 - 74d0f,595,REM,True,0.44007354874746246,0
20230826T230519 - 74d0f,596,REM,False,0.41674489455106495,0
20230826T230519 - 74d0f,597,REM,False,0.3565650020426542,0
20230826T230519 - 74d0f,598,REM,False,0.5660374421918297,1
20230826T230519 - 74d0f,599,REM,False,0.3512667455353635,0
20230826T230519 - 74d0f,600,REM,False,0.300693848072663,0
20230826T230519 - 74d0f,601,REM,False,0.6076486329823446,1
20230826T230519 - 74d0f,602,REM,False,0.47751661055246253,0
20230826T230519 - 74d0f,603,REM,False,0.37494726163095066,0
20230826T230519 - 74d0f,604,REM,False,0.4204650674035375,0
20230826T230519 - 74d0f,605,REM,True,0.35336087363639584,0
20230826T230519 - 74d0f,606,REM,False,0.3312639662471299,0
20230826T230519 - 74d0f,607,REM,False,0.3522603123598234,0
20230826T230519 - 74d0f,608,REM,False,0.28852507630557833,0
20230826T230519 - 74d0f,609,REM,False,0.3407315904119994,0
20230826T230519 - 74d0f,610,REM,True,0.3572763858158014,0
20230826T230519 - 74d0f,611,REM,False,0.4426738412095639,0
20230826T230519 - 74d0f,612,REM,True,0.359414399507954,0
20230826T230519 - 74d0f,613,REM,False,0.38781631920976756,0
20230826T230519 - 74d0f,614,REM,False,0.3732689338902147,0
20230826T230519 - 74d0f,615,REM,False,0.41600275726428393,0
20230826T230519 - 74d0f,616,REM,True,0.40501143061453626,0
20230826T230519 - 74d0f,617,REM,False,0.43365597448914456,0
20230826T230519 - 74d0f,618,REM,False,0.33575924394259293,0
20230826T230519 - 74d0f,619,REM,True,0.35211146178762315,0
20230826T230519 - 74d0f,620,REM,False,0.42316526645785324,0
20230826T230519 - 74d0f,621,REM,False,0.384517659548635,0
20230826T230519 - 74d0f,622,REM,False,0.3325919759854489,0
20230826T230519 - 74d0f,623,REM,False,0.43184968017175973,0
20230826T230519 - 74d0f,624,REM,False,0.4075644271284041,0
20230826T230519 - 74d0f,625,REM,False,0.3455122206938486,0
20230826T230519 - 74d0f,626,REM,True,0.2959725411495097,0
20230826T230519 - 74d0f,627,REM,False,0.47812861842398163,0
20230826T230519 - 74d0f,628,W,False,0.3373031131723425,0
20230826T230519 - 74d0f,629,REM,True,0.3941876827761327,0
20230826T230519 - 74d0f,630,REM,True,0.4135348558505047,0
20230826T230519 - 74d0f,631,REM,False,0.3630594826508413,0
20230826T230519 - 74d0f,632,REM,False,0.3416127530871746,0
20230826T230519 - 74d0f,633,REM,False,0.3149973763468048,0
20230826T230519 - 74d0f,634,REM,False,0.3730363805965618,0
20230826T230519 - 74d0f,635,REM,False,0.31773997154265154,0
20230826T230519 - 74d0f,636,REM,True,0.3749772872828,0
20230826T230519 - 74d0f,637,REM,False,0.3649035968216633,0
20230826T230519 - 74d0f,638,REM,False,0.34738969496928035,0
20230826T230519 - 74d0f,639,REM,False,0.3645003777835749,0
20230826T230519 - 74d0f,640,REM,False,0.3972216996304956,0
20230826T230519 - 74d0f,641,REM,False,0.3103447110512184,0
20230826T230519 - 74d0f,642,REM,True,0.33656492440168456,0
20230826T230519 - 74d0f,643,W,False,0.2932215970133163,0
20230826T230519 - 74d0f,644,REM,False,0.33368874274326593,0
20230826T230519 - 74d0f,645,REM,True,0.4456990442574306,0
20230826T230519 - 74d0f,646,W,True,0.31399497720836517,0
20230826T230519 - 74d0f,647,REM,False,0.28249694690382987,0
20230826T230519 - 74d0f,648,REM,False,0.30497681041112257,0
20230826T230519 - 74d0f,649,REM,False,0.38082667819182914,0
20230826T230519 - 74d0f,650,REM,False,0.38208152801911277,0
20230826T230519 - 74d0f,651,REM,True,0.3597911738791564,0
20230826T230519 - 74d0f,652,REM,False,0.4863976783315829,0
20230826T230519 - 74d0f,653,REM,False,0.3262696256862993,0
20230826T230519 - 74d0f,654,REM,False,0.42322415820355763,0
20230826T230519 - 74d0f,655,REM,False,0.3359165794519594,0
20230826T230519 - 74d0f,656,REM,False,0.3507774154069083,0
20230826T230519 - 74d0f,657,REM,False,0.41820053085609266,0
20230826T230519 - 74d0f,658,REM,False,0.4020598100469307,0
20230826T230519 - 74d0f,659,REM,False,0.37632524778638426,0
20230826T230519 - 74d0f,660,REM,True,0.32956998116558844,0
20230826T230519 - 74d0f,661,W,False,0.33194571362687936,0
20230826T230519 - 74d0f,662,N1,False,0.35765592302234195,0
20230826T230519 - 74d0f,663,N2,False,0.38518153045203213,0
20230826T230519 - 74d0f,664,N2,True,0.427375923265969,0
20230826T230519 - 74d0f,665,N2,False,0.32842193320442886,0
20230826T230519 - 74d0f,666,N1,False,0.4459643623923706,0
20230826T230519 - 74d0f,667,N2,False,0.3607468854229201,0
20230826T230519 - 74d0f,668,N2,False,0.29138610465271075,0
20230826T230519 - 74d0f,669,N2,False,0.3061197434837575,0
20230826T230519 - 74d0f,670,N2,False,0.37913606965564933,0
20230826T230519 - 74d0f,671,N2,False,0.3101482719599838,0
20230826T230519 - 74d0f,672,N2,False,0.3518498454909868,0
20230826T230519 - 74d0f,673,N2,False,0.34780306257174587,0
20230826T230519 - 74d0f,674,N2,False,0.2866408472295585,0
20230826T230519 - 74d0f,675,N2,False,0.2827054320521609,0
20230826T230519 - 74d0f,676,N2,False,0.3602316055337041,0
20230826T230519 - 74d0f,677,N2,True,0.31357554391004666,0
20230826T230519 - 74d0f,678,W,False,0.27915801890236785,0
20230826T230519 - 74d0f,679,W,False,0.347218640910473,0
20230826T230519 - 74d0f,680,N1,False,0.40593726916279094,0
20230826T230519 - 74d0f,681,N1,False,0.4131787800357652,0
20230826T230519 - 74d0f,682,N2,False,0.3047060833554857,0
20230826T230519 - 74d0f,683,N2,False,0.3387586837208709,0
20230826T230519 - 74d0f,684,N2,True,0.33695520076787355,0
20230826T230519 - 74d0f,685,N2,False,0.3233197728432367,0
20230826T230519 - 74d0f,686,W,False,0.38731909020257654,0
20230826T230519 - 74d0f,687,N1,True,0.4283099622763025,0
20230826T230519 - 74d0f,688,N2,False,0.3674343250246029,0
20230826T230519 - 74d0f,689,N2,False,0.3492577569736276,0
20230826T230519 - 74d0f,690,N2,False,0.34424889742541304,0
20230826T230519 - 74d0f,691,N2,False,0.21895894989279124,0
20230826T230519 - 74d0f,692,N2,True,0.22795877673243392,0
20230826T230519 - 74d0f,693,W,False,0.35297582873207906,0
20230826T230519 - 74d0f,694,N1,True,0.44853267702245886,0
20230826T230519 - 74d0f,695,N1,True,0.47404029677515763,0
20230826T230519 - 74d0f,696,N1,False,0.36656938108501586,0
20230826T230519 - 74d0f,697,N2,False,0.3488196606686932,0
20230826T230519 - 74d0f,698,N2,True,0.31988318206816674,0
20230826T230519 - 74d0f,699,W,False,0.4165361078109122,0
20230826T230519 - 74d0f,700,N1,False,0.41295749047653013,0
20230826T230519 - 74d0f,701,N2,False,0.3046073194648727,0
20230826T230519 - 74d0f,702,N2,False,0.4146730707475435,0
20230826T230519 - 74d0f,703,N2,False,0.39627581570609166,0
20230826T230519 - 74d0f,704,N2,False,0.3793190314625786,0
20230826T230519 - 74d0f,705,N2,False,0.2813977508987626,0
20230826T230519 - 74d0f,706,N2,False,0.40176376732861335,0
20230826T230519 - 74d0f,707,N2,False,0.4303082030657271,0
20230826T230519 - 74d0f,708,N2,False,0.37216122878806035,0
20230826T230519 - 74d0f,709,N2,False,0.3575376963781158,0
20230826T230519 - 74d0f,710,N2,False,0.35512879826490723,0
20230826T230519 - 74d0f,711,N2,False,0.38616382203342703,0
20230826T230519 - 74d0f,712,N2,False,0.44421523536826457,0
20230826T230519 - 74d0f,713,N2,False,0.38562425763376085,0
20230826T230519 - 74d0f,714,N2,False,0.3165980604192001,0
20230826T230519 - 74d0f,715,N2,False,0.4016740316371232,0
20230826T230519 - 74d0f,716,N2,False,0.4000767872901349,0
20230826T230519 - 74d0f,717,N2,False,0.30514038137502175,0
20230826T230519 - 74d0f,718,N2,False,0.34995892809637413,0
20230826T230519 - 74d0f,719,N2,False,0.33179497603485836,0
20230826T230519 - 74d0f,720,N2,False,0.3091854767465104,0
20230826T230519 - 74d0f,721,N2,False,0.3005789123102677,0
20230826T230519 - 74d0f,722,N2,True,0.21742649488741894,0
20230826T230519 - 74d0f,723,N2,True,0.32234044596752953,0
20230826T230519 - 74d0f,724,N1,False,0.398519410478668,0
20230826T230519 - 74d0f,725,N2,True,0.3978595810819919,0
20230826T230519 - 74d0f,726,N2,False,0.42581265047778805,0
20230826T230519 - 74d0f,727,N2,True,0.33738730592392163,0
20230826T230519 - 74d0f,728,N2,False,0.3478929203556646,0
20230826T230519 - 74d0f,729,N1,False,0.4264514508654467,0
20240222T225441 - 759ed,0,W,False,0.17006320361991867,0
20240222T225441 - 759ed,1,W,False,0.34113082288364055,0
20240222T225441 - 759ed,2,W,False,0.3400500434686692,0
20240222T225441 - 759ed,3,W,False,0.37432771042494123,0
20240222T225441 - 759ed,4,W,False,0.3561732354172203,0
20240222T225441 - 759ed,5,W,False,0.39044830250431467,0
20240222T225441 - 759ed,6,W,False,0.4893172627668505,0
20240222T225441 - 759ed,7,N1,True,0.5989078754111878,1
20240222T225441 - 759ed,8,N1,False,0.49679577274831255,0
20240222T225441 - 759ed,9,N1,True,0.6113801120306593,1
20240222T225441 - 759ed,10,N1,False,0.5929782251154565,1
20240222T225441 - 759ed,11,N1,False,0.6935061047108583,1
20240222T225441 - 759ed,12,N1,True,0.643199430354407,1
20240222T225441 - 759ed,13,N1,False,0.5885982513563485,1
20240222T225441 - 759ed,14,N1,True,0.7211658239749784,1
20240222T225441 - 759ed,15,N1,False,0.5540723321996639,1
20240222T225441 - 759ed,16,N1,True,0.5766542218248943,1
20240222T225441 - 759ed,17,N1,False,0.6290369905312411,1
20240222T225441 - 759ed,18,N1,True,0.7244889123208997,1
20240222T225441 - 759ed,19,N1,True,0.5461668422521098,1
20240222T225441 - 759ed,20,N1,True,0.6008733123917547,1
20240222T225441 - 759ed,21,N2,False,0.3239978613644765,0
20240222T225441 - 759ed,22,N1,True,0.5757080814548753,1
20240222T225441 - 759ed,23,N1,True,0.4430927094133623,0
20240222T225441 - 759ed,24,N1,False,0.48515089878937023,0
20240222T225441 - 759ed,25,N1,False,0.360810874833312,0
20240222T225441 - 759ed,26,N1,False,0.3674336240296144,0
20240222T225441 - 759ed,27,N2,False,0.37438041707252195,0
20240222T225441 - 759ed,28,N2,True,0.19539721927907638,0
20240222T225441 - 759ed,29,N1,False,0.43741514941258997,0
20240222T225441 - 759ed,30,N1,False,0.4065538920011856,0
20240222T225441 - 759ed,31,N2,False,0.5354269472050333,1
20240222T225441 - 759ed,32,N2,False,0.599305855360748,1
20240222T225441 - 759ed,33,N2,False,0.5196340817863316,1
20240222T225441 - 759ed,34,N2,False,0.4621422712604252,0
20240222T225441 - 759ed,35,N2,False,0.2008927846072273,0
20240222T225441 - 759ed,36,N2,True,0.36958870895555057,0
20240222T225441 - 759ed,37,N2,False,0.3430059184217105,0
20240222T225441 - 759ed,38,N1,False,0.4384505176726526,0
20240222T225441 - 759ed,39,N2,False,0.46086847859402597,0
20240222T225441 - 759ed,40,N2,False,0.4407550595646672,0
20240222T225441 - 759ed,41,N2,False,0.5940701143765815,1
20240222T225441 - 759ed,42,N3,False,0.6858159609191199,1
20240222T225441 - 759ed,43,N2,False,0.6755234532630924,1
20240222T225441 - 759ed,44,N3,False,0.4802804635809834,0
20240222T225441 - 759ed,45,N3,False,0.24461886768797445,0
20240222T225441 - 759ed,46,N2,False,0.19787477086486394,0
20240222T225441 - 759ed,47,N2,True,0.34104227655796754,0
20240222T225441 - 759ed,48,N1,True,0.45049416217518357,0
20240222T225441 - 759ed,49,N1,True,0.47348896857917006,0
20240222T225441 - 759ed,50,N1,False,0.42304191991026263,0
20240222T225441 - 759ed,51,N2,False,0.34086810812211676,0
20240222T225441 - 759ed,52,N2,False,0.22025043627530494,0
20240222T225441 - 759ed,53,N2,False,0.4455710611711135,0
20240222T225441 - 759ed,54,N2,False,0.6445369726647,1
20240222T225441 - 759ed,55,N2,False,0.4235631211790881,0
20240222T225441 - 759ed,56,N3,False,0.6665221109933048,1
20240222T225441 - 759ed,57,N2,False,0.6576902381823495,1
20240222T225441 - 759ed,58,N2,False,0.6726804528575913,1
20240222T225441 - 759ed,59,N2,True,0.7195274119047754,1
20240222T225441 - 759ed,60,N2,True,0.6269670854825804,1
20240222T225441 - 759ed,61,N2,True,0.6502379746166383,1
20240222T225441 - 759ed,62,N2,True,0.6979404361909074,1
20240222T225441 - 759ed,63,N1,False,0.7075838257498159,1
20240222T225441 - 759ed,64,N1,True,0.629235770336697,1
20240222T225441 - 759ed,65,N1,True,0.5035240483446932,1
20240222T225441 - 759ed,66,N1,True,0.5452699099073607,1
20240222T225441 - 759ed,67,N1,False,0.3603541499107994,0
20240222T225441 - 759ed,68,N1,True,0.4552145647955846,0
20240222T225441 - 759ed,69,N1,True,0.5475852394530714,1
20240222T225441 - 759ed,70,N1,False,0.4680142854904145,0
20240222T225441 - 759ed,71,N2,False,0.3612394031791339,0
20240222T225441 - 759ed,72,N2,False,0.18187982186546583,0
20240222T225441 - 759ed,73,N2,False,0.23421127316164586,0
20240222T225441 - 759ed,74,N2,False,0.577115959494453,1
20240222T225441 - 759ed,75,N2,False,0.31605029424817077,0
20240222T225441 - 759ed,76,N2,False,0.3235945829206227,0
20240222T225441 - 759ed,77,N2,False,0.3476043851407545,0
20240222T225441 - 759ed,78,N2,False,0.22049046008289808,0
20240222T225441 - 759ed,79,N2,True,0.21152774479220718,0
20240222T225441 - 759ed,80,N2,False,0.49819046496126207,0
20240222T225441 - 759ed,81,N2,False,0.7052989882779532,1
20240222T225441 - 759ed,82,N2,False,0.4863315729185981,0
20240222T225441 - 759ed,83,N2,False,0.6937246716872397,1
20240222T225441 - 759ed,84,N3,False,0.6743284248014195,1
20240222T225441 - 759ed,85,N2,False,0.5538717306172963,1
20240222T225441 - 759ed,86,N3,True,0.6990920632534098,1
20240222T225441 - 759ed,87,N2,True,0.527327781717429,1
20240222T225441 - 759ed,88,N1,True,0.4556001003905587,0
20240222T225441 - 759ed,89,N1,False,0.4411453877882983,0
20240222T225441 - 759ed,90,N1,True,0.40770788557463417,0
20240222T225441 - 759ed,91,N1,True,0.373183644576259,0
20240222T225441 - 759ed,92,N1,False,0.5601934763285026,1
20240222T225441 - 759ed,93,N1,False,0.6139982559882486,1
20240222T225441 - 759ed,94,N1,False,0.630158797828067,1
20240222T225441 - 759ed,95,N2,False,0.6772771165759127,1
20240222T225441 - 759ed,96,N2,False,0.6581068330946431,1
20240222T225441 - 759ed,97,N2,True,0.643776937487358,1
20240222T225441 - 759ed,98,N2,False,0.6272281808484759,1
20240222T225441 - 759ed,99,N1,True,0.689518302231093,1
20240222T225441 - 759ed,100,N1,True,0.7088742847741061,1
20240222T225441 - 759ed,101,N1,True,0.6922456778891708,1
20240222T225441 - 759ed,102,N1,True,0.6236671026798811,1
20240222T225441 - 759ed,103,N1,True,0.6632082585240915,1
20240222T225441 - 759ed,104,N1,False,0.7653657319548401,1
20240222T225441 - 759ed,105,N1,True,0.4844466705151729,0
20240222T225441 - 759ed,106,N1,True,0.610402919558361,1
20240222T225441 - 759ed,107,N1,False,0.6278281966635957,1
20240222T225441 - 759ed,108,N1,True,0.625858410822815,1
20240222T225441 - 759ed,109,N1,True,0.5937741719382791,1
20240222T225441 - 759ed,110,N1,True,0.39316220076349717,0
20240222T225441 - 759ed,111,N1,False,0.4350181735256426,0
20240222T225441 - 759ed,112,N1,True,0.47243120906363356,0
20240222T225441 - 759ed,113,N1,False,0.49780427285528084,0
20240222T225441 - 759ed,114,N1,True,0.5580297231839473,1
20240222T225441 - 759ed,115,N1,False,0.4781685984264662,0
20240222T225441 - 759ed,116,N1,False,0.45356858822500895,0
20240222T225441 - 759ed,117,N2,False,0.16552942231514606,0
20240222T225441 - 759ed,118,N2,False,0.42498721668404954,0
20240222T225441 - 759ed,119,N2,True,0.3235876448581598,0
20240222T225441 - 759ed,120,N2,False,0.4506444103585634,0
20240222T225441 - 759ed,121,N1,False,0.4323723482189821,0
20240222T225441 - 759ed,122,N2,False,0.43407706384391787,0
20240222T225441 - 759ed,123,N2,False,0.41427298744884733,0
20240222T225441 - 759ed,124,N2,False,0.23354350110245117,0
20240222T225441 - 759ed,125,N2,False,0.4795632074720686,0
20240222T225441 - 759ed,126,N2,False,0.550688554904007,1
20240222T225441 - 759ed,127,N2,False,0.42656059296604454,0
20240222T225441 - 759ed,128,N2,False,0.39322639622293304,0
20240222T225441 - 759ed,129,N3,False,0.3726720048397711,0
20240222T225441 - 759ed,130,N2,True,0.45919968540366196,0
20240222T225441 - 759ed,131,N2,True,0.45328135140653375,0
20240222T225441 - 759ed,132,N2,False,0.495224218333567,0
20240222T225441 - 759ed,133,W,True,0.5244215181474385,1
20240222T225441 - 759ed,134,N1,True,0.5783636788835363,1
20240222T225441 - 759ed,135,N1,False,0.6137312470659554,1
20240222T225441 - 759ed,136,W,False,0.48322788730625826,0
20240222T225441 - 759ed,137,N1,True,0.5970916513634725,1
20240222T225441 - 759ed,138,N1,True,0.5288230875769506,1
20240222T225441 - 759ed,139,N1,False,0.5139318121336841,1
20240222T225441 - 759ed,140,N1,True,0.6170641387119509,1
20240222T225441 - 759ed,141,N1,True,0.5535543119818179,1
20240222T225441 - 759ed,142,N1,False,0.42100375860624434,0
20240222T225441 - 759ed,143,N1,True,0.41508833495333747,0
20240222T225441 - 759ed,144,N1,False,0.313504729931829,0
20240222T225441 - 759ed,145,N1,False,0.313504729931829,0
20240222T225441 - 759ed,146,N1,True,0.48612539769714835,0
20240222T225441 - 759ed,147,N1,False,0.5542758903914041,1
20240222T225441 - 759ed,148,N1,False,0.49140047363948947,0
20240222T225441 - 759ed,149,W,False,0.47852619790042283,0
20240222T225441 - 759ed,150,W,True,0.6823881992237482,1
20240222T225441 - 759ed,151,N1,False,0.5141394176646525,1
20240222T225441 - 759ed,152,W,False,0.24127939293280537,0
20240222T225441 - 759ed,153,N1,True,0.6167192490393453,1
20240222T225441 - 759ed,154,N1,False,0.4975097756902447,0
20240222T225441 - 759ed,155,N1,False,0.5415591714476833,1
20240222T225441 - 759ed,156,N1,True,0.5793477338580175,1
20240222T225441 - 759ed,157,N1,False,0.4396357222425292,0
20240222T225441 - 759ed,158,N1,True,0.46753964537116566,0
20240222T225441 - 759ed,159,N1,False,0.35940083054812766,0
20240222T225441 - 759ed,160,N1,True,0.43192795589482985,0
20240222T225441 - 759ed,161,N1,True,0.4115891002602674,0
20240222T225441 - 759ed,162,N1,False,0.36779821662467455,0
20240222T225441 - 759ed,163,N1,False,0.5075978709508058,1
20240222T225441 - 759ed,164,N1,False,0.37878020796917783,0
20240222T225441 - 759ed,165,N2,False,0.6639043056128088,1
20240222T225441 - 759ed,166,N2,False,0.3999434495336241,0
20240222T225441 - 759ed,167,N2,False,0.3555891717568425,0
20240222T225441 - 759ed,168,N2,True,0.2725803737216571,0
20240222T225441 - 759ed,169,N2,False,0.43258314639369216,0
20240222T225441 - 759ed,170,N2,True,0.595163009552977,1
20240222T225441 - 759ed,171,N2,False,0.6173329033210284,1
20240222T225441 - 759ed,172,N1,True,0.5195716648003137,1
20240222T225441 - 759ed,173,N1,False,0.6788651129580481,1
20240222T225441 - 759ed,174,N2,False,0.5706751901521403,1
20240222T225441 - 759ed,175,N2,False,0.5663870237551943,1
20240222T225441 - 759ed,176,REM,True,0.5656840606447294,1
20240222T225441 - 759ed,177,REM,False,0.6263603234743678,1
20240222T225441 - 759ed,178,N1,True,0.5980056890938173,1
20240222T225441 - 759ed,179,N1,True,0.6394133806802289,1
20240222T225441 - 759ed,180,REM,False,0.5778731017375874,1
20240222T225441 - 759ed,181,REM,False,0.5857659840484457,1
20240222T225441 - 759ed,182,REM,False,0.46518139787924473,0
20240222T225441 - 759ed,183,REM,True,0.59803752086681,1
20240222T225441 - 759ed,184,W,True,0.5995105099914878,1
20240222T225441 - 759ed,185,REM,False,0.6352713409093801,1
20240222T225441 - 759ed,186,REM,True,0.5375734516759794,1
20240222T225441 - 759ed,187,REM,False,0.48486697476012564,0
20240222T225441 - 759ed,188,N1,False,0.5299965885019062,1
20240222T225441 - 759ed,189,REM,True,0.5038615989167877,1
20240222T225441 - 759ed,190,REM,False,0.546790625528647,1
20240222T225441 - 759ed,191,REM,True,0.5342941210760804,1
20240222T225441 - 759ed,192,REM,False,0.5466050986474883,1
20240222T225441 - 759ed,193,REM,True,0.5216918698128498,1
20240222T225441 - 759ed,194,W,False,0.5078552326114322,1
20240222T225441 - 759ed,195,N1,False,0.5489141854448549,1
20240222T225441 - 759ed,196,N1,True,0.4998918165754047,0
20240222T225441 - 759ed,197,N1,False,0.5510425219457966,1
20240222T225441 - 759ed,198,N1,True,0.4454818627360266,0
20240222T225441 - 759ed,199,REM,False,0.4739303615254752,0
20240222T225441 - 759ed,200,REM,False,0.49872704898067205,0
20240222T225441 - 759ed,201,REM,True,0.5418770946846664,1
20240222T225441 - 759ed,202,REM,False,0.5025545629186571,1
20240222T225441 - 759ed,203,REM,False,0.4975836199525515,0
20240222T225441 - 759ed,204,REM,False,0.4294233712690713,0
20240222T225441 - 759ed,205,REM,True,0.4421824093012729,0
20240222T225441 - 759ed,206,REM,False,0.4557127865621904,0
20240222T225441 - 759ed,207,REM,False,0.48593791948354514,0
20240222T225441 - 759ed,208,REM,True,0.381211906906984,0
20240222T225441 - 759ed,209,N1,False,0.49059139515966804,0
20240222T225441 - 759ed,210,N1,False,0.46014190848572,0
20240222T225441 - 759ed,211,N1,False,0.4120193626316475,0
20240222T225441 - 759ed,212,N1,False,0.4380230170263792,0
20240222T225441 - 759ed,213,N1,False,0.46091554342594454,0
20240222T225441 - 759ed,214,N1,False,0.42610295760502637,0
20240222T225441 - 759ed,215,N2,True,0.5426089075224081,1
20240222T225441 - 759ed,216,N1,False,0.5497915521317855,1
20240222T225441 - 759ed,217,N2,False,0.5250980324565231,1
20240222T225441 - 759ed,218,N2,False,0.4792249456118711,0
20240222T225441 - 759ed,219,N2,False,0.47162553944972474,0
20240222T225441 - 759ed,220,N2,True,0.5686980789225,1
20240222T225441 - 759ed,221,REM,True,0.5432652221236451,1
20240222T225441 - 759ed,222,REM,False,0.4450955359245948,0
20240222T225441 - 759ed,223,REM,False,0.5618009155325392,1
20240222T225441 - 759ed,224,REM,True,0.5504764919774069,1
20240222T225441 - 759ed,225,REM,True,0.5186519130954362,1
20240222T225441 - 759ed,226,REM,True,0.5587639435228582,1
20240222T225441 - 759ed,227,REM,False,0.4618542565288822,0
20240222T225441 - 759ed,228,REM,False,0.43291320084042667,0
20240222T225441 - 759ed,229,REM,False,0.5231996659380777,1
20240222T225441 - 759ed,230,REM,True,0.571380560913667,1
20240222T225441 - 759ed,231,REM,True,0.509504947766759,1
20240222T225441 - 759ed,232,REM,False,0.5169442399531415,1
20240222T225441 - 759ed,233,REM,True,0.49441795264364563,0
20240222T225441 - 759ed,234,REM,True,0.5415236858942456,1
20240222T225441 - 759ed,235,REM,False,0.4351989557262003,0
20240222T225441 - 759ed,236,REM,True,0.45056682419187766,0
20240222T225441 - 759ed,237,REM,False,0.5278976555289497,1
20240222T225441 - 759ed,238,REM,True,0.5551061062902957,1
20240222T225441 - 759ed,239,REM,True,0.5075164981914811,1
20240222T225441 - 759ed,240,REM,False,0.4984828913920238,0
20240222T225441 - 759ed,241,REM,False,0.4807330578515165,0
20240222T225441 - 759ed,242,REM,False,0.5570931481285082,1
20240222T225441 - 759ed,243,REM,True,0.3741296291494615,0
20240222T225441 - 759ed,244,REM,False,0.23421405012247615,0
20240222T225441 - 759ed,245,REM,True,0.3672844238450362,0
20240222T225441 - 759ed,246,REM,False,0.3836089329997904,0
20240222T225441 - 759ed,247,REM,True,0.3956478116266324,0
20240222T225441 - 759ed,248,REM,False,0.34989503456365695,0
20240222T225441 - 759ed,249,N1,False,0.49923311973425855,0
20240222T225441 - 759ed,250,N1,False,0.4479031740947876,0
20240222T225441 - 759ed,251,N1,True,0.3846022908589078,0
20240222T225441 - 759ed,252,N1,False,0.3779405365182663,0
20240222T225441 - 759ed,253,N1,False,0.36739703146327846,0
20240222T225441 - 759ed,254,N1,False,0.3663841115701848,0
20240222T225441 - 759ed,255,N2,True,0.19631000127910492,0
20240222T225441 - 759ed,256,W,False,0.19042743358297798,0
20240222T225441 - 759ed,257,N1,False,0.27216976783612157,0
20240222T225441 - 759ed,258,N2,False,0.19154143836190762,0
20240222T225441 - 759ed,259,N2,False,0.1954390190276507,0
20240222T225441 - 759ed,260,N2,False,0.2389330216329279,0
20240222T225441 - 759ed,261,N2,False,0.19773077764370522,0
20240222T225441 - 759ed,262,N2,False,0.3361388652653077,0
20240222T225441 - 759ed,263,N2,False,0.1905933821638831,0
20240222T225441 - 759ed,264,N2,False,0.18537631535290688,0
20240222T225441 - 759ed,265,N2,False,0.18436827870481967,0
20240222T225441 - 759ed,266,N2,False,0.2527902893510144,0
20240222T225441 - 759ed,267,N2,False,0.19838683426116052,0
20240222T225441 - 759ed,268,N2,False,0.18572004161212546,0
20240222T225441 - 759ed,269,N2,False,0.1449750226150835,0
20240222T225441 - 759ed,270,N2,False,0.2370557633816628,0
20240222T225441 - 759ed,271,N2,False,0.1609832471855042,0
20240222T225441 - 759ed,272,N2,False,0.29588070362544183,0
20240222T225441 - 759ed,273,N2,False,0.21502390863535525,0
20240222T225441 - 759ed,274,N2,False,0.16673790636398617,0
20240222T225441 - 759ed,275,N2,False,0.2900703591727632,0
20240222T225441 - 759ed,276,N2,False,0.19696906503275968,0
20240222T225441 - 759ed,277,N2,False,0.24813430144568818,0
20240222T225441 - 759ed,278,N3,False,0.17785526169898933,0
20240222T225441 - 759ed,279,N2,False,0.47756631566352026,0
20240222T225441 - 759ed,280,N2,False,0.3683184222422048,0
20240222T225441 - 759ed,281,N2,False,0.2717853300322335,0
20240222T225441 - 759ed,282,N2,False,0.138512190935982,0
20240222T225441 - 759ed,283,N3,False,0.20645301043317293,0
20240222T225441 - 759ed,284,N2,True,0.18653384303833612,0
20240222T225441 - 759ed,285,N2,True,0.1871702338153589,0
20240222T225441 - 759ed,286,N1,False,0.2742542366686498,0
20240222T225441 - 759ed,287,N2,False,0.24055254119621877,0
20240222T225441 - 759ed,288,N3,False,0.2233946294153409,0
20240222T225441 - 759ed,289,N2,False,0.21643306364505255,0
20240222T225441 - 759ed,290,N2,False,0.1862099596068935,0
20240222T225441 - 759ed,291,N2,False,0.1904428031885238,0
20240222T225441 - 759ed,292,N2,False,0.20334314808869977,0
20240222T225441 - 759ed,293,N3,False,0.18711144693076967,0
20240222T225441 - 759ed,294,N2,False,0.22094827540726006,0
20240222T225441 - 759ed,295,N3,False,0.37408477972542115,0
20240222T225441 - 759ed,296,N2,False,0.3564649501474581,0
20240222T225441 - 759ed,297,N2,False,0.20812274626166072,0
20240222T225441 - 759ed,298,N2,False,0.2059227741813479,0
20240222T225441 - 759ed,299,N2,False,0.18853591369070913,0
20240222T225441 - 759ed,300,N2,False,0.22352722106379352,0
20240222T225441 - 759ed,301,N3,False,0.29573533971534466,0
20240222T225441 - 759ed,302,N3,False,0.32328579851385153,0
20240222T225441 - 759ed,303,N2,False,0.27591628137730695,0
20240222T225441 - 759ed,304,N2,False,0.23396259410658918,0
20240222T225441 - 759ed,305,N2,False,0.20448203567234519,0
20240222T225441 - 759ed,306,N3,False,0.4641592275839333,0
20240222T225441 - 759ed,307,N2,False,0.40310872613349547,0
20240222T225441 - 759ed,308,N2,False,0.2016592442682545,0
20240222T225441 - 759ed,309,N3,False,0.22271935842868867,0
20240222T225441 - 759ed,310,N2,False,0.30975458574764003,0
20240222T225441 - 759ed,311,N3,False,0.2299696045124574,0
20240222T225441 - 759ed,312,N3,False,0.1980210296017496,0
20240222T225441 - 759ed,313,N2,False,0.26726286696768947,0
20240222T225441 - 759ed,314,N2,False,0.22813869997133882,0
20240222T225441 - 759ed,315,N2,False,0.2571091096208924,0
20240222T225441 - 759ed,316,N3,False,0.31714772044588047,0
20240222T225441 - 759ed,317,N2,False,0.418675270723794,0
20240222T225441 - 759ed,318,N2,False,0.6068895131754144,1
20240222T225441 - 759ed,319,N2,False,0.5620132564398808,1
20240222T225441 - 759ed,320,N3,False,0.3303132950539286,0
20240222T225441 - 759ed,321,N3,False,0.5212839483167643,1
20240222T225441 - 759ed,322,N2,False,0.6525002520484071,1
20240222T225441 - 759ed,323,N2,True,0.5863774714475449,1
20240222T225441 - 759ed,324,W,False,0.3676792136229843,0
20240222T225441 - 759ed,325,N2,True,0.09535180277343795,0
20240222T225441 - 759ed,326,N2,True,0.176372372164335,0
20240222T225441 - 759ed,327,N2,True,0.20455899887191353,0
20240222T225441 - 759ed,328,N1,False,0.266380798055854,0
20240222T225441 - 759ed,329,N1,False,0.1265668827800822,0
20240222T225441 - 759ed,330,N2,False,0.5815991466281707,1
20240222T225441 - 759ed,331,N2,False,0.5302174972668685,1
20240222T225441 - 759ed,332,N2,False,0.29962553880549947,0
20240222T225441 - 759ed,333,N2,False,0.5229289550200689,1
20240222T225441 - 759ed,334,N2,False,0.31790220090406807,0
20240222T225441 - 759ed,335,N2,False,0.43900849941916237,0
20240222T225441 - 759ed,336,N2,True,0.30635851758851984,0
20240222T225441 - 759ed,337,N2,False,0.23205776943405165,0
20240222T225441 - 759ed,338,N1,True,0.36667769550661466,0
20240222T225441 - 759ed,339,N1,False,0.3521125119610431,0
20240222T225441 - 759ed,340,N1,False,0.2577098880005568,0
20240222T225441 - 759ed,341,N1,False,0.2501216920721947,0
20240222T225441 - 759ed,342,N2,False,0.15494090766032284,0
20240222T225441 - 759ed,343,N2,True,0.22192860364317596,0
20240222T225441 - 759ed,344,N2,False,0.5496611170392065,1
20240222T225441 - 759ed,345,N1,False,0.5773716320941193,1
20240222T225441 - 759ed,346,N2,False,0.6533317990007711,1
20240222T225441 - 759ed,347,N2,False,0.6588174121841253,1
20240222T225441 - 759ed,348,N2,False,0.679020903333521,1
20240222T225441 - 759ed,349,N2,True,0.6387327265261432,1
20240222T225441 - 759ed,350,N2,True,0.677381937136765,1
20240222T225441 - 759ed,351,N1,True,0.6565760580594268,1
20240222T225441 - 759ed,352,N1,False,0.6669891325685178,1
20240222T225441 - 759ed,353,N1,True,0.6408470941025685,1
20240222T225441 - 759ed,354,N1,True,0.6851170803256141,1
20240222T225441 - 759ed,355,N1,True,0.6032679014600478,1
20240222T225441 - 759ed,356,N1,True,0.5646252476649867,1
20240222T225441 - 759ed,357,N1,True,0.5516360736607022,1
20240222T225441 - 759ed,358,N1,False,0.4273820176423626,0
20240222T225441 - 759ed,359,N1,True,0.40882305781883427,0
20240222T225441 - 759ed,360,N1,True,0.2869508804786081,0
20240222T225441 - 759ed,361,N1,True,0.5258036471094608,1
20240222T225441 - 759ed,362,N1,True,0.42795847604200526,0
20240222T225441 - 759ed,363,N1,True,0.408422015831429,0
20240222T225441 - 759ed,364,N1,False,0.24842402756201412,0
20240222T225441 - 759ed,365,N2,False,0.22663107143815212,0
20240222T225441 - 759ed,366,N2,True,0.182208484671558,0
20240222T225441 - 759ed,367,N2,False,0.16099137054741583,0
20240222T225441 - 759ed,368,N1,False,0.2132938344469804,0
20240222T225441 - 759ed,369,N1,False,0.2600220678672678,0
20240222T225441 - 759ed,370,N1,False,0.49783708437298196,0
20240222T225441 - 759ed,371,N1,False,0.5229311132475105,1
20240222T225441 - 759ed,372,N2,False,0.5011349830575207,1
20240222T225441 - 759ed,373,N2,False,0.34983765026289027,0
20240222T225441 - 759ed,374,N2,False,0.21707813655747235,0
20240222T225441 - 759ed,375,N2,False,0.19919127283425048,0
20240222T225441 - 759ed,376,N2,True,0.1662396896198792,0
20240222T225441 - 759ed,377,N1,True,0.2396800586436835,0
20240222T225441 - 759ed,378,N1,False,0.2578344977373482,0
20240222T225441 - 759ed,379,N1,False,0.2737019127460738,0
20240222T225441 - 759ed,380,N2,False,0.4686775120239566,0
20240222T225441 - 759ed,381,N2,False,0.5561461764230086,1
20240222T225441 - 759ed,382,N2,False,0.5777752772909539,1
20240222T225441 - 759ed,383,N2,False,0.5419703453083341,1
20240222T225441 - 759ed,384,N2,False,0.6523827330153571,1
20240222T225441 - 759ed,385,N2,False,0.6530925314553757,1
20240222T225441 - 759ed,386,N2,True,0.5711957789408637,1
20240222T225441 - 759ed,387,N2,True,0.37583312158531285,0
20240222T225441 - 759ed,388,N1,True,0.2859028437115187,0
20240222T225441 - 759ed,389,N1,True,0.2662767590221832,0
20240222T225441 - 759ed,390,N1,True,0.3903631633171716,0
20240222T225441 - 759ed,391,N1,True,0.3827959778920583,0
20240222T225441 - 759ed,392,N1,False,0.22875587627791666,0
20240222T225441 - 759ed,393,N1,False,0.2198139844632639,0
20240222T225441 - 759ed,394,N1,False,0.3637326233963198,0
20240222T225441 - 759ed,395,N1,False,0.39958258772945404,0
20240222T225441 - 759ed,396,N1,False,0.2247109141488244,0
20240222T225441 - 759ed,397,N1,False,0.35824598576724226,0
20240222T225441 - 759ed,398,N2,False,0.5291325826498838,1
20240222T225441 - 759ed,399,N2,False,0.5866963688890159,1
20240222T225441 - 759ed,400,N2,False,0.5906208531764794,1
20240222T225441 - 759ed,401,N2,False,0.5993858025262659,1
20240222T225441 - 759ed,402,N2,False,0.607338606143045,1
20240222T225441 - 759ed,403,N2,True,0.6291012732980419,1
20240222T225441 - 759ed,404,N2,False,0.6078908446659534,1
20240222T225441 - 759ed,405,W,True,0.5141750909889127,1
20240222T225441 - 759ed,406,N1,True,0.6385231019983801,1
20240222T225441 - 759ed,407,N1,True,0.4800582890303105,0
20240222T225441 - 759ed,408,N1,True,0.4216904540932059,0
20240222T225441 - 759ed,409,N1,False,0.6268983464490433,1
20240222T225441 - 759ed,410,N1,True,0.45498459676224484,0
20240222T225441 - 759ed,411,N1,True,0.4717056102597021,0
20240222T225441 - 759ed,412,N1,False,0.5342296110568479,1
20240222T225441 - 759ed,413,N1,False,0.2936241795597711,0
20240222T225441 - 759ed,414,N1,True,0.41259557270359665,0
20240222T225441 - 759ed,415,REM,False,0.49766928013243095,0
20240222T225441 - 759ed,416,N1,True,0.5230934962522695,1
20240222T225441 - 759ed,417,REM,False,0.4217028759657906,0
20240222T225441 - 759ed,418,N1,False,0.4514419457024973,0
20240222T225441 - 759ed,419,N1,False,0.4706015964053701,0
20240222T225441 - 759ed,420,N1,True,0.5397882783229013,1
20240222T225441 - 759ed,421,N1,False,0.5618929760710958,1
20240222T225441 - 759ed,422,N1,True,0.5535565398884245,1
20240222T225441 - 759ed,423,N1,False,0.5110460734792743,1
20240222T225441 - 759ed,424,N1,True,0.4193597307898819,0
20240222T225441 - 759ed,425,N1,True,0.5772323416433985,1
20240222T225441 - 759ed,426,N1,True,0.5639521922260017,1
20240222T225441 - 759ed,427,N1,False,0.597926025940789,1
20240222T225441 - 759ed,428,N1,True,0.567656580864753,1
20240222T225441 - 759ed,429,REM,False,0.5842261835192467,1
20240222T225441 - 759ed,430,N1,False,0.6103538942550653,1
20240222T225441 - 759ed,431,REM,True,0.5371340775080415,1
20240222T225441 - 759ed,432,REM,True,0.4754129093899082,0
20240222T225441 - 759ed,433,REM,False,0.6115788987838959,1
20240222T225441 - 759ed,434,REM,False,0.5275211535779976,1
20240222T225441 - 759ed,435,REM,False,0.4470264827100964,0
20240222T225441 - 759ed,436,REM,False,0.4278588567525704,0
20240222T225441 - 759ed,437,REM,False,0.47263087090293676,0
20240222T225441 - 759ed,438,REM,False,0.5593516547997084,1
20240222T225441 - 759ed,439,REM,True,0.5426929339059083,1
20240222T225441 - 759ed,440,REM,True,0.5984120926087383,1
20240222T225441 - 759ed,441,REM,False,0.629007086957919,1
20240222T225441 - 759ed,442,N1,False,0.5714091606907566,1
20240222T225441 - 759ed,443,REM,False,0.5746314784687481,1
20240222T225441 - 759ed,444,REM,True,0.5809256634668875,1
20240222T225441 - 759ed,445,REM,False,0.6189842902904669,1
20240222T225441 - 759ed,446,REM,True,0.5842795177998098,1
20240222T225441 - 759ed,447,W,False,0.5547012782644462,1
20240222T225441 - 759ed,448,REM,True,0.520053592754404,1
20240222T225441 - 759ed,449,REM,False,0.5932142076475723,1
20240222T225441 - 759ed,450,REM,False,0.4595916866529192,0
20240222T225441 - 759ed,451,REM,True,0.40982425103496467,0
20240222T225441 - 759ed,452,REM,True,0.5365800895793471,1
20240222T225441 - 759ed,453,REM,False,0.506782010962581,1
20240222T225441 - 759ed,454,W,False,0.6215680602199665,1
20240222T225441 - 759ed,455,N1,True,0.5715182012356569,1
20240222T225441 - 759ed,456,N1,True,0.605271195128888,1
20240222T225441 - 759ed,457,N1,False,0.5104327590752822,1
20240222T225441 - 759ed,458,N1,True,0.5341968207176319,1
20240222T225441 - 759ed,459,N1,False,0.6035399029925659,1
20240222T225441 - 759ed,460,N1,True,0.6962862352736731,1
20240222T225441 - 759ed,461,N1,False,0.6291708351746602,1
20240222T225441 - 759ed,462,N1,True,0.5353026072727001,1
20240222T225441 - 759ed,463,N1,True,0.4973829380724392,0
20240222T225441 - 759ed,464,REM,False,0.6598187894922323,1
20240222T225441 - 759ed,465,REM,True,0.4783417891841127,0
20240222T225441 - 759ed,466,REM,False,0.676517246344889,1
20240222T225441 - 759ed,467,REM,True,0.5595973854117382,1
20240222T225441 - 759ed,468,REM,True,0.3559148148535606,0
20240222T225441 - 759ed,469,REM,False,0.5806893000523309,1
20240222T225441 - 759ed,470,N1,False,0.3817822790015195,0
20240222T225441 - 759ed,471,N1,True,0.4587471907570098,0
20240222T225441 - 759ed,472,N1,True,0.6031152317701357,1
20240222T225441 - 759ed,473,N1,False,0.5853604919236277,1
20240222T225441 - 759ed,474,N1,True,0.4183190739589413,0
20240222T225441 - 759ed,475,N1,False,0.4644099588460457,0
20240222T225441 - 759ed,476,N1,True,0.37288070610369667,0
20240222T225441 - 759ed,477,N1,True,0.5709602485920354,1
20240222T225441 - 759ed,478,N1,False,0.40199179629710424,0
20240222T225441 - 759ed,479,W,True,0.4911779678460564,0
20240222T225441 - 759ed,480,N1,True,0.35063386246791517,0
20240222T225441 - 759ed,481,N1,False,0.4646229907249417,0
20240222T225441 - 759ed,482,N1,False,0.5544515846619471,1
20240222T225441 - 759ed,483,N1,True,0.28291085580878117,0
20240222T225441 - 759ed,484,N1,True,0.3447174083850358,0
20240222T225441 - 759ed,485,N1,True,0.33181696964031393,0
20240222T225441 - 759ed,486,N1,False,0.2730860646016544,0
20240222T225441 - 759ed,487,N1,True,0.2552997711659262,0
20240222T225441 - 759ed,488,N1,False,0.3653916506901313,0
20240222T225441 - 759ed,489,N1,False,0.3844650410097663,0
20240222T225441 - 759ed,490,N2,True,0.22933762394243273,0
20240222T225441 - 759ed,491,N1,False,0.26749911080039884,0
20240222T225441 - 759ed,492,N1,False,0.2626030856930476,0
20240222T225441 - 759ed,493,N1,False,0.2641178374393154,0
20240222T225441 - 759ed,494,N2,False,0.22872766900280067,0
20240222T225441 - 759ed,495,N2,False,0.2392222295311072,0
20240222T225441 - 759ed,496,N2,False,0.40645456226709753,0
20240222T225441 - 759ed,497,N2,False,0.4304660620540903,0
20240222T225441 - 759ed,498,N2,False,0.345579345823272,0
20240222T225441 - 759ed,499,N2,False,0.2351404377145243,0
20240222T225441 - 759ed,500,N2,False,0.21279845118997529,0
20240222T225441 - 759ed,501,N2,False,0.21979590593185125,0
20240222T225441 - 759ed,502,N2,True,0.20886973678932994,0
20240222T225441 - 759ed,503,N2,True,0.19566224805942262,0
20240222T225441 - 759ed,504,N1,False,0.3956586024406004,0
20240222T225441 - 759ed,505,N1,False,0.34979744266485757,0
20240222T225441 - 759ed,506,N1,False,0.25387445356199434,0
20240222T225441 - 759ed,507,N1,False,0.5661601667563049,1
20240222T225441 - 759ed,508,N2,False,0.5111594758495582,1
20240222T225441 - 759ed,509,N2,False,0.25458738693397165,0
20240222T225441 - 759ed,510,N2,False,0.4615430013143919,0
20240222T225441 - 759ed,511,N2,False,0.4949728131751904,0
20240222T225441 - 759ed,512,N2,False,0.516194562025925,1
20240222T225441 - 759ed,513,N2,True,0.4786491041169536,0
20240222T225441 - 759ed,514,N1,True,0.31404216437584626,0
20240222T225441 - 759ed,515,N1,True,0.2588574523458401,0
20240222T225441 - 759ed,516,N1,True,0.20947702762117232,0
20240222T225441 - 759ed,517,N1,True,0.15035898503242853,0
20240222T225441 - 759ed,518,N1,True,0.19085307444207536,0
20240222T225441 - 759ed,519,N1,False,0.1770660579589323,0
20240222T225441 - 759ed,520,N1,False,0.16708437105433238,0
20240222T225441 - 759ed,521,N1,False,0.16982219550405497,0
20240222T225441 - 759ed,522,N1,False,0.16403653027561024,0
20240222T225441 - 759ed,523,N1,False,0.1623591961563728,0
20240222T225441 - 759ed,524,N2,False,0.11569704872731362,0
20240222T225441 - 759ed,525,N2,False,0.09233060932110425,0
20240222T225441 - 759ed,526,N2,False,0.09053033608260366,0
20240222T225441 - 759ed,527,N2,False,0.09558531249712007,0
20240222T225441 - 759ed,528,N2,False,0.13015366565742556,0
20240222T225441 - 759ed,529,N2,False,0.10461891027090423,0
20240222T225441 - 759ed,530,N2,False,0.07995128737489358,0
20240222T225441 - 759ed,531,N2,False,0.18948861430781666,0
20240222T225441 - 759ed,532,N2,False,0.17420225461851718,0
20240222T225441 - 759ed,533,N2,False,0.14952370870766044,0
20240222T225441 - 759ed,534,N2,False,0.2137055289915029,0
20240222T225441 - 759ed,535,N2,False,0.08726679099898335,0
20240222T225441 - 759ed,536,N2,False,0.26972058609574806,0
20240222T225441 - 759ed,537,N2,False,0.5175053108629517,1
20240222T225441 - 759ed,538,N2,False,0.35469045135956756,0
20240222T225441 - 759ed,539,N2,False,0.19847911767343374,0
20240222T225441 - 759ed,540,N2,False,0.21636787808740365,0
20240222T225441 - 759ed,541,N2,False,0.24939978482467887,0
20240222T225441 - 759ed,542,N2,True,0.16219719210501668,0
20240222T225441 - 759ed,543,N2,False,0.17971171190996332,0
20240222T225441 - 759ed,544,N1,False,0.22749855619695197,0
20240222T225441 - 759ed,545,N2,False,0.19579120595453045,0
20240222T225441 - 759ed,546,N2,False,0.16981644700843657,0
20240222T225441 - 759ed,547,N2,False,0.18777077526082436,0
20240222T225441 - 759ed,548,N2,False,0.2364484520347478,0
20240222T225441 - 759ed,549,N2,False,0.2337916980251081,0
20240222T225441 - 759ed,550,N2,False,0.2653170200876874,0
20240222T225441 - 759ed,551,N2,False,0.17138709805969998,0
20240222T225441 - 759ed,552,N2,False,0.16352089541649437,0
20240222T225441 - 759ed,553,N2,False,0.27221374486215066,0
20240222T225441 - 759ed,554,N2,False,0.39621660011988813,0
20240222T225441 - 759ed,555,N2,False,0.4969065061976986,0
20240222T225441 - 759ed,556,N2,False,0.5005349741234578,1
20240222T225441 - 759ed,557,N3,False,0.29314123327299696,0
20240222T225441 - 759ed,558,N2,False,0.2673244129155164,0
20240222T225441 - 759ed,559,N2,False,0.22531763175675973,0
20240222T225441 - 759ed,560,N2,True,0.2170105957369261,0
20240222T225441 - 759ed,561,W,True,0.17773184689562233,0
20240222T225441 - 759ed,562,N1,False,0.4297388964520956,0
20240222T225441 - 759ed,563,N1,False,0.5302246795215785,1
20240222T225441 - 759ed,564,N1,False,0.5240653692849468,1
20240222T225441 - 759ed,565,N2,False,0.4468559151158524,0
20240222T225441 - 759ed,566,N2,False,0.44250256597353554,0
20240222T225441 - 759ed,567,N2,False,0.48663204958256223,0
20240222T225441 - 759ed,568,N2,False,0.5149362718595133,1
20240222T225441 - 759ed,569,REM,True,0.356143855604742,0
20240222T225441 - 759ed,570,REM,False,0.42954204324582135,0
20240222T225441 - 759ed,571,REM,False,0.32072375485874743,0
20240222T225441 - 759ed,572,REM,False,0.5151481902483542,1
20240222T225441 - 759ed,573,REM,True,0.4905380312363792,0
20240222T225441 - 759ed,574,REM,False,0.4690801717134294,0
20240222T225441 - 759ed,575,REM,False,0.5257627559049098,1
20240222T225441 - 759ed,576,REM,False,0.6019100544242224,1
20240222T225441 - 759ed,577,REM,True,0.5396235686859461,1
20240222T225441 - 759ed,578,REM,False,0.5342587735917331,1
20240222T225441 - 759ed,579,REM,True,0.4273885445299525,0
20240222T225441 - 759ed,580,REM,False,0.5559489797299587,1
20240222T225441 - 759ed,581,REM,True,0.460768601320585,0
20240222T225441 - 759ed,582,REM,False,0.5209674272426877,1
20240222T225441 - 759ed,583,REM,True,0.4515789884693275,0
20240222T225441 - 759ed,584,REM,False,0.42548071249639696,0
20240222T225441 - 759ed,585,REM,False,0.5397913799524262,1
20240222T225441 - 759ed,586,REM,True,0.5507123366272846,1
20240222T225441 - 759ed,587,REM,False,0.4869829641104751,0
20240222T225441 - 759ed,588,REM,False,0.4745835996709281,0
20240222T225441 - 759ed,589,REM,False,0.4297174862715839,0
20240222T225441 - 759ed,590,REM,False,0.2334461991328765,0
20240222T225441 - 759ed,591,REM,True,0.48388803714314077,0
20240222T225441 - 759ed,592,REM,False,0.45825568678679224,0
20240222T225441 - 759ed,593,REM,False,0.5291868346905829,1
20240222T225441 - 759ed,594,REM,True,0.397803140589749,0
20240222T225441 - 759ed,595,REM,False,0.4924308151504519,0
20240222T225441 - 759ed,596,REM,False,0.4194411104266234,0
20240222T225441 - 759ed,597,REM,True,0.3737020956512546,0
20240222T225441 - 759ed,598,REM,False,0.34319588550694324,0
20240222T225441 - 759ed,599,REM,False,0.4826580825104989,0
20240222T225441 - 759ed,600,REM,False,0.5040276915675648,1
20240222T225441 - 759ed,601,REM,True,0.4840148793746919,0
20240222T225441 - 759ed,602,REM,True,0.602634840483821,1
20240222T225441 - 759ed,603,REM,False,0.4724587182312496,0
20240222T225441 - 759ed,604,W,False,0.5133587696001621,1
20240222T225441 - 759ed,605,N1,False,0.4628518270286301,0
20240222T225441 - 759ed,606,N1,True,0.35997619757098925,0
20240222T225441 - 759ed,607,N1,True,0.574927710026061,1
20240222T225441 - 759ed,608,N1,False,0.5014235174296399,1
20240222T225441 - 759ed,609,N1,True,0.3920489634436473,0
20240222T225441 - 759ed,610,N1,True,0.41741159917975174,0
20240222T225441 - 759ed,611,N1,False,0.5427043978511442,1
20240222T225441 - 759ed,612,N1,True,0.5154374749827394,1
20240222T225441 - 759ed,613,N1,False,0.6186862980180154,1
20240222T225441 - 759ed,614,W,False,0.5628805400005357,1
20240222T225441 - 759ed,615,N1,False,0.4920994503847818,0
20240222T225441 - 759ed,616,N2,False,0.4521732822237048,0
20240222T225441 - 759ed,617,N2,True,0.3717523193944627,0
20240222T225441 - 759ed,618,N1,True,0.3362894518509594,0
20240222T225441 - 759ed,619,N1,False,0.4132403557106815,0
20240222T225441 - 759ed,620,N1,False,0.5287919122457275,1
20240222T225441 - 759ed,621,N2,True,0.3855994372942234,0
20240222T225441 - 759ed,622,N2,True,0.35373732874486835,0
20240222T225441 - 759ed,623,N1,False,0.3430497492938953,0
20240222T225441 - 759ed,624,N1,False,0.37618374097447477,0
20240222T225441 - 759ed,625,N1,True,0.4731729507274804,0
20240222T225441 - 759ed,626,N1,False,0.5381898913321312,1
20240222T225441 - 759ed,627,N1,False,0.35140301054099254,0
20240222T225441 - 759ed,628,N1,False,0.40663920798334374,0
20240222T225441 - 759ed,629,N1,False,0.5099380634782252,1
20240222T225441 - 759ed,630,N2,False,0.4021772400684296,0
20240222T225441 - 759ed,631,N2,True,0.4773661681606349,0
20240222T225441 - 759ed,632,N2,False,0.39171572884712114,0
20240222T225441 - 759ed,633,N1,False,0.35416507236597883,0
20240222T225441 - 759ed,634,N2,True,0.25636564048820176,0
20240222T225441 - 759ed,635,N2,False,0.29341046813778626,0
20240222T225441 - 759ed,636,N1,False,0.31135503025421923,0
20240222T225441 - 759ed,637,N1,False,0.22031236673619403,0
20240222T225441 - 759ed,638,N1,False,0.2683952442272179,0
20240222T225441 - 759ed,639,N1,False,0.5040168458963038,1
20240222T225441 - 759ed,640,N2,False,0.507129425912019,1
20240222T225441 - 759ed,641,N2,False,0.5562272969503502,1
20240222T225441 - 759ed,642,N2,False,0.3117211787561758,0
20240222T225441 - 759ed,643,N2,False,0.11245847869907594,0
20240222T225441 - 759ed,644,N2,True,0.25412021401240126,0
20240222T225441 - 759ed,645,N2,True,0.26200922473043875,0
20240222T225441 - 759ed,646,N1,True,0.24386120437358788,0
20240222T225441 - 759ed,647,N1,False,0.19527676003754452,0
20240222T225441 - 759ed,648,N1,False,0.19683327111748214,0
20240222T225441 - 759ed,649,N2,False,0.4372960587950017,0
20240222T225441 - 759ed,650,N2,False,0.402781586967021,0
20240222T225441 - 759ed,651,N2,False,0.33528679316446747,0
20240222T225441 - 759ed,652,N2,False,0.21628056852977182,0
20240222T225441 - 759ed,653,N2,False,0.18487445751099776,0
20240222T225441 - 759ed,654,N2,False,0.24569611342707376,0
20240222T225441 - 759ed,655,N2,True,0.17519100204969726,0
20240222T225441 - 759ed,656,N1,False,0.2703404466031494,0
20240222T225441 - 759ed,657,N1,False,0.3472510352412126,0
20240222T225441 - 759ed,658,N2,False,0.5118894429519035,1
20240222T225441 - 759ed,659,N2,False,0.5581645773003358,1
20240222T225441 - 759ed,660,N2,False,0.5530590068738195,1
20240222T225441 - 759ed,661,N2,False,0.4996588441502556,0
20240222T225441 - 759ed,662,N2,False,0.3815747863399299,0
20240222T225441 - 759ed,663,N2,True,0.21591599152117888,0
20240222T225441 - 759ed,664,W,True,0.2562459614613235,0
20240222T225441 - 759ed,665,N1,True,0.37164286794821133,0
20240222T225441 - 759ed,666,N1,True,0.2667018325051472,0
20240222T225441 - 759ed,667,N1,False,0.29288986990729715,0
20240222T225441 - 759ed,668,N1,False,0.29066261613792693,0
20240222T225441 - 759ed,669,N1,False,0.2554269593529739,0
20240222T225441 - 759ed,670,N1,False,0.3919460946493277,0
20240222T225441 - 759ed,671,N1,False,0.36048931433535325,0
20240222T225441 - 759ed,672,N1,False,0.40526625550746564,0
20240222T225441 - 759ed,673,N2,False,0.34031467647994323,0
20240222T225441 - 759ed,674,N2,False,0.19334248783924723,0
20240222T225441 - 759ed,675,N2,False,0.33938669121843995,0
20240222T225441 - 759ed,676,N2,False,0.33052560444858353,0
20240222T225441 - 759ed,677,N2,False,0.32452538227489575,0
20240222T225441 - 759ed,678,N2,False,0.20733705081868592,0
20240222T225441 - 759ed,679,N2,False,0.20316892063897488,0
20240222T225441 - 759ed,680,N2,False,0.1877504736445767,0
20240222T225441 - 759ed,681,N2,False,0.17792531404551656,0
20240222T225441 - 759ed,682,N2,False,0.1944757625245411,0
20240222T225441 - 759ed,683,N2,False,0.2961464310902652,0
20240222T225441 - 759ed,684,N2,False,0.32943111877766335,0
20240222T225441 - 759ed,685,N3,False,0.32043746637511517,0
20240222T225441 - 759ed,686,N2,False,0.3683358571075977,0
20240222T225441 - 759ed,687,N2,False,0.22269026632817351,0
20240222T225441 - 759ed,688,N2,False,0.48212997360975124,0
20240222T225441 - 759ed,689,N2,False,0.45835560232602945,0
20240222T225441 - 759ed,690,N2,False,0.37431695841003326,0
20240222T225441 - 759ed,691,N2,False,0.37462403078373746,0
20240222T225441 - 759ed,692,N2,False,0.2378974311031723,0
20240222T225441 - 759ed,693,N2,True,0.3532159686294902,0
20240222T225441 - 759ed,694,N2,True,0.24428553655242743,0
20240222T225441 - 759ed,695,N1,True,0.3722058825040924,0
20240222T225441 - 759ed,696,N1,False,0.32894698963476443,0
20240222T225441 - 759ed,697,N1,False,0.3270551549305694,0
20240222T225441 - 759ed,698,N1,False,0.23963740957438756,0
20240222T225441 - 759ed,699,N2,False,0.2027871523762171,0
20240222T225441 - 759ed,700,N2,False,0.525503676381333,1
20240222T225441 - 759ed,701,N2,False,0.6416537676116847,1
20240222T225441 - 759ed,702,N2,False,0.535045723154149,1
20240222T225441 - 759ed,703,N2,False,0.49795810654484,0
20240222T225441 - 759ed,704,N2,False,0.5273194038971842,1
20240222T225441 - 759ed,705,N2,False,0.5049082607353463,1
20240222T225441 - 759ed,706,N2,True,0.4682304072050406,0
20240222T225441 - 759ed,707,W,True,0.5186360064169087,1
20240222T225441 - 759ed,708,N1,True,0.3740209953326407,0
20240222T225441 - 759ed,709,N1,False,0.4362547510394782,0
20240222T225441 - 759ed,710,N1,True,0.553271920446998,1
20240222T225441 - 759ed,711,N1,True,0.5765475120497446,1
20240222T225441 - 759ed,712,N1,True,0.6023698203738395,1
20240222T225441 - 759ed,713,N1,False,0.43709220649345804,0
20240222T225441 - 759ed,714,N1,False,0.5657737249170005,1
20240223T232831 - ee8ed,0,W,False,0.2675683444836307,0
20240223T232831 - ee8ed,1,W,False,0.22101763983135064,0
20240223T232831 - ee8ed,2,W,False,0.24622210833575942,0
20240223T232831 - ee8ed,3,W,False,0.2061317171286104,0
20240223T232831 - ee8ed,4,W,False,0.1966856993154266,0
20240223T232831 - ee8ed,5,W,False,0.2786727517669917,0
20240223T232831 - ee8ed,6,W,False,0.2023406584788961,0
20240223T232831 - ee8ed,7,W,False,0.2986652067250964,0
20240223T232831 - ee8ed,8,W,False,0.17128110292113824,0
20240223T232831 - ee8ed,9,W,False,0.2529200580885631,0
20240223T232831 - ee8ed,10,W,False,0.24245475706067698,0
20240223T232831 - ee8ed,11,W,False,0.21302708316415653,0
20240223T232831 - ee8ed,12,W,False,0.19338041253913438,0
20240223T232831 - ee8ed,13,W,False,0.17271941390523146,0
20240223T232831 - ee8ed,14,W,False,0.18932426632049185,0
20240223T232831 - ee8ed,15,W,False,0.16450407628392452,0
20240223T232831 - ee8ed,16,W,False,0.21617721484204971,0
20240223T232831 - ee8ed,17,W,False,0.2822378542849295,0
20240223T232831 - ee8ed,18,W,False,0.3268000281017216,0
20240223T232831 - ee8ed,19,W,False,0.2863887029995758,0
20240223T232831 - ee8ed,20,W,False,0.23778563122887889,0
20240223T232831 - ee8ed,21,W,False,0.224727008921381,0
20240223T232831 - ee8ed,22,W,False,0.28964411566501075,0
20240223T232831 - ee8ed,23,W,False,0.21875557915288435,0
20240223T232831 - ee8ed,24,W,False,0.23401436362691178,0
20240223T232831 - ee8ed,25,W,False,0.24384913601146876,0
20240223T232831 - ee8ed,26,W,False,0.2064920563758225,0
20240223T232831 - ee8ed,27,W,False,0.2722003427595025,0
20240223T232831 - ee8ed,28,W,False,0.2573145746079078,0
20240223T232831 - ee8ed,29,W,False,0.24516611388823772,0
20240223T232831 - ee8ed,30,W,False,0.22101503544870113,0
20240223T232831 - ee8ed,31,W,False,0.25034970703979786,0
20240223T232831 - ee8ed,32,W,False,0.26602365533174493,0
20240223T232831 - ee8ed,33,W,False,0.28068938673148297,0
20240223T232831 - ee8ed,34,W,False,0.3359067651946111,0
20240223T232831 - ee8ed,35,W,False,0.42783569654197195,0
20240223T232831 - ee8ed,36,W,False,0.27632758089092946,0
20240223T232831 - ee8ed,37,W,False,0.2112542920603156,0
20240223T232831 - ee8ed,38,W,False,0.22020492123769103,0
20240223T232831 - ee8ed,39,W,False,0.2930729143218277,0
20240223T232831 - ee8ed,40,W,False,0.2808010666301675,0
20240223T232831 - ee8ed,41,W,False,0.23650556661868039,0
20240223T232831 - ee8ed,42,W,False,0.22171456234915266,0
20240223T232831 - ee8ed,43,W,False,0.2092267128489663,0
20240223T232831 - ee8ed,44,W,False,0.2858535215615665,0
20240223T232831 - ee8ed,45,W,False,0.2782834766025873,0
20240223T232831 - ee8ed,46,W,False,0.2972046945976422,0
20240223T232831 - ee8ed,47,W,False,0.2242774284434617,0
20240223T232831 - ee8ed,48,W,True,0.24016294090660334,0
20240223T232831 - ee8ed,49,N1,False,0.38764918622134303,0
20240223T232831 - ee8ed,50,N1,True,0.374883450635384,0
20240223T232831 - ee8ed,51,N1,True,0.3766434091102168,0
20240223T232831 - ee8ed,52,N1,True,0.4225693246507623,0
20240223T232831 - ee8ed,53,N1,False,0.4602953984781777,0
20240223T232831 - ee8ed,54,N1,True,0.36057929199873123,0
20240223T232831 - ee8ed,55,N1,True,0.3428254915597479,0
20240223T232831 - ee8ed,56,N1,False,0.44589247405882737,0
20240223T232831 - ee8ed,57,N1,False,0.45484570454323603,0
20240223T232831 - ee8ed,58,N1,False,0.3677147096138606,0
20240223T232831 - ee8ed,59,N1,True,0.3660590413951946,0
20240223T232831 - ee8ed,60,N1,False,0.3743804755662402,0
20240223T232831 - ee8ed,61,N1,False,0.4110056988157877,0
20240223T232831 - ee8ed,62,N2,True,0.30274155822908094,0
20240223T232831 - ee8ed,63,N1,False,0.5098557533640716,1
20240223T232831 - ee8ed,64,N2,False,0.3422207113317198,0
20240223T232831 - ee8ed,65,N2,False,0.2687940058130488,0
20240223T232831 - ee8ed,66,N2,False,0.17847108351687363,0
20240223T232831 - ee8ed,67,N2,False,0.43356221058338595,0
20240223T232831 - ee8ed,68,N2,False,0.3938484949233127,0
20240223T232831 - ee8ed,69,N2,False,0.34724214231119,0
20240223T232831 - ee8ed,70,N2,False,0.34406099815556074,0
20240223T232831 - ee8ed,71,N2,False,0.3139078344185444,0
20240223T232831 - ee8ed,72,N2,False,0.33696552290963067,0
20240223T232831 - ee8ed,73,N2,False,0.2913115600266891,0
20240223T232831 - ee8ed,74,N2,False,0.4217156691182467,0
20240223T232831 - ee8ed,75,N2,False,0.26880847548740056,0
20240223T232831 - ee8ed,76,N2,True,0.5209130092516474,1
20240223T232831 - ee8ed,77,N2,False,0.5040766605486445,1
20240223T232831 - ee8ed,78,N2,False,0.35924259498092725,0
20240223T232831 - ee8ed,79,N2,False,0.46363988768668724,0
20240223T232831 - ee8ed,80,N2,False,0.32812582320270905,0
20240223T232831 - ee8ed,81,N2,False,0.37610087868097575,0
20240223T232831 - ee8ed,82,N2,False,0.35080502512327294,0
20240223T232831 - ee8ed,83,N2,False,0.23137430170802756,0
20240223T232831 - ee8ed,84,N2,False,0.2653680421677467,0
20240223T232831 - ee8ed,85,N2,False,0.17830590436568247,0
20240223T232831 - ee8ed,86,N2,False,0.20655143368854673,0
20240223T232831 - ee8ed,87,N2,False,0.4489961108641172,0
20240223T232831 - ee8ed,88,N2,False,0.3160127254144108,0
20240223T232831 - ee8ed,89,N3,False,0.14564200005601693,0
20240223T232831 - ee8ed,90,N2,False,0.36555884381117965,0
20240223T232831 - ee8ed,91,N2,False,0.30312622816229146,0
20240223T232831 - ee8ed,92,N3,False,0.2930475746365013,0
20240223T232831 - ee8ed,93,N2,False,0.31371076028846556,0
20240223T232831 - ee8ed,94,N2,False,0.28189626430923465,0
20240223T232831 - ee8ed,95,N2,False,0.2986975338309071,0
20240223T232831 - ee8ed,96,N2,True,0.28759929898629333,0
20240223T232831 - ee8ed,97,W,True,0.5257275328188584,1
20240223T232831 - ee8ed,98,N1,True,0.4475806465042041,0
20240223T232831 - ee8ed,99,N2,False,0.34175136366775855,0
20240223T232831 - ee8ed,100,N1,False,0.4381812780960528,0
20240223T232831 - ee8ed,101,N2,False,0.2456923218499276,0
20240223T232831 - ee8ed,102,N2,False,0.4623080889968722,0
20240223T232831 - ee8ed,103,N2,False,0.36461446074746695,0
20240223T232831 - ee8ed,104,N2,True,0.4557187535720644,0
20240223T232831 - ee8ed,105,N2,False,0.45650274063205587,0
20240223T232831 - ee8ed,106,N1,False,0.5471123157807266,1
20240223T232831 - ee8ed,107,N2,False,0.2887032856716569,0
20240223T232831 - ee8ed,108,N2,True,0.3915744409142318,0
20240223T232831 - ee8ed,109,N2,False,0.4225304684941807,0
20240223T232831 - ee8ed,110,N2,True,0.34640824597874714,0
20240223T232831 - ee8ed,111,N2,False,0.449224586217116,0
20240223T232831 - ee8ed,112,N2,True,0.4227234799927202,0
20240223T232831 - ee8ed,113,N2,False,0.45575210829516294,0
20240223T232831 - ee8ed,114,N2,False,0.2930433067464989,0
20240223T232831 - ee8ed,115,N2,True,0.43312535186133355,0
20240223T232831 - ee8ed,116,N2,False,0.364387979244378,0
20240223T232831 - ee8ed,117,N2,False,0.4512181142252688,0
20240223T232831 - ee8ed,118,N2,False,0.43881018917034714,0
20240223T232831 - ee8ed,119,N2,False,0.32314519395504065,0
20240223T232831 - ee8ed,120,N2,False,0.286815146827312,0
20240223T232831 - ee8ed,121,N2,True,0.31708011640307426,0
20240223T232831 - ee8ed,122,N2,False,0.46770679910021395,0
20240223T232831 - ee8ed,123,N2,False,0.3624303914133889,0
20240223T232831 - ee8ed,124,N2,True,0.2442167984205433,0
20240223T232831 - ee8ed,125,N1,True,0.4855714477612708,0
20240223T232831 - ee8ed,126,N2,True,0.5577444612817775,1
20240223T232831 - ee8ed,127,N2,False,0.4876316184630612,0
20240223T232831 - ee8ed,128,N2,False,0.30495986006045944,0
20240223T232831 - ee8ed,129,N2,False,0.30746557648226636,0
20240223T232831 - ee8ed,130,N2,True,0.2961227849121287,0
20240223T232831 - ee8ed,131,N2,False,0.42270905344053716,0
20240223T232831 - ee8ed,132,N2,True,0.46958517143118345,0
20240223T232831 - ee8ed,133,N2,False,0.46313021771834123,0
20240223T232831 - ee8ed,134,N2,True,0.293480877962824,0
20240223T232831 - ee8ed,135,N2,True,0.3476172921809105,0
20240223T232831 - ee8ed,136,N2,False,0.4800600231385579,0
20240223T232831 - ee8ed,137,N1,False,0.6064404098308128,1
20240223T232831 - ee8ed,138,N2,False,0.25623495336535945,0
20240223T232831 - ee8ed,139,N2,False,0.24059243473417646,0
20240223T232831 - ee8ed,140,N2,False,0.31052451961752725,0
20240223T232831 - ee8ed,141,N2,False,0.17237398692157022,0
20240223T232831 - ee8ed,142,N2,True,0.3378386038918317,0
20240223T232831 - ee8ed,143,N1,True,0.4666624299517627,0
20240223T232831 - ee8ed,144,N1,True,0.41616743061514766,0
20240223T232831 - ee8ed,145,N2,True,0.44471107279590494,0
20240223T232831 - ee8ed,146,N2,True,0.4884437542563487,0
20240223T232831 - ee8ed,147,N2,False,0.3790257567495884,0
20240223T232831 - ee8ed,148,N2,True,0.335210616871946,0
20240223T232831 - ee8ed,149,N1,False,0.4472567248898958,0
20240223T232831 - ee8ed,150,N2,True,0.21370056965118156,0
20240223T232831 - ee8ed,151,N2,False,0.41428747547123845,0
20240223T232831 - ee8ed,152,N1,False,0.5229143663598992,1
20240223T232831 - ee8ed,153,N2,True,0.27235113245605636,0
20240223T232831 - ee8ed,154,W,True,0.4487494847146977,0
20240223T232831 - ee8ed,155,N1,True,0.45531838521913154,0
20240223T232831 - ee8ed,156,N2,False,0.39769781786942865,0
20240223T232831 - ee8ed,157,N1,True,0.43925037906573666,0
20240223T232831 - ee8ed,158,N2,True,0.38486067288603065,0
20240223T232831 - ee8ed,159,N1,True,0.5295500904870042,1
20240223T232831 - ee8ed,160,N2,False,0.3699766310418764,0
20240223T232831 - ee8ed,161,N2,True,0.24794681846712108,0
20240223T232831 - ee8ed,162,N2,True,0.46903452549583824,0
20240223T232831 - ee8ed,163,N2,False,0.40472546262153847,0
20240223T232831 - ee8ed,164,N2,False,0.29417679411817277,0
20240223T232831 - ee8ed,165,N2,False,0.2367776662762237,0
20240223T232831 - ee8ed,166,N2,False,0.2401265178349181,0
20240223T232831 - ee8ed,167,N2,False,0.17254161180297334,0
20240223T232831 - ee8ed,168,N2,False,0.2467017736100633,0
20240223T232831 - ee8ed,169,N3,True,0.3210327541338702,0
20240223T232831 - ee8ed,170,N2,False,0.4718383377832571,0
20240223T232831 - ee8ed,171,N2,True,0.27774065284672494,0
20240223T232831 - ee8ed,172,N2,False,0.44152096091608634,0
20240223T232831 - ee8ed,173,N2,False,0.3450255880803057,0
20240223T232831 - ee8ed,174,N2,False,0.2808850363077741,0
20240223T232831 - ee8ed,175,N2,False,0.24455272135696185,0
20240223T232831 - ee8ed,176,N2,True,0.28250584620939106,0
20240223T232831 - ee8ed,177,N2,False,0.30910400543216426,0
20240223T232831 - ee8ed,178,N2,True,0.44231389876082566,0
20240223T232831 - ee8ed,179,N2,False,0.4041462943548556,0
20240223T232831 - ee8ed,180,N2,True,0.44668524315411745,0
20240223T232831 - ee8ed,181,W,True,0.3789249613594694,0
20240223T232831 - ee8ed,182,N1,True,0.3944750689316196,0
20240223T232831 - ee8ed,183,N2,False,0.2962336784867525,0
20240223T232831 - ee8ed,184,N2,False,0.3538533682701753,0
20240223T232831 - ee8ed,185,N2,False,0.309366372483084,0
20240223T232831 - ee8ed,186,N2,False,0.2530986419246771,0
20240223T232831 - ee8ed,187,N2,False,0.31102772738627693,0
20240223T232831 - ee8ed,188,N2,False,0.34265776366828016,0
20240223T232831 - ee8ed,189,N2,True,0.25829361281021107,0
20240223T232831 - ee8ed,190,N2,False,0.41734612720969144,0
20240223T232831 - ee8ed,191,N1,False,0.4567036483648011,0
20240223T232831 - ee8ed,192,N2,True,0.40828018827725576,0
20240223T232831 - ee8ed,193,N2,True,0.41534281369251663,0
20240223T232831 - ee8ed,194,N1,True,0.48395354467701984,0
20240223T232831 - ee8ed,195,N2,False,0.3714637324689531,0
20240223T232831 - ee8ed,196,N1,True,0.4759997975228461,0
20240223T232831 - ee8ed,197,N2,True,0.4033988073741388,0
20240223T232831 - ee8ed,198,N2,False,0.38820826375285505,0
20240223T232831 - ee8ed,199,N2,False,0.4889632506319436,0
20240223T232831 - ee8ed,200,N2,False,0.298774391950354,0
20240223T232831 - ee8ed,201,N2,True,0.33010362515265,0
20240223T232831 - ee8ed,202,N2,False,0.49677899314524315,0
20240223T232831 - ee8ed,203,N2,True,0.5081104516895915,1
20240223T232831 - ee8ed,204,N2,False,0.4155014090689248,0
20240223T232831 - ee8ed,205,N2,True,0.3092375430015966,0
20240223T232831 - ee8ed,206,N2,False,0.4358920131046618,0
20240223T232831 - ee8ed,207,N2,False,0.33690909589236023,0
20240223T232831 - ee8ed,208,N2,False,0.37222778178426874,0
20240223T232831 - ee8ed,209,N2,False,0.29195942093013616,0
20240223T232831 - ee8ed,210,N2,False,0.2795618593301856,0
20240223T232831 - ee8ed,211,N2,False,0.22581685879353486,0
20240223T232831 - ee8ed,212,N2,False,0.24342651779142724,0
20240223T232831 - ee8ed,213,N2,False,0.27098739591415183,0
20240223T232831 - ee8ed,214,N2,False,0.1986156691633243,0
20240223T232831 - ee8ed,215,N3,False,0.23196144427227122,0
20240223T232831 - ee8ed,216,N2,False,0.30869904239891843,0
20240223T232831 - ee8ed,217,N2,False,0.1699719221324537,0
20240223T232831 - ee8ed,218,N2,True,0.39421787389020196,0
20240223T232831 - ee8ed,219,N3,False,0.3689304802720255,0
20240223T232831 - ee8ed,220,W,True,0.3859339523035919,0
20240223T232831 - ee8ed,221,N1,False,0.42128318279509847,0
20240223T232831 - ee8ed,222,N1,True,0.44274600713776435,0
20240223T232831 - ee8ed,223,N1,True,0.4185222659939322,0
20240223T232831 - ee8ed,224,N2,False,0.3427194223488497,0
20240223T232831 - ee8ed,225,N2,True,0.219017003341042,0
20240223T232831 - ee8ed,226,N2,False,0.3285523820338706,0
20240223T232831 - ee8ed,227,N2,False,0.29304877457912304,0
20240223T232831 - ee8ed,228,N2,False,0.34341608229794224,0
20240223T232831 - ee8ed,229,N2,False,0.25598529559168043,0
20240223T232831 - ee8ed,230,N2,False,0.3004938393581224,0
20240223T232831 - ee8ed,231,N2,True,0.25040986890142086,0
20240223T232831 - ee8ed,232,N2,True,0.4221612677858173,0
20240223T232831 - ee8ed,233,N2,False,0.3666546484161227,0
20240223T232831 - ee8ed,234,N2,True,0.32113208453163006,0
20240223T232831 - ee8ed,235,N2,False,0.42105972546304565,0
20240223T232831 - ee8ed,236,N2,False,0.23986198064007463,0
20240223T232831 - ee8ed,237,N2,False,0.3742961720977062,0
20240223T232831 - ee8ed,238,N2,True,0.24394365699298554,0
20240223T232831 - ee8ed,239,N2,False,0.3522130931335689,0
20240223T232831 - ee8ed,240,W,False,0.3692025988036912,0
20240223T232831 - ee8ed,241,N1,False,0.5158550162399272,1
20240223T232831 - ee8ed,242,N2,False,0.3403484991343524,0
20240223T232831 - ee8ed,243,N2,False,0.25942613178955126,0
20240223T232831 - ee8ed,244,N2,False,0.3112443860858091,0
20240223T232831 - ee8ed,245,N2,False,0.1982355134724076,0
20240223T232831 - ee8ed,246,N2,True,0.26949179476270474,0
20240223T232831 - ee8ed,247,N1,False,0.43355122109570815,0
20240223T232831 - ee8ed,248,N2,False,0.27036111181781874,0
20240223T232831 - ee8ed,249,N2,False,0.2611129308305816,0
20240223T232831 - ee8ed,250,N2,False,0.1985605691937736,0
20240223T232831 - ee8ed,251,N2,True,0.352295049361803,0
20240223T232831 - ee8ed,252,N2,False,0.43666124326055994,0
20240223T232831 - ee8ed,253,N1,True,0.43207418026411204,0
20240223T232831 - ee8ed,254,N2,False,0.40047712005497327,0
20240223T232831 - ee8ed,255,N2,False,0.2970348879818359,0
20240223T232831 - ee8ed,256,N2,True,0.33713068248575107,0
20240223T232831 - ee8ed,257,N2,False,0.41132630607624754,0
20240223T232831 - ee8ed,258,N1,False,0.491623828494379,0
20240223T232831 - ee8ed,259,N2,True,0.2833653771794675,0
20240223T232831 - ee8ed,260,W,True,0.3704391466892332,0
20240223T232831 - ee8ed,261,N2,True,0.3981913370956608,0
20240223T232831 - ee8ed,262,N2,False,0.4103633444036523,0
20240223T232831 - ee8ed,263,N2,True,0.3210234197791681,0
20240223T232831 - ee8ed,264,N2,False,0.32934365278091404,0
20240223T232831 - ee8ed,265,N2,False,0.24668603232965577,0
20240223T232831 - ee8ed,266,N2,False,0.3033535017536747,0
20240223T232831 - ee8ed,267,N2,False,0.22038534863392945,0
20240223T232831 - ee8ed,268,N2,False,0.2653000636382971,0
20240223T232831 - ee8ed,269,N2,False,0.41424382244656244,0
20240223T232831 - ee8ed,270,N2,False,0.19296195430905844,0
20240223T232831 - ee8ed,271,N2,False,0.3279521028272925,0
20240223T232831 - ee8ed,272,N2,False,0.21974735124623038,0
20240223T232831 - ee8ed,273,N2,False,0.16840331226200062,0
20240223T232831 - ee8ed,274,N2,False,0.18818258101107083,0
20240223T232831 - ee8ed,275,N3,False,0.22367077841841604,0
20240223T232831 - ee8ed,276,N2,False,0.26154919102743873,0
20240223T232831 - ee8ed,277,N2,False,0.25671152591975926,0
20240223T232831 - ee8ed,278,N2,False,0.20845471113983977,0
20240223T232831 - ee8ed,279,N3,True,0.2620347152359536,0
20240223T232831 - ee8ed,280,W,True,0.38762853096977534,0
20240223T232831 - ee8ed,281,N1,False,0.4051692343325219,0
20240223T232831 - ee8ed,282,N2,True,0.36809540953221076,0
20240223T232831 - ee8ed,283,N1,False,0.3840129134434591,0
20240223T232831 - ee8ed,284,N2,False,0.22912329551281718,0
20240223T232831 - ee8ed,285,N2,False,0.32465167941091727,0
20240223T232831 - ee8ed,286,REM,False,0.23956066227619138,0
20240223T232831 - ee8ed,287,REM,True,0.37045046235571877,0
20240223T232831 - ee8ed,288,REM,False,0.4052647317737311,0
20240223T232831 - ee8ed,289,REM,False,0.21258599428217242,0
20240223T232831 - ee8ed,290,REM,True,0.23208527073201488,0
20240223T232831 - ee8ed,291,REM,True,0.4091680601367908,0
20240223T232831 - ee8ed,292,REM,False,0.4148825009554593,0
20240223T232831 - ee8ed,293,W,False,0.2848943640031651,0
20240223T232831 - ee8ed,294,N1,True,0.34107542514123096,0
20240223T232831 - ee8ed,295,N1,False,0.26309991905875973,0
20240223T232831 - ee8ed,296,REM,True,0.3502301605055109,0
20240223T232831 - ee8ed,297,REM,False,0.41509387219009236,0
20240223T232831 - ee8ed,298,REM,True,0.2830324693700507,0
20240223T232831 - ee8ed,299,REM,True,0.4105655096733151,0
20240223T232831 - ee8ed,300,REM,False,0.30114238994887854,0
20240223T232831 - ee8ed,301,REM,True,0.5203876513085914,1
20240223T232831 - ee8ed,302,REM,False,0.36999588888919877,0
20240223T232831 - ee8ed,303,W,False,0.3896804765837748,0
20240223T232831 - ee8ed,304,W,False,0.28282691410025984,0
20240223T232831 - ee8ed,305,REM,True,0.4066538829685223,0
20240223T232831 - ee8ed,306,REM,False,0.2293290048564324,0
20240223T232831 - ee8ed,307,REM,False,0.37740707503321674,0
20240223T232831 - ee8ed,308,REM,False,0.29116421282762966,0
20240223T232831 - ee8ed,309,REM,False,0.5861932382259617,1
20240223T232831 - ee8ed,310,REM,True,0.5409439427526646,1
20240223T232831 - ee8ed,311,REM,False,0.44892230611848527,0
20240223T232831 - ee8ed,312,REM,True,0.5114623651791029,1
20240223T232831 - ee8ed,313,REM,False,0.44581061298195945,0
20240223T232831 - ee8ed,314,REM,True,0.3784607750380166,0
20240223T232831 - ee8ed,315,REM,False,0.27232119727374937,0
20240223T232831 - ee8ed,316,REM,False,0.425070109577975,0
20240223T232831 - ee8ed,317,REM,True,0.2897436578617542,0
20240223T232831 - ee8ed,318,REM,False,0.428304919997933,0
20240223T232831 - ee8ed,319,REM,False,0.29453655678769625,0
20240223T232831 - ee8ed,320,REM,False,0.27724096278124055,0
20240223T232831 - ee8ed,321,REM,False,0.538475367457876,1
20240223T232831 - ee8ed,322,REM,True,0.5917975252479869,1
20240223T232831 - ee8ed,323,REM,False,0.4664836835150131,0
20240223T232831 - ee8ed,324,REM,True,0.5022490879199117,1
20240223T232831 - ee8ed,325,W,False,0.29171374048125787,0
20240223T232831 - ee8ed,326,W,False,0.3631247855997393,0
20240223T232831 - ee8ed,327,W,False,0.23666216079489127,0
20240223T232831 - ee8ed,328,W,False,0.2392762699344421,0
20240223T232831 - ee8ed,329,W,True,0.14809700731747988,0
20240223T232831 - ee8ed,330,N1,True,0.337449257502335,0
20240223T232831 - ee8ed,331,N1,False,0.30453765158277285,0
20240223T232831 - ee8ed,332,REM,True,0.2814892477677493,0
20240223T232831 - ee8ed,333,REM,False,0.4249819414623122,0
20240223T232831 - ee8ed,334,REM,False,0.2905427162644859,0
20240223T232831 - ee8ed,335,REM,False,0.22386098098216667,0
20240223T232831 - ee8ed,336,REM,False,0.37639611308614673,0
20240223T232831 - ee8ed,337,REM,False,0.37294630503398246,0
20240223T232831 - ee8ed,338,REM,True,0.3169349753346302,0
20240223T232831 - ee8ed,339,REM,True,0.47795457059276175,0
20240223T232831 - ee8ed,340,REM,False,0.3349737587165911,0
20240223T232831 - ee8ed,341,W,False,0.32763566918665776,0
20240223T232831 - ee8ed,342,N1,False,0.2393990715626449,0
20240223T232831 - ee8ed,343,N1,True,0.31451506987842215,0
20240223T232831 - ee8ed,344,N1,False,0.24672320609321668,0
20240223T232831 - ee8ed,345,N1,False,0.21597865341693623,0
20240223T232831 - ee8ed,346,N1,False,0.3493397796913858,0
20240223T232831 - ee8ed,347,N1,True,0.37418442418305903,0
20240223T232831 - ee8ed,348,N1,False,0.40892616362890494,0
20240223T232831 - ee8ed,349,N1,False,0.3243324902015766,0
20240223T232831 - ee8ed,350,N2,False,0.2303216639841077,0
20240223T232831 - ee8ed,351,N2,True,0.3036909764384894,0
20240223T232831 - ee8ed,352,N2,False,0.3904861025914152,0
20240223T232831 - ee8ed,353,N2,False,0.2899817780740994,0
20240223T232831 - ee8ed,354,N2,True,0.28651062657240944,0
20240223T232831 - ee8ed,355,N2,False,0.38459324258918476,0
20240223T232831 - ee8ed,356,N2,False,0.3392617917117902,0
20240223T232831 - ee8ed,357,N2,False,0.2459205627229677,0
20240223T232831 - ee8ed,358,N2,True,0.31165540423370625,0
20240223T232831 - ee8ed,359,N2,True,0.3460299710916688,0
20240223T232831 - ee8ed,360,N2,False,0.35025738807037404,0
20240223T232831 - ee8ed,361,N2,False,0.24984936353143328,0
20240223T232831 - ee8ed,362,N2,True,0.26915687861562404,0
20240223T232831 - ee8ed,363,N2,False,0.32467073605316826,0
20240223T232831 - ee8ed,364,N2,False,0.2893998840776641,0
20240223T232831 - ee8ed,365,N2,False,0.2530001058286205,0
20240223T232831 - ee8ed,366,N2,False,0.33887701597707404,0
20240223T232831 - ee8ed,367,N2,False,0.2662385426756644,0
20240223T232831 - ee8ed,368,N2,False,0.2127309829793312,0
20240223T232831 - ee8ed,369,N2,False,0.2931177750014626,0
20240223T232831 - ee8ed,370,N2,False,0.298748774831517,0
20240223T232831 - ee8ed,371,N2,True,0.32986692005302776,0
20240223T232831 - ee8ed,372,N2,True,0.35752918396542405,0
20240223T232831 - ee8ed,373,N2,False,0.34945640381554777,0
20240223T232831 - ee8ed,374,N2,False,0.30582630946720085,0
20240223T232831 - ee8ed,375,N2,False,0.2742894573057785,0
20240223T232831 - ee8ed,376,N2,False,0.27547521731901115,0
20240223T232831 - ee8ed,377,N2,True,0.28497922623109184,0
20240223T232831 - ee8ed,378,N2,False,0.426589838822746,0
20240223T232831 - ee8ed,379,N2,True,0.3723961324541463,0
20240223T232831 - ee8ed,380,N1,True,0.4481031995743306,0
20240223T232831 - ee8ed,381,N2,False,0.33516826014702394,0
20240223T232831 - ee8ed,382,N2,False,0.15009633291789842,0
20240223T232831 - ee8ed,383,N2,False,0.25566037091355,0
20240223T232831 - ee8ed,384,N2,False,0.1521880694691485,0
20240223T232831 - ee8ed,385,N2,False,0.15455111744948608,0
20240223T232831 - ee8ed,386,N2,False,0.1986667790723709,0
20240223T232831 - ee8ed,387,N2,False,0.22141677540682767,0
20240223T232831 - ee8ed,388,N2,False,0.22619243349828497,0
20240223T232831 - ee8ed,389,N2,False,0.24615241610588764,0
20240223T232831 - ee8ed,390,N2,False,0.18516458030485494,0
20240223T232831 - ee8ed,391,N2,False,0.20832369914114568,0
20240223T232831 - ee8ed,392,N3,False,0.20276775616203926,0
20240223T232831 - ee8ed,393,N2,False,0.2578616662675836,0
20240223T232831 - ee8ed,394,N2,False,0.1531617483434541,0
20240223T232831 - ee8ed,395,N2,False,0.18963428087584272,0
20240223T232831 - ee8ed,396,N2,False,0.2802985612046893,0
20240223T232831 - ee8ed,397,N2,False,0.18537282222129858,0
20240223T232831 - ee8ed,398,N2,False,0.24504792775637255,0
20240223T232831 - ee8ed,399,N3,False,0.1964164937162669,0
20240223T232831 - ee8ed,400,N2,False,0.23500452086367882,0
20240223T232831 - ee8ed,401,N2,False,0.2427669305364783,0
20240223T232831 - ee8ed,402,N2,False,0.2355216416252349,0
20240223T232831 - ee8ed,403,N3,False,0.2548405585783726,0
20240223T232831 - ee8ed,404,N3,False,0.26857512171712095,0
20240223T232831 - ee8ed,405,N3,False,0.23533655975993256,0
20240223T232831 - ee8ed,406,N2,False,0.2563555548801563,0
20240223T232831 - ee8ed,407,N3,False,0.22075603599837865,0
20240223T232831 - ee8ed,408,N2,False,0.28882101481344685,0
20240223T232831 - ee8ed,409,N2,False,0.27878872353092315,0
20240223T232831 - ee8ed,410,N3,False,0.20192477346886326,0
20240223T232831 - ee8ed,411,N2,False,0.23165114122746977,0
20240223T232831 - ee8ed,412,N3,False,0.26332736533151624,0
20240223T232831 - ee8ed,413,N2,False,0.27456555192800136,0
20240223T232831 - ee8ed,414,N3,False,0.23902884034708907,0
20240223T232831 - ee8ed,415,N2,False,0.27923547703792945,0
20240223T232831 - ee8ed,416,N3,False,0.25105346395082706,0
20240223T232831 - ee8ed,417,N3,False,0.26117964516186143,0
20240223T232831 - ee8ed,418,N2,False,0.2919087855513625,0
20240223T232831 - ee8ed,419,N3,False,0.2060392730494542,0
20240223T232831 - ee8ed,420,N3,False,0.26441045167449523,0
20240223T232831 - ee8ed,421,N3,False,0.26430440701206975,0
20240223T232831 - ee8ed,422,N3,True,0.25426828823027625,0
20240223T232831 - ee8ed,423,N2,True,0.2940653715309779,0
20240223T232831 - ee8ed,424,N2,False,0.3682789700907798,0
20240223T232831 - ee8ed,425,N1,True,0.3895010465287178,0
20240223T232831 - ee8ed,426,N2,True,0.3749707451390534,0
20240223T232831 - ee8ed,427,N2,False,0.35735233455043675,0
20240223T232831 - ee8ed,428,N2,True,0.3701124964821922,0
20240223T232831 - ee8ed,429,N2,True,0.369568105118367,0
20240223T232831 - ee8ed,430,N2,True,0.21214146661239477,0
20240223T232831 - ee8ed,431,N2,False,0.14347319771488237,0
20240223T232831 - ee8ed,432,N2,False,0.23778747442095585,0
20240223T232831 - ee8ed,433,N2,False,0.22299929218748363,0
20240223T232831 - ee8ed,434,N2,False,0.2855272732182532,0
20240223T232831 - ee8ed,435,N2,False,0.20133538129001802,0
20240223T232831 - ee8ed,436,N2,False,0.1517156229599124,0
20240223T232831 - ee8ed,437,N2,True,0.19572881583345603,0
20240223T232831 - ee8ed,438,N2,False,0.16856803066459203,0
20240223T232831 - ee8ed,439,N1,True,0.41905646809789515,0
20240223T232831 - ee8ed,440,N1,False,0.44633524324307183,0
20240223T232831 - ee8ed,441,N1,False,0.43765967662512856,0
20240223T232831 - ee8ed,442,N2,False,0.2398212521656168,0
20240223T232831 - ee8ed,443,N2,False,0.17877440543432627,0
20240223T232831 - ee8ed,444,N2,False,0.14436475212369876,0
20240223T232831 - ee8ed,445,N2,False,0.2696620278156728,0
20240223T232831 - ee8ed,446,N2,False,0.13449030972814222,0
20240223T232831 - ee8ed,447,N2,False,0.19227347645074808,0
20240223T232831 - ee8ed,448,N2,False,0.25174198724408436,0
20240223T232831 - ee8ed,449,N2,False,0.12648898792371038,0
20240223T232831 - ee8ed,450,N2,False,0.14607523919490786,0
20240223T232831 - ee8ed,451,N2,False,0.22232070688298766,0
20240223T232831 - ee8ed,452,N2,False,0.1233793496543976,0
20240223T232831 - ee8ed,453,N2,False,0.2125432864986411,0
20240223T232831 - ee8ed,454,N2,False,0.14881112455551881,0
20240223T232831 - ee8ed,455,N2,False,0.1340234122563643,0
20240223T232831 - ee8ed,456,N2,False,0.147265035112202,0
20240223T232831 - ee8ed,457,N2,False,0.16135857164230508,0
20240223T232831 - ee8ed,458,N2,True,0.25052482576632223,0
20240223T232831 - ee8ed,459,W,True,0.2383776334923468,0
20240223T232831 - ee8ed,460,N1,False,0.41731173262523236,0
20240223T232831 - ee8ed,461,W,True,0.41296975682464604,0
20240223T232831 - ee8ed,462,N1,False,0.3330760082401059,0
20240223T232831 - ee8ed,463,W,False,0.35604718627535403,0
20240223T232831 - ee8ed,464,N2,False,0.2442848593117843,0
20240223T232831 - ee8ed,465,N2,True,0.10390967190155073,0
20240223T232831 - ee8ed,466,N1,True,0.3953010788910111,0
20240223T232831 - ee8ed,467,N2,False,0.21229797350238727,0
20240223T232831 - ee8ed,468,N2,False,0.14360710326911538,0
20240223T232831 - ee8ed,469,N2,True,0.23267639681622648,0
20240223T232831 - ee8ed,470,N2,False,0.42295346135717204,0
20240223T232831 - ee8ed,471,N2,True,0.3011898646694262,0
20240223T232831 - ee8ed,472,N2,True,0.4304921609411882,0
20240223T232831 - ee8ed,473,N2,True,0.36176795002527096,0
20240223T232831 - ee8ed,474,N1,False,0.5461678601116101,1
20240223T232831 - ee8ed,475,N2,True,0.3075010670146165,0
20240223T232831 - ee8ed,476,N2,False,0.33912091070446304,0
20240223T232831 - ee8ed,477,N2,True,0.38891611522553243,0
20240223T232831 - ee8ed,478,N2,False,0.3229868703410058,0
20240223T232831 - ee8ed,479,W,False,0.413967509800105,0
20240223T232831 - ee8ed,480,N2,False,0.28384548917368146,0
20240223T232831 - ee8ed,481,N2,True,0.23821323084096682,0
20240223T232831 - ee8ed,482,N2,False,0.3876422966192978,0
20240223T232831 - ee8ed,483,N1,True,0.31311440321920875,0
20240223T232831 - ee8ed,484,N1,False,0.3789618025167266,0
20240223T232831 - ee8ed,485,N2,True,0.38719333381817733,0
20240223T232831 - ee8ed,486,N2,True,0.47258215193788117,0
20240223T232831 - ee8ed,487,N2,False,0.3523471944807891,0
20240223T232831 - ee8ed,488,N2,True,0.32678825069720346,0
20240223T232831 - ee8ed,489,N2,True,0.4849710022971872,0
20240223T232831 - ee8ed,490,N2,False,0.35687026579402764,0
20240223T232831 - ee8ed,491,N2,False,0.3599886008898042,0
20240223T232831 - ee8ed,492,N2,False,0.23065674437160247,0
20240223T232831 - ee8ed,493,N2,True,0.2018340942450582,0
20240223T232831 - ee8ed,494,N1,True,0.5285930495603121,1
20240223T232831 - ee8ed,495,N2,False,0.5083860056721593,1
20240223T232831 - ee8ed,496,N2,True,0.5283998269876978,1
20240223T232831 - ee8ed,497,N1,True,0.27021462417160425,0
20240223T232831 - ee8ed,498,W,False,0.37176624060556707,0
20240223T232831 - ee8ed,499,N1,False,0.477715889235596,0
20240223T232831 - ee8ed,500,N2,False,0.2616935663858883,0
20240223T232831 - ee8ed,501,N2,False,0.21898965964281525,0
20240223T232831 - ee8ed,502,N2,False,0.14494826928316173,0
20240223T232831 - ee8ed,503,N2,False,0.2802094849983387,0
20240223T232831 - ee8ed,504,N2,False,0.19546316644679998,0
20240223T232831 - ee8ed,505,N2,False,0.17980583902659003,0
20240223T232831 - ee8ed,506,N2,False,0.20031735101997378,0
20240223T232831 - ee8ed,507,N2,True,0.2574265604805831,0
20240223T232831 - ee8ed,508,N2,True,0.38820133186703215,0
20240223T232831 - ee8ed,509,N2,False,0.3564288724610663,0
20240223T232831 - ee8ed,510,N2,False,0.2322104897493697,0
20240223T232831 - ee8ed,511,N2,False,0.2614123548590969,0
20240223T232831 - ee8ed,512,N2,False,0.2507203642385137,0
20240223T232831 - ee8ed,513,N2,True,0.3095044257138701,0
20240223T232831 - ee8ed,514,N2,False,0.2778279851320633,0
20240223T232831 - ee8ed,515,N2,True,0.27445010514292933,0
20240223T232831 - ee8ed,516,N1,True,0.46233884692757704,0
20240223T232831 - ee8ed,517,W,False,0.38912865200146357,0
20240223T232831 - ee8ed,518,N1,True,0.5029810644346845,1
20240223T232831 - ee8ed,519,N2,True,0.4451323892773077,0
20240223T232831 - ee8ed,520,N2,False,0.3677970957522867,0
20240223T232831 - ee8ed,521,N1,True,0.45379804089802733,0
20240223T232831 - ee8ed,522,N2,True,0.3208494777653223,0
20240223T232831 - ee8ed,523,N2,False,0.39158861404749573,0
20240223T232831 - ee8ed,524,N2,True,0.3072600897960865,0
20240223T232831 - ee8ed,525,N1,False,0.550252168893713,1
20240223T232831 - ee8ed,526,N2,True,0.4379381499448444,0
20240223T232831 - ee8ed,527,N1,True,0.3803075707886272,0
20240223T232831 - ee8ed,528,N2,True,0.4064621872513324,0
20240223T232831 - ee8ed,529,N1,True,0.45002150964024085,0
20240223T232831 - ee8ed,530,N2,True,0.4181128716307751,0
20240223T232831 - ee8ed,531,N1,False,0.43505983548858085,0
20240223T232831 - ee8ed,532,N2,True,0.2824796666357261,0
20240223T232831 - ee8ed,533,N2,False,0.4779694772937877,0
20240223T232831 - ee8ed,534,W,True,0.3556355504699599,0
20240223T232831 - ee8ed,535,N1,True,0.49151608703355953,0
20240223T232831 - ee8ed,536,N1,True,0.3266974293978636,0
20240223T232831 - ee8ed,537,W,False,0.3485110646997297,0
20240223T232831 - ee8ed,538,N1,False,0.39173071858284764,0
20240223T232831 - ee8ed,539,REM,False,0.33178827902727215,0
20240223T232831 - ee8ed,540,REM,False,0.2978586246952366,0
20240223T232831 - ee8ed,541,REM,False,0.2394729617952417,0
20240223T232831 - ee8ed,542,REM,False,0.2287433437340381,0
20240223T232831 - ee8ed,543,REM,False,0.1988193281560988,0
20240223T232831 - ee8ed,544,REM,False,0.3365063117507725,0
20240223T232831 - ee8ed,545,REM,False,0.31188868630067534,0
20240223T232831 - ee8ed,546,REM,False,0.17811026427161603,0
20240223T232831 - ee8ed,547,REM,False,0.2103462235213953,0
20240223T232831 - ee8ed,548,REM,False,0.35734348130600374,0
20240223T232831 - ee8ed,549,REM,False,0.2985379643302172,0
20240223T232831 - ee8ed,550,REM,False,0.25576686020173867,0
20240223T232831 - ee8ed,551,REM,False,0.19877404279325206,0
20240223T232831 - ee8ed,552,REM,False,0.20073220148524393,0
20240223T232831 - ee8ed,553,REM,False,0.17142528623807238,0
20240223T232831 - ee8ed,554,REM,False,0.2334250355907997,0
20240223T232831 - ee8ed,555,REM,False,0.20903857290840797,0
20240223T232831 - ee8ed,556,REM,False,0.25779590914661094,0
20240223T232831 - ee8ed,557,REM,False,0.20455663157108944,0
20240223T232831 - ee8ed,558,REM,False,0.1800498552397701,0
20240223T232831 - ee8ed,559,REM,False,0.15985209529721828,0
20240223T232831 - ee8ed,560,REM,False,0.15917408716802506,0
20240223T232831 - ee8ed,561,REM,False,0.3025341305768206,0
20240223T232831 - ee8ed,562,REM,False,0.1783724365359259,0
20240223T232831 - ee8ed,563,REM,True,0.16633285927040936,0
20240223T232831 - ee8ed,564,REM,False,0.20650143072287042,0
20240223T232831 - ee8ed,565,REM,False,0.3218612233209211,0
20240223T232831 - ee8ed,566,REM,False,0.2776267144437162,0
20240223T232831 - ee8ed,567,REM,False,0.3006725465709502,0
20240223T232831 - ee8ed,568,REM,False,0.23889244717998342,0
20240223T232831 - ee8ed,569,REM,True,0.4245368822504912,0
20240223T232831 - ee8ed,570,REM,False,0.4149716377097225,0
20240223T232831 - ee8ed,571,REM,False,0.2927351498237978,0
20240223T232831 - ee8ed,572,REM,False,0.1535731049710635,0
20240223T232831 - ee8ed,573,REM,False,0.28528685257779557,0
20240223T232831 - ee8ed,574,REM,False,0.3266113936351467,0
20240223T232831 - ee8ed,575,REM,False,0.2055071595230503,0
20240223T232831 - ee8ed,576,REM,False,0.26324215855105004,0
20240223T232831 - ee8ed,577,REM,False,0.20156900979808068,0
20240223T232831 - ee8ed,578,REM,False,0.35664771686008545,0
20240223T232831 - ee8ed,579,REM,False,0.3243886148875271,0
20240223T232831 - ee8ed,580,REM,False,0.25890421285987997,0
20240223T232831 - ee8ed,581,REM,True,0.30735299660969156,0
20240223T232831 - ee8ed,582,REM,False,0.28898673475299597,0
20240223T232831 - ee8ed,583,N1,False,0.4096140440114781,0
20240223T232831 - ee8ed,584,N2,False,0.17483554506005888,0
20240223T232831 - ee8ed,585,N2,False,0.15747842381522553,0
20240223T232831 - ee8ed,586,N2,False,0.1441717926500895,0
20240223T232831 - ee8ed,587,N2,False,0.2483154864258287,0
20240223T232831 - ee8ed,588,N2,False,0.34278094332067305,0
20240223T232831 - ee8ed,589,N2,False,0.19588856147244282,0
20240223T232831 - ee8ed,590,N2,True,0.17712494305773674,0
20240223T232831 - ee8ed,591,W,False,0.35660875152029975,0
20240223T232831 - ee8ed,592,N1,False,0.4381176642848367,0
20240223T232831 - ee8ed,593,N2,True,0.3987003138713383,0
20240223T232831 - ee8ed,594,N2,True,0.29602106461732175,0
20240223T232831 - ee8ed,595,N2,True,0.376078505432766,0
20240223T232831 - ee8ed,596,N1,False,0.39624083325072507,0
20240223T232831 - ee8ed,597,N2,False,0.3623626297162575,0
20240223T232831 - ee8ed,598,N2,False,0.26598128269466803,0
20240223T232831 - ee8ed,599,N2,False,0.22331047569329485,0
20240223T232831 - ee8ed,600,N2,False,0.32869592775626066,0
20240223T232831 - ee8ed,601,N2,True,0.2012438905873836,0
20240223T232831 - ee8ed,602,N2,True,0.3859775268917138,0
20240223T232831 - ee8ed,603,N2,False,0.39194838949881616,0
20240223T232831 - ee8ed,604,N2,True,0.27944520593666416,0
20240223T232831 - ee8ed,605,N2,False,0.3620830631414369,0
20240223T232831 - ee8ed,606,N2,False,0.35930739083728847,0
20240223T232831 - ee8ed,607,N2,False,0.244123012629409,0
20240223T232831 - ee8ed,608,N2,False,0.26121566591014206,0
20240223T232831 - ee8ed,609,N2,False,0.3235875382014971,0
20240223T232831 - ee8ed,610,N2,False,0.23015329489403147,0
20240223T232831 - ee8ed,611,N2,False,0.2693808520244033,0
20240223T232831 - ee8ed,612,N2,False,0.32355017877276965,0
20240223T232831 - ee8ed,613,N2,False,0.2532126962818755,0
20240223T232831 - ee8ed,614,N2,False,0.3242842498863925,0
20240223T232831 - ee8ed,615,N2,False,0.3318213640866464,0
20240223T232831 - ee8ed,616,N2,False,0.320037086416996,0
20240223T232831 - ee8ed,617,N2,True,0.2347342988023825,0
20240223T232831 - ee8ed,618,N1,False,0.39265277273656707,0
20240223T232831 - ee8ed,619,N2,True,0.3906058458660668,0
20240223T232831 - ee8ed,620,N1,False,0.3612078831208761,0
20240223T232831 - ee8ed,621,N2,False,0.32372963745417344,0
20240223T232831 - ee8ed,622,N2,True,0.40284846463576296,0
20240223T232831 - ee8ed,623,N2,True,0.4124732260982332,0
20240223T232831 - ee8ed,624,W,False,0.3989756194755013,0
20240223T232831 - ee8ed,625,N2,True,0.36082863674060595,0
20240223T232831 - ee8ed,626,N2,False,0.37638751537547827,0
20240223T232831 - ee8ed,627,N2,True,0.3555496865195566,0
20240223T232831 - ee8ed,628,N2,False,0.4289119040896491,0
20240223T232831 - ee8ed,629,N2,False,0.272128781818728,0
20240223T232831 - ee8ed,630,N2,False,0.22891510442050264,0
20240223T232831 - ee8ed,631,N2,True,0.401186569539642,0
20240223T232831 - ee8ed,632,N2,False,0.45645395338223266,0
20240223T232831 - ee8ed,633,N2,False,0.5607654198021461,1
20240223T232831 - ee8ed,634,N2,False,0.47324999559139436,0
20240223T232831 - ee8ed,635,N2,True,0.3749741341605197,0
20240223T232831 - ee8ed,636,N2,True,0.43265282874283495,0
20240223T232831 - ee8ed,637,N2,True,0.41212346236705794,0
20240223T232831 - ee8ed,638,N1,False,0.4189048114242984,0
20240223T232831 - ee8ed,639,N2,False,0.31018688213180406,0
20240223T232831 - ee8ed,640,N2,False,0.38288526322925365,0
20240223T232831 - ee8ed,641,N2,False,0.18655705611109874,0
20240223T232831 - ee8ed,642,N2,False,0.3855300815854071,0
20240223T232831 - ee8ed,643,N2,False,0.17914784539581913,0
20240223T232831 - ee8ed,644,N2,True,0.3096811471374987,0
20240223T232831 - ee8ed,645,N2,False,0.3477367235773892,0
20240223T232831 - ee8ed,646,N2,False,0.34639278922713307,0
20240223T232831 - ee8ed,647,N2,False,0.22381017612952497,0
20240223T232831 - ee8ed,648,N2,False,0.3253504612257088,0
20240223T232831 - ee8ed,649,N2,False,0.2506023517607554,0
20240223T232831 - ee8ed,650,N2,False,0.28328616707874166,0
20240223T232831 - ee8ed,651,N2,False,0.30515406532523615,0
20240223T232831 - ee8ed,652,N2,False,0.24746250440324657,0
20240223T232831 - ee8ed,653,N2,False,0.280401777693704,0
20240223T232831 - ee8ed,654,N2,False,0.2836603134956017,0
20240223T232831 - ee8ed,655,N2,False,0.4940148832236264,0
20240223T232831 - ee8ed,656,N2,True,0.22226033536666573,0
20240223T232831 - ee8ed,657,N2,False,0.2459458850835379,0
20240223T232831 - ee8ed,658,W,True,0.2879952450933471,0
20240223T232831 - ee8ed,659,N1,False,0.5212935612950054,1
20240223T232831 - ee8ed,660,W,True,0.42631650912662666,0
20240223T232831 - ee8ed,661,N1,True,0.3293414767975876,0
20240223T232831 - ee8ed,662,N1,False,0.3757223554074418,0
20240223T232831 - ee8ed,663,N1,True,0.4502855461683262,0
20240223T232831 - ee8ed,664,N2,True,0.41190134095410275,0
20240223T232831 - ee8ed,665,N1,True,0.4947813028841911,0
20240223T232831 - ee8ed,666,N2,False,0.3499083989140811,0
20240223T232831 - ee8ed,667,N1,False,0.4074514648244413,0
20240223T232831 - ee8ed,668,N2,True,0.2978964397115457,0
20240223T232831 - ee8ed,669,N2,True,0.38551671889271444,0
20240223T232831 - ee8ed,670,N1,True,0.35521631785961816,0
20240223T232831 - ee8ed,671,N1,False,0.43509921407866936,0
20240223T232831 - ee8ed,672,N1,True,0.326988151653297,0
20240223T232831 - ee8ed,673,N1,False,0.4859867210750148,0
20240223T232831 - ee8ed,674,N2,True,0.13752782214855386,0
20240223T232831 - ee8ed,675,N1,False,0.44323654801138573,0
20240223T232831 - ee8ed,676,N2,True,0.2267196906731074,0
20240223T232831 - ee8ed,677,N2,True,0.4260800239737765,0
20240223T232831 - ee8ed,678,N2,True,0.3772410927289547,0
20240223T232831 - ee8ed,679,N2,False,0.38967316631534255,0
20240223T232831 - ee8ed,680,N2,True,0.28376750324603883,0
20240223T232831 - ee8ed,681,N2,True,0.3922655565342691,0
20240223T232831 - ee8ed,682,N2,False,0.3927193957169139,0
20240223T232831 - ee8ed,683,N1,True,0.5029928727891743,1
20240223T232831 - ee8ed,684,N2,True,0.484087474078328,0
20240223T232831 - ee8ed,685,N2,False,0.39475008432394504,0
20240223T232831 - ee8ed,686,W,True,0.22597908158908445,0
20240223T232831 - ee8ed,687,N1,True,0.44001566116515406,0
20240223T232831 - ee8ed,688,N1,False,0.3663093777203326,0
20240223T232831 - ee8ed,689,W,True,0.331243309699019,0
20240223T232831 - ee8ed,690,N1,False,0.41839020552873135,0
20240223T232831 - ee8ed,691,W,False,0.40156829568816244,0
20240223T232831 - ee8ed,692,N1,True,0.42334930335664517,0
20240223T232831 - ee8ed,693,W,False,0.42295631442422565,0
20240223T232831 - ee8ed,694,N1,True,0.493656635376548,0
20240223T232831 - ee8ed,695,W,False,0.42533868451719664,0
20240223T232831 - ee8ed,696,W,False,0.31562465610853646,0
20240223T232831 - ee8ed,697,W,False,0.3055118189083233,0
20240223T232831 - ee8ed,698,N1,True,0.3774958156670044,0
20240223T232831 - ee8ed,699,W,False,0.32688583601729965,0
20240223T232831 - ee8ed,700,N1,False,0.2778400585060422,0
20240223T232831 - ee8ed,701,N2,True,0.18076238551478394,0
20240223T232831 - ee8ed,702,W,False,0.2634973241552399,0
20240223T232831 - ee8ed,703,N1,True,0.29232950398603175,0
20240223T232831 - ee8ed,704,N2,False,0.16686299863224366,0
20240223T232831 - ee8ed,705,N1,False,0.3923888464048296,0
20240223T232831 - ee8ed,706,N2,False,0.19435017059504087,0
20240223T232831 - ee8ed,707,N2,False,0.13141021189305124,0
20240223T232831 - ee8ed,708,N2,False,0.20890571974732647,0
20240223T232831 - ee8ed,709,N2,False,0.2525848278101364,0
20240223T232831 - ee8ed,710,N2,False,0.20487266429658682,0
20240223T232831 - ee8ed,711,N2,False,0.1811854488217152,0
20240223T232831 - ee8ed,712,N2,False,0.17683970486061207,0
20240223T232831 - ee8ed,713,N2,False,0.1692429589985359,0
20240223T232831 - ee8ed,714,N2,True,0.1852056623745356,0
20240223T232831 - ee8ed,715,N1,False,0.39268121044559673,0
20240223T232831 - ee8ed,716,N2,False,0.23447568451566947,0
20240223T232831 - ee8ed,717,N2,False,0.13163426279089682,0
20240223T232831 - ee8ed,718,N2,False,0.14586226672773037,0
20240223T232831 - ee8ed,719,N2,True,0.15466352796425628,0
20240223T232831 - ee8ed,720,N2,False,0.3673618886207872,0
20241106T230254 - 91bed,0,W,False,0.19428100574752719,0
20241106T230254 - 91bed,1,W,False,0.1810138056439075,0
20241106T230254 - 91bed,2,W,False,0.21477867983400756,0
20241106T230254 - 91bed,3,W,False,0.27862315093084183,0
20241106T230254 - 91bed,4,W,False,0.25812524212361776,0
20241106T230254 - 91bed,5,W,False,0.23609869974083697,0
20241106T230254 - 91bed,6,W,False,0.23679062089517988,0
20241106T230254 - 91bed,7,W,False,0.3105922289068723,0
20241106T230254 - 91bed,8,W,False,0.22521530962297195,0
20241106T230254 - 91bed,9,W,False,0.22870222554081032,0
20241106T230254 - 91bed,10,W,False,0.35035828457359197,0
20241106T230254 - 91bed,11,W,False,0.2664588092122432,0
20241106T230254 - 91bed,12,W,False,0.28036588211156954,0
20241106T230254 - 91bed,13,N1,True,0.30483923861318063,0
20241106T230254 - 91bed,14,N1,False,0.32705614939703936,0
20241106T230254 - 91bed,15,W,False,0.3487584954050613,0
20241106T230254 - 91bed,16,N1,True,0.35036056151275763,0
20241106T230254 - 91bed,17,N1,False,0.3212920980456876,0
20241106T230254 - 91bed,18,W,False,0.22605561749278763,0
20241106T230254 - 91bed,19,W,False,0.35252408533115337,0
20241106T230254 - 91bed,20,W,True,0.22051713236277845,0
20241106T230254 - 91bed,21,N1,True,0.3479401113467839,0
20241106T230254 - 91bed,22,N1,False,0.4299248016494454,0
20241106T230254 - 91bed,23,W,True,0.3986829843874735,0
20241106T230254 - 91bed,24,N1,True,0.3661434024667274,0
20241106T230254 - 91bed,25,N1,True,0.46099167142113023,0
20241106T230254 - 91bed,26,N1,False,0.37046310725434983,0
20241106T230254 - 91bed,27,N1,True,0.3448981399308914,0
20241106T230254 - 91bed,28,N1,False,0.33925619182199446,0
20241106T230254 - 91bed,29,N1,True,0.4093110117070611,0
20241106T230254 - 91bed,30,N1,False,0.3355124553560151,0
20241106T230254 - 91bed,31,N1,True,0.39700061371581014,0
20241106T230254 - 91bed,32,N1,False,0.37910902203762764,0
20241106T230254 - 91bed,33,N1,False,0.387898023083191,0
20241106T230254 - 91bed,34,N1,False,0.4948220760281656,0
20241106T230254 - 91bed,35,N1,True,0.5523022419499791,1
20241106T230254 - 91bed,36,N1,False,0.4197362265448165,0
20241106T230254 - 91bed,37,N1,True,0.380731423766479,0
20241106T230254 - 91bed,38,N2,False,0.22599762282466762,0
20241106T230254 - 91bed,39,N1,True,0.41719312381263157,0
20241106T230254 - 91bed,40,N2,False,0.3712441544195797,0
20241106T230254 - 91bed,41,W,True,0.5043916957766857,1
20241106T230254 - 91bed,42,N1,False,0.3855553685968951,0
20241106T230254 - 91bed,43,N1,False,0.42469862179176154,0
20241106T230254 - 91bed,44,N1,False,0.44469750175416983,0
20241106T230254 - 91bed,45,N2,False,0.4110041009601412,0
20241106T230254 - 91bed,46,N2,False,0.4024464940665968,0
20241106T230254 - 91bed,47,N2,False,0.3769759878393064,0
20241106T230254 - 91bed,48,N2,False,0.3448533524963726,0
20241106T230254 - 91bed,49,N2,False,0.34011061647904506,0
20241106T230254 - 91bed,50,N2,False,0.24087373312234356,0
20241106T230254 - 91bed,51,N2,False,0.33371698025539326,0
20241106T230254 - 91bed,52,N2,False,0.36815058595650185,0
20241106T230254 - 91bed,53,N2,False,0.40256571754361375,0
20241106T230254 - 91bed,54,N2,False,0.4825576444676855,0
20241106T230254 - 91bed,55,N2,False,0.3869832387442193,0
20241106T230254 - 91bed,56,N2,False,0.3615487136863036,0
20241106T230254 - 91bed,57,N2,False,0.40239638151405877,0
20241106T230254 - 91bed,58,N2,False,0.37349525126586736,0
20241106T230254 - 91bed,59,N2,True,0.4403236218710923,0
20241106T230254 - 91bed,60,N2,False,0.409395512153227,0
20241106T230254 - 91bed,61,N1,False,0.4524615944482982,0
20241106T230254 - 91bed,62,N2,False,0.4429697050819217,0
20241106T230254 - 91bed,63,N2,False,0.38806992208097496,0
20241106T230254 - 91bed,64,N2,True,0.49942137426660793,0
20241106T230254 - 91bed,65,N2,False,0.40414784907791834,0
20241106T230254 - 91bed,66,N2,False,0.3987282224836757,0
20241106T230254 - 91bed,67,N2,False,0.3725952696956685,0
20241106T230254 - 91bed,68,N2,True,0.28483278132135204,0
20241106T230254 - 91bed,69,N2,False,0.3220094564045307,0
20241106T230254 - 91bed,70,N1,True,0.3953293134058095,0
20241106T230254 - 91bed,71,N1,False,0.4237301447647248,0
20241106T230254 - 91bed,72,N1,True,0.4598867914114551,0
20241106T230254 - 91bed,73,N1,False,0.49014035999743344,0
20241106T230254 - 91bed,74,N1,False,0.4131493817537269,0
20241106T230254 - 91bed,75,N2,False,0.37615847816457615,0
20241106T230254 - 91bed,76,N2,False,0.36060911960672665,0
20241106T230254 - 91bed,77,N2,False,0.4156929423913575,0
20241106T230254 - 91bed,78,N2,False,0.40675455198267146,0
20241106T230254 - 91bed,79,N2,True,0.3349286240879459,0
20241106T230254 - 91bed,80,N2,False,0.36309993513146366,0
20241106T230254 - 91bed,81,N2,False,0.29636260972843576,0
20241106T230254 - 91bed,82,N2,False,0.31124308627379477,0
20241106T230254 - 91bed,83,N2,False,0.39131095030078855,0
20241106T230254 - 91bed,84,N2,False,0.347135021942357,0
20241106T230254 - 91bed,85,N2,False,0.36083610273668865,0
20241106T230254 - 91bed,86,N2,False,0.3157420662854079,0
20241106T230254 - 91bed,87,N2,False,0.3517352994567897,0
20241106T230254 - 91bed,88,N2,False,0.4625731139607812,0
20241106T230254 - 91bed,89,N2,False,0.3676746248219493,0
20241106T230254 - 91bed,90,N2,False,0.3996904044522766,0
20241106T230254 - 91bed,91,N2,False,0.41281733250987934,0
20241106T230254 - 91bed,92,N2,False,0.34940957312328325,0
20241106T230254 - 91bed,93,N2,False,0.36661746634908865,0
20241106T230254 - 91bed,94,N2,True,0.3294324894693025,0
20241106T230254 - 91bed,95,N1,False,0.4145725760600005,0
20241106T230254 - 91bed,96,N2,False,0.41640977329887996,0
20241106T230254 - 91bed,97,N2,False,0.4533893402389079,0
20241106T230254 - 91bed,98,N2,False,0.49097440321766095,0
20241106T230254 - 91bed,99,N2,False,0.4611864014208607,0
20241106T230254 - 91bed,100,N2,False,0.3569641481950579,0
20241106T230254 - 91bed,101,N2,True,0.32585053194916347,0
20241106T230254 - 91bed,102,N2,False,0.32566411445351856,0
20241106T230254 - 91bed,103,N2,True,0.3391779367298007,0
20241106T230254 - 91bed,104,N1,True,0.3465516044437779,0
20241106T230254 - 91bed,105,N1,True,0.4057476935517568,0
20241106T230254 - 91bed,106,W,False,0.2386219081078162,0
20241106T230254 - 91bed,107,W,False,0.25458989616465816,0
20241106T230254 - 91bed,108,W,False,0.3639358748929118,0
20241106T230254 - 91bed,109,W,False,0.26559478752439697,0
20241106T230254 - 91bed,110,W,False,0.23657369073155585,0
20241106T230254 - 91bed,111,W,False,0.23663845468754505,0
20241106T230254 - 91bed,112,W,False,0.27116992128735246,0
20241106T230254 - 91bed,113,W,False,0.37647852477880234,0
20241106T230254 - 91bed,114,W,False,0.334305488073296,0
20241106T230254 - 91bed,115,W,False,0.2657618526265789,0
20241106T230254 - 91bed,116,W,False,0.3360472684145849,0
20241106T230254 - 91bed,117,W,False,0.35870452720176793,0
20241106T230254 - 91bed,118,W,False,0.29116887451311146,0
20241106T230254 - 91bed,119,W,False,0.3319072688125145,0
20241106T230254 - 91bed,120,W,True,0.31777830961495446,0
20241106T230254 - 91bed,121,N1,True,0.4321074797239763,0
20241106T230254 - 91bed,122,N1,True,0.47989366973785685,0
20241106T230254 - 91bed,123,N1,False,0.4272159204109874,0
20241106T230254 - 91bed,124,N1,True,0.48324057621975064,0
20241106T230254 - 91bed,125,N1,True,0.379402532948202,0
20241106T230254 - 91bed,126,N1,False,0.41035287746829807,0
20241106T230254 - 91bed,127,W,True,0.23819138485270863,0
20241106T230254 - 91bed,128,N1,True,0.3974096199692545,0
20241106T230254 - 91bed,129,N1,False,0.4036284520316741,0
20241106T230254 - 91bed,130,W,False,0.341838332974403,0
20241106T230254 - 91bed,131,N1,True,0.38616271208233555,0
20241106T230254 - 91bed,132,N1,True,0.3843182902911017,0
20241106T230254 - 91bed,133,N1,False,0.38617117547452856,0
20241106T230254 - 91bed,134,W,False,0.3077301696564071,0
20241106T230254 - 91bed,135,W,False,0.26372865574394555,0
20241106T230254 - 91bed,136,W,False,0.3543074615859729,0
20241106T230254 - 91bed,137,W,False,0.35357938070110734,0
20241106T230254 - 91bed,138,W,False,0.24110064219410388,0
20241106T230254 - 91bed,139,W,False,0.31469108946856783,0
20241106T230254 - 91bed,140,W,False,0.36087816623199936,0
20241106T230254 - 91bed,141,N1,True,0.3031367931869754,0
20241106T230254 - 91bed,142,W,True,0.26228546542519876,0
20241106T230254 - 91bed,143,N1,True,0.280774595733064,0
20241106T230254 - 91bed,144,N1,True,0.38873999251494773,0
20241106T230254 - 91bed,145,N1,False,0.32575347365962704,0
20241106T230254 - 91bed,146,N1,False,0.38422076319202775,0
20241106T230254 - 91bed,147,N1,False,0.4753680486277944,0
20241106T230254 - 91bed,148,N1,False,0.4240876344110297,0
20241106T230254 - 91bed,149,N2,False,0.3884471120810176,0
20241106T230254 - 91bed,150,N2,True,0.31681190019313343,0
20241106T230254 - 91bed,151,N1,False,0.35600782801605585,0
20241106T230254 - 91bed,152,N1,True,0.32583093400436447,0
20241106T230254 - 91bed,153,N1,False,0.3098011920842105,0
20241106T230254 - 91bed,154,W,False,0.3476603124256119,0
20241106T230254 - 91bed,155,W,False,0.3164930365783518,0
20241106T230254 - 91bed,156,W,True,0.2803585089956059,0
20241106T230254 - 91bed,157,N1,True,0.2986175320125183,0
20241106T230254 - 91bed,158,N1,False,0.30591789829109084,0
20241106T230254 - 91bed,159,N1,False,0.37148204218070574,0
20241106T230254 - 91bed,160,N1,False,0.4047393803287745,0
20241106T230254 - 91bed,161,N2,False,0.291200233057243,0
20241106T230254 - 91bed,162,N2,True,0.37292077418849856,0
20241106T230254 - 91bed,163,N1,False,0.345769192985033,0
20241106T230254 - 91bed,164,N2,False,0.26207921258558153,0
20241106T230254 - 91bed,165,N2,False,0.2801348089785814,0
20241106T230254 - 91bed,166,N2,True,0.2558041719334529,0
20241106T230254 - 91bed,167,W,False,0.2652474415661489,0
20241106T230254 - 91bed,168,W,True,0.2751606225490575,0
20241106T230254 - 91bed,169,N1,True,0.30481693888402805,0
20241106T230254 - 91bed,170,N1,True,0.47078888707350897,0
20241106T230254 - 91bed,171,N1,True,0.36734582378173863,0
20241106T230254 - 91bed,172,N1,False,0.3574437925243506,0
20241106T230254 - 91bed,173,N1,True,0.3211194779967099,0
20241106T230254 - 91bed,174,N1,True,0.37002405114617554,0
20241106T230254 - 91bed,175,N1,False,0.4920583029722561,0
20241106T230254 - 91bed,176,N1,True,0.43772458234602857,0
20241106T230254 - 91bed,177,N1,True,0.4459459703849427,0
20241106T230254 - 91bed,178,N1,True,0.4772125345020587,0
20241106T230254 - 91bed,179,N1,False,0.47657130372582057,0
20241106T230254 - 91bed,180,N1,False,0.5188157336234357,1
20241106T230254 - 91bed,181,N1,False,0.506173985216581,1
20241106T230254 - 91bed,182,REM,True,0.38600480572553086,0
20241106T230254 - 91bed,183,REM,False,0.46132555386379637,0
20241106T230254 - 91bed,184,REM,True,0.3746490869288221,0
20241106T230254 - 91bed,185,REM,False,0.48030302469773534,0
20241106T230254 - 91bed,186,N1,False,0.4510535879031818,0
20241106T230254 - 91bed,187,REM,True,0.5715026535838514,1
20241106T230254 - 91bed,188,W,False,0.5106502613343508,1
20241106T230254 - 91bed,189,N1,True,0.43514810762231254,0
20241106T230254 - 91bed,190,N1,False,0.6078605568536353,1
20241106T230254 - 91bed,191,REM,True,0.4287637894729699,0
20241106T230254 - 91bed,192,W,False,0.38219344113574033,0
20241106T230254 - 91bed,193,REM,False,0.505930979566955,1
20241106T230254 - 91bed,194,REM,True,0.5201072469946977,1
20241106T230254 - 91bed,195,W,False,0.36089213589982194,0
20241106T230254 - 91bed,196,REM,True,0.4174850183434291,0
20241106T230254 - 91bed,197,REM,False,0.5235942955531625,1
20241106T230254 - 91bed,198,N1,True,0.510958083595656,1
20241106T230254 - 91bed,199,W,False,0.5015418447018274,1
20241106T230254 - 91bed,200,REM,True,0.5012711415562117,1
20241106T230254 - 91bed,201,REM,False,0.5278121863765398,1
20241106T230254 - 91bed,202,N1,True,0.5244507587432662,1
20241106T230254 - 91bed,203,N1,False,0.5720236431674954,1
20241106T230254 - 91bed,204,N1,False,0.47333551847221683,0
20241106T230254 - 91bed,205,REM,True,0.5297077297200312,1
20241106T230254 - 91bed,206,REM,False,0.44531534156464375,0
20241106T230254 - 91bed,207,REM,True,0.4231482195064171,0
20241106T230254 - 91bed,208,REM,False,0.5987356767674743,1
20241106T230254 - 91bed,209,REM,True,0.5085300793732536,1
20241106T230254 - 91bed,210,W,False,0.496982313425917,0
20241106T230254 - 91bed,211,REM,False,0.5514489821594315,1
20241106T230254 - 91bed,212,REM,True,0.3130051523767818,0
20241106T230254 - 91bed,213,W,False,0.4260116362689741,0
20241106T230254 - 91bed,214,REM,True,0.542154543452085,1
20241106T230254 - 91bed,215,REM,False,0.5239760810577622,1
20241106T230254 - 91bed,216,REM,False,0.42176696708949274,0
20241106T230254 - 91bed,217,REM,True,0.27647832885720836,0
20241106T230254 - 91bed,218,REM,False,0.27114117071836885,0
20241106T230254 - 91bed,219,N1,True,0.39349073357023273,0
20241106T230254 - 91bed,220,N1,True,0.3990237438226187,0
20241106T230254 - 91bed,221,N1,False,0.36961383995915825,0
20241106T230254 - 91bed,222,W,False,0.2448181175336028,0
20241106T230254 - 91bed,223,W,False,0.21290353284551583,0
20241106T230254 - 91bed,224,W,False,0.2380989963048061,0
20241106T230254 - 91bed,225,W,False,0.2697671896482298,0
20241106T230254 - 91bed,226,W,False,0.21632891153594103,0
20241106T230254 - 91bed,227,W,False,0.2694432101494257,0
20241106T230254 - 91bed,228,W,False,0.3351562665265211,0
20241106T230254 - 91bed,229,W,False,0.37738787049372663,0
20241106T230254 - 91bed,230,W,False,0.2723669532105592,0
20241106T230254 - 91bed,231,W,False,0.3002311961256709,0
20241106T230254 - 91bed,232,W,False,0.31682801810243505,0
20241106T230254 - 91bed,233,W,False,0.3151828175382502,0
20241106T230254 - 91bed,234,W,False,0.3192410479490225,0
20241106T230254 - 91bed,235,W,False,0.31994277506774266,0
20241106T230254 - 91bed,236,W,False,0.35026960751661496,0
20241106T230254 - 91bed,237,W,False,0.3361037136442488,0
20241106T230254 - 91bed,238,W,False,0.33723434754485454,0
20241106T230254 - 91bed,239,W,False,0.34328637997362405,0
20241106T230254 - 91bed,240,N1,True,0.4238858866050306,0
20241106T230254 - 91bed,241,N1,True,0.4695405436153569,0
20241106T230254 - 91bed,242,N1,False,0.38637513044654104,0
20241106T230254 - 91bed,243,W,True,0.386059123540484,0
20241106T230254 - 91bed,244,N1,True,0.3856064618869935,0
20241106T230254 - 91bed,245,N1,True,0.4070335669132901,0
20241106T230254 - 91bed,246,N1,False,0.3880446272023829,0
20241106T230254 - 91bed,247,N1,True,0.3996105485017708,0
20241106T230254 - 91bed,248,W,False,0.1929958497776017,0
20241106T230254 - 91bed,249,W,False,0.21719041828943417,0
20241106T230254 - 91bed,250,W,False,0.2241856169209998,0
20241106T230254 - 91bed,251,W,False,0.3468223605775678,0
20241106T230254 - 91bed,252,W,False,0.31979951701109377,0
20241106T230254 - 91bed,253,W,False,0.22122322617716506,0
20241106T230254 - 91bed,254,W,False,0.3660663634012288,0
20241106T230254 - 91bed,255,W,False,0.3029781854220678,0
20241106T230254 - 91bed,256,W,False,0.24325965031969357,0
20241106T230254 - 91bed,257,W,False,0.20186944372930937,0
20241106T230254 - 91bed,258,W,False,0.24399014128470684,0
20241106T230254 - 91bed,259,W,False,0.3595894324523211,0
20241106T230254 - 91bed,260,W,False,0.2912193433269605,0
20241106T230254 - 91bed,261,W,False,0.27232963809035166,0
20241106T230254 - 91bed,262,W,False,0.26665082227130904,0
20241106T230254 - 91bed,263,W,False,0.2773481356042861,0
20241106T230254 - 91bed,264,W,False,0.2995473676704219,0
20241106T230254 - 91bed,265,W,False,0.2725107370974048,0
20241106T230254 - 91bed,266,W,False,0.2538846809110892,0
20241106T230254 - 91bed,267,W,False,0.3047546949589572,0
20241106T230254 - 91bed,268,W,False,0.1951121348421212,0
20241106T230254 - 91bed,269,W,False,0.20817294958700672,0
20241106T230254 - 91bed,270,W,False,0.2812421809436982,0
20241106T230254 - 91bed,271,W,False,0.24468909234921402,0
20241106T230254 - 91bed,272,W,False,0.2730413196190053,0
20241106T230254 - 91bed,273,W,False,0.23390995826067473,0
20241106T230254 - 91bed,274,W,False,0.33348432954707713,0
20241106T230254 - 91bed,275,W,False,0.21757329291275362,0
20241106T230254 - 91bed,276,W,False,0.3381218115534962,0
20241106T230254 - 91bed,277,W,False,0.22790842801511768,0
20241106T230254 - 91bed,278,W,False,0.2567881414285281,0
20241106T230254 - 91bed,279,W,False,0.23059141882307677,0
20241106T230254 - 91bed,280,W,False,0.2371878586818758,0
20241106T230254 - 91bed,281,W,False,0.2588692392336765,0
20241106T230254 - 91bed,282,W,False,0.22775224357302867,0
20241106T230254 - 91bed,283,W,False,0.2153210555888447,0
20241106T230254 - 91bed,284,W,False,0.19151414065947145,0
20241106T230254 - 91bed,285,W,False,0.23548857251275984,0
20241106T230254 - 91bed,286,W,False,0.2720629250013202,0
20241106T230254 - 91bed,287,W,False,0.19284363144543978,0
20241106T230254 - 91bed,288,W,False,0.2314458278461671,0
20241106T230254 - 91bed,289,W,False,0.23073050368161493,0
20241106T230254 - 91bed,290,W,False,0.23723076737138693,0
20241106T230254 - 91bed,291,W,False,0.22238839918791176,0
20241106T230254 - 91bed,292,W,False,0.1873324899709792,0
20241106T230254 - 91bed,293,W,False,0.19505203084166203,0
20241106T230254 - 91bed,294,W,False,0.1756428634728948,0
20241106T230254 - 91bed,295,W,False,0.1939007427008621,0
20241106T230254 - 91bed,296,W,False,0.19984735513783122,0
20241106T230254 - 91bed,297,W,False,0.21793977392794364,0
20241106T230254 - 91bed,298,W,False,0.266921707075606,0
20241106T230254 - 91bed,299,W,False,0.1904126815043249,0
20241106T230254 - 91bed,300,W,False,0.19653532381335714,0
20241106T230254 - 91bed,301,W,False,0.19239631434394494,0
20241106T230254 - 91bed,302,W,False,0.23875847532281946,0
20241106T230254 - 91bed,303,W,False,0.2570601175350855,0
20241106T230254 - 91bed,304,W,False,0.2596215430028704,0
20241106T230254 - 91bed,305,W,False,0.23026198917791238,0
20241106T230254 - 91bed,306,W,False,0.32125383797773693,0
20241106T230254 - 91bed,307,W,False,0.26032017861477064,0
20241106T230254 - 91bed,308,W,False,0.26797546061301136,0
20241106T230254 - 91bed,309,W,False,0.20024312787504978,0
20241106T230254 - 91bed,310,W,False,0.19248069651160807,0
20241106T230254 - 91bed,311,W,False,0.29108158300941683,0
20241106T230254 - 91bed,312,W,False,0.252538795486837,0
20241106T230254 - 91bed,313,W,False,0.17250167814397496,0
20241106T230254 - 91bed,314,W,False,0.18061247624972376,0
20241106T230254 - 91bed,315,W,False,0.22233497027674295,0
20241106T230254 - 91bed,316,W,False,0.26063264795503066,0
20241106T230254 - 91bed,317,W,False,0.29121130123155026,0
20241106T230254 - 91bed,318,W,False,0.32181362110773576,0
20241106T230254 - 91bed,319,W,False,0.2553656975710162,0
20241106T230254 - 91bed,320,W,False,0.27682123606031195,0
20241106T230254 - 91bed,321,W,False,0.27978168175799656,0
20241106T230254 - 91bed,322,W,False,0.26467288977543246,0
20241106T230254 - 91bed,323,W,False,0.3046818564020071,0
20241106T230254 - 91bed,324,W,False,0.24608806534753655,0
20241106T230254 - 91bed,325,W,False,0.41046476606017157,0
20241106T230254 - 91bed,326,W,False,0.22184619219178106,0
20241106T230254 - 91bed,327,W,False,0.30992666203016905,0
20241106T230254 - 91bed,328,W,False,0.260817253207985,0
20241106T230254 - 91bed,329,W,False,0.2083931573038166,0
20241106T230254 - 91bed,330,W,False,0.2304648165764498,0
20241106T230254 - 91bed,331,W,False,0.21227293210555362,0
20241106T230254 - 91bed,332,W,False,0.1571043217357328,0
20241106T230254 - 91bed,333,W,False,0.23833498686151328,0
20241106T230254 - 91bed,334,W,False,0.2552893867374585,0
20241106T230254 - 91bed,335,W,False,0.24674841837831626,0
20241106T230254 - 91bed,336,W,False,0.1645980581174548,0
20241106T230254 - 91bed,337,W,False,0.24057227437386752,0
20241106T230254 - 91bed,338,W,False,0.23400053369662463,0
20241106T230254 - 91bed,339,W,False,0.2592425031041304,0
20241106T230254 - 91bed,340,W,False,0.27214597938206675,0
20241106T230254 - 91bed,341,W,False,0.2208367303051548,0
20241106T230254 - 91bed,342,W,False,0.24394628340649366,0
20241106T230254 - 91bed,343,W,False,0.33541408201123635,0
20241106T230254 - 91bed,344,W,False,0.26517662153657534,0
20241106T230254 - 91bed,345,W,False,0.2631030269172383,0
20241106T230254 - 91bed,346,W,False,0.320533853744641,0
20241106T230254 - 91bed,347,W,False,0.3689495118850639,0
20241106T230254 - 91bed,348,W,False,0.30899065923602137,0
20241106T230254 - 91bed,349,W,False,0.3324110523913247,0
20241106T230254 - 91bed,350,W,False,0.2074358364884844,0
20241106T230254 - 91bed,351,W,False,0.29996402373555725,0
20241106T230254 - 91bed,352,W,False,0.3645613223839591,0
20241106T230254 - 91bed,353,W,False,0.29915591414488274,0
20241106T230254 - 91bed,354,W,False,0.30031558681838455,0
20241106T230254 - 91bed,355,W,False,0.32139148135198503,0
20241106T230254 - 91bed,356,W,False,0.45256875107492356,0
20241106T230254 - 91bed,357,W,True,0.379800256523782,0
20241106T230254 - 91bed,358,N1,False,0.459077892171733,0
20241106T230254 - 91bed,359,N1,True,0.43099272485216134,0
20241106T230254 - 91bed,360,N1,True,0.4145226214661205,0
20241106T230254 - 91bed,361,N1,False,0.41544219000321947,0
20241106T230254 - 91bed,362,N1,True,0.4676247113023972,0
20241106T230254 - 91bed,363,N1,True,0.41174975088244137,0
20241106T230254 - 91bed,364,N1,False,0.4069348708296371,0
20241106T230254 - 91bed,365,N1,True,0.4140393371174084,0
20241106T230254 - 91bed,366,N1,True,0.45345045651044963,0
20241106T230254 - 91bed,367,N1,False,0.44889483649189676,0
20241106T230254 - 91bed,368,N1,True,0.4579422578124733,0
20241106T230254 - 91bed,369,W,True,0.3903705577302322,0
20241106T230254 - 91bed,370,N1,True,0.4688701554449725,0
20241106T230254 - 91bed,371,N1,False,0.4674403973048601,0
20241106T230254 - 91bed,372,N1,False,0.3152761469820947,0
20241106T230254 - 91bed,373,N1,True,0.34508974149147775,0
20241106T230254 - 91bed,374,N1,True,0.37597534237815117,0
20241106T230254 - 91bed,375,N1,False,0.4126313771322878,0
20241106T230254 - 91bed,376,N1,True,0.5109325129911914,1
20241106T230254 - 91bed,377,N1,False,0.4096966855954791,0
20241106T230254 - 91bed,378,N1,False,0.4007548163217048,0
20241106T230254 - 91bed,379,N2,False,0.424386168274997,0
20241106T230254 - 91bed,380,N2,False,0.48523320849166995,0
20241106T230254 - 91bed,381,N2,True,0.42269518670326944,0
20241106T230254 - 91bed,382,N2,True,0.3601415864873418,0
20241106T230254 - 91bed,383,N1,False,0.3324227633000267,0
20241106T230254 - 91bed,384,N1,False,0.3666577950466048,0
20241106T230254 - 91bed,385,N2,False,0.3467682320309613,0
20241106T230254 - 91bed,386,N2,True,0.4117729347447159,0
20241106T230254 - 91bed,387,W,True,0.4025319606840859,0
20241106T230254 - 91bed,388,N1,True,0.4598393689139537,0
20241106T230254 - 91bed,389,N1,False,0.4509238969018722,0
20241106T230254 - 91bed,390,N1,False,0.3961452143372426,0
20241106T230254 - 91bed,391,N1,False,0.43270767290406714,0
20241106T230254 - 91bed,392,N1,True,0.4251302283158223,0
20241106T230254 - 91bed,393,N1,False,0.4043454107405229,0
20241106T230254 - 91bed,394,N1,True,0.4396052140028421,0
20241106T230254 - 91bed,395,N1,False,0.3735947674217393,0
20241106T230254 - 91bed,396,N1,False,0.3513985378155064,0
20241106T230254 - 91bed,397,N1,False,0.35449145038637453,0
20241106T230254 - 91bed,398,N1,False,0.3487088152460966,0
20241106T230254 - 91bed,399,N2,False,0.413215652082301,0
20241106T230254 - 91bed,400,N2,False,0.35007799548512225,0
20241106T230254 - 91bed,401,N2,False,0.44305612310002834,0
20241106T230254 - 91bed,402,N2,False,0.4077141911844055,0
20241106T230254 - 91bed,403,N2,False,0.39131490836115346,0
20241106T230254 - 91bed,404,N2,False,0.39547549166284207,0
20241106T230254 - 91bed,405,N2,False,0.4029521750392832,0
20241106T230254 - 91bed,406,N2,False,0.4188243579066835,0
20241106T230254 - 91bed,407,N2,False,0.44647557864669485,0
20241106T230254 - 91bed,408,N2,False,0.42232274229677613,0
20241106T230254 - 91bed,409,N2,False,0.5131352849189406,1
20241106T230254 - 91bed,410,N2,False,0.41670429743444254,0
20241106T230254 - 91bed,411,N2,False,0.4425348692184861,0
20241106T230254 - 91bed,412,N2,False,0.4589125657419774,0
20241106T230254 - 91bed,413,N2,False,0.3532077421723242,0
20241106T230254 - 91bed,414,N2,True,0.36786761055766887,0
20241106T230254 - 91bed,415,N2,True,0.3611511149019067,0
20241106T230254 - 91bed,416,N1,False,0.5099806412592754,1
20241106T230254 - 91bed,417,N1,False,0.48598268223955693,0
20241106T230254 - 91bed,418,N1,True,0.42793480768568254,0
20241106T230254 - 91bed,419,N1,False,0.2820622590460095,0
20241106T230254 - 91bed,420,N1,True,0.3476184443892996,0
20241106T230254 - 91bed,421,N1,False,0.3345961346719784,0
20241106T230254 - 91bed,422,N1,True,0.4622140776363965,0
20241106T230254 - 91bed,423,N1,False,0.4758881511645474,0
20241106T230254 - 91bed,424,W,True,0.30373861886656145,0
20241106T230254 - 91bed,425,N1,True,0.40734473276120425,0
20241106T230254 - 91bed,426,N1,False,0.372679604239336,0
20241106T230254 - 91bed,427,N1,False,0.3973357310593755,0
20241106T230254 - 91bed,428,N1,True,0.38692900837469474,0
20241106T230254 - 91bed,429,N2,False,0.35943104267048054,0
20241106T230254 - 91bed,430,W,False,0.3694304250679847,0
20241106T230254 - 91bed,431,W,False,0.5251181138368612,1
20241106T230254 - 91bed,432,W,False,0.35573789700670955,0
20241106T230254 - 91bed,433,W,True,0.3574113041131857,0
20241106T230254 - 91bed,434,N1,False,0.4810081187212685,0
20241106T230254 - 91bed,435,N1,False,0.43341939298059695,0
20241106T230254 - 91bed,436,N1,False,0.45414475325050985,0
20241106T230254 - 91bed,437,N1,True,0.375358284513648,0
20241106T230254 - 91bed,438,N1,True,0.39301165311176994,0
20241106T230254 - 91bed,439,N1,False,0.3227729029389122,0
20241106T230254 - 91bed,440,N1,True,0.3663637941107871,0
20241106T230254 - 91bed,441,N1,False,0.41607750762548074,0
20241106T230254 - 91bed,442,N1,False,0.41777099405173324,0
20241106T230254 - 91bed,443,N1,False,0.37380246610337436,0
20241106T230254 - 91bed,444,N1,True,0.5065168912470088,1
20241106T230254 - 91bed,445,N1,False,0.5835652561967791,1
20241106T230254 - 91bed,446,N1,True,0.5251372716108147,1
20241106T230254 - 91bed,447,N2,True,0.5030083091937214,1
20241106T230254 - 91bed,448,N1,False,0.49000331548627274,0
20241106T230254 - 91bed,449,N1,False,0.43697773441934756,0
20241106T230254 - 91bed,450,N2,False,0.45653798083772157,0
20241106T230254 - 91bed,451,REM,True,0.4974100242457314,0
20241106T230254 - 91bed,452,W,True,0.5155755607797637,1
20241106T230254 - 91bed,453,N1,True,0.5228199698519365,1
20241106T230254 - 91bed,454,N1,True,0.4339258118769694,0
20241106T230254 - 91bed,455,N1,False,0.4496089035444827,0
20241106T230254 - 91bed,456,N1,False,0.5185282083958764,1
20241106T230254 - 91bed,457,REM,True,0.399037561872429,0
20241106T230254 - 91bed,458,W,False,0.301982910045875,0
20241106T230254 - 91bed,459,N1,True,0.49112195086952176,0
20241106T230254 - 91bed,460,N1,True,0.427919469596228,0
20241106T230254 - 91bed,461,N1,False,0.4474526715747807,0
20241106T230254 - 91bed,462,REM,True,0.33764248324588786,0
20241106T230254 - 91bed,463,W,False,0.3658974646479576,0
20241106T230254 - 91bed,464,N1,True,0.46180389443840625,0
20241106T230254 - 91bed,465,N1,False,0.5172086634539688,1
20241106T230254 - 91bed,466,N1,True,0.4810612154663571,0
20241106T230254 - 91bed,467,W,False,0.43423405416142846,0
20241106T230254 - 91bed,468,N1,True,0.3812334131463142,0
20241106T230254 - 91bed,469,N1,False,0.40812543030064186,0
20241106T230254 - 91bed,470,REM,False,0.2525132495094466,0
20241106T230254 - 91bed,471,REM,True,0.32383112192606206,0
20241106T230254 - 91bed,472,REM,False,0.3573056608158962,0
20241106T230254 - 91bed,473,W,False,0.3099959114234434,0
20241106T230254 - 91bed,474,W,False,0.3712566196686534,0
20241106T230254 - 91bed,475,W,False,0.37055117098354706,0
20241106T230254 - 91bed,476,W,False,0.38355040545751207,0
20241106T230254 - 91bed,477,W,False,0.3056180848206098,0
20241106T230254 - 91bed,478,W,False,0.34541260863077156,0
20241106T230254 - 91bed,479,W,False,0.30318079603668835,0
20241106T230254 - 91bed,480,W,False,0.22323552135616379,0
20241106T230254 - 91bed,481,W,False,0.22835475536916544,0
20241106T230254 - 91bed,482,W,False,0.20615816051897615,0
20241106T230254 - 91bed,483,W,False,0.22543570386977912,0
20241106T230254 - 91bed,484,W,False,0.41158754647327483,0
20241106T230254 - 91bed,485,W,False,0.22846869965712344,0
20241106T230254 - 91bed,486,W,False,0.2393765746210234,0
20241106T230254 - 91bed,487,W,False,0.3667193942237797,0
20241106T230254 - 91bed,488,W,False,0.29005382651371064,0
20241106T230254 - 91bed,489,W,False,0.297373083812493,0
20241106T230254 - 91bed,490,W,False,0.29287915175664336,0
20241106T230254 - 91bed,491,W,False,0.27163126399746623,0
20241106T230254 - 91bed,492,W,False,0.3222040220568145,0
20241106T230254 - 91bed,493,W,False,0.3152385394976911,0
20241106T230254 - 91bed,494,W,False,0.29565528775896455,0
20241106T230254 - 91bed,495,W,False,0.28623812932961956,0
20241106T230254 - 91bed,496,W,False,0.3387045923577228,0
20241106T230254 - 91bed,497,W,False,0.31395087804382027,0
20241106T230254 - 91bed,498,W,False,0.2570415636022449,0
20241106T230254 - 91bed,499,W,False,0.28490602467825293,0
20241106T230254 - 91bed,500,W,False,0.2102392813479184,0
20241106T230254 - 91bed,501,W,False,0.22212744754890756,0
20241106T230254 - 91bed,502,W,False,0.321495860855672,0
20241106T230254 - 91bed,503,W,False,0.2760472442894303,0
20241106T230254 - 91bed,504,W,False,0.32885297200528607,0
20241106T230254 - 91bed,505,W,False,0.26386477349589205,0
20241106T230254 - 91bed,506,W,False,0.23179739430315405,0
20241106T230254 - 91bed,507,W,False,0.3635498514705215,0
20241106T230254 - 91bed,508,W,False,0.37294106072218236,0
20241106T230254 - 91bed,509,W,False,0.3281460571279121,0
20241106T230254 - 91bed,510,W,False,0.22227475806627747,0
20241106T230254 - 91bed,511,W,False,0.21934696431814604,0
20241106T230254 - 91bed,512,W,False,0.22329900522070878,0
20241106T230254 - 91bed,513,W,False,0.2466742435544755,0
20241106T230254 - 91bed,514,W,False,0.1979321267256034,0
20241106T230254 - 91bed,515,W,False,0.22132126392090265,0
20241106T230254 - 91bed,516,W,False,0.16947400446241778,0
20241106T230254 - 91bed,517,W,False,0.2588242404176009,0
20241106T230254 - 91bed,518,W,False,0.3063915371219416,0
20241106T230254 - 91bed,519,W,False,0.29634161946629106,0
20241106T230254 - 91bed,520,W,False,0.22114545151494924,0
20241106T230254 - 91bed,521,W,False,0.24805370297596888,0
20241106T230254 - 91bed,522,W,False,0.22537600719393328,0
20241106T230254 - 91bed,523,W,False,0.2924218315328098,0
20241106T230254 - 91bed,524,W,False,0.35435158181807475,0
20241106T230254 - 91bed,525,W,False,0.22089455976805578,0
20241106T230254 - 91bed,526,W,False,0.2734901438000772,0
20241106T230254 - 91bed,527,W,False,0.25178267221042644,0
20241106T230254 - 91bed,528,W,False,0.21939434317774753,0
20241106T230254 - 91bed,529,W,False,0.3716217400945755,0
20241106T230254 - 91bed,530,W,False,0.3562090333290022,0
20241106T230254 - 91bed,531,W,False,0.280745436334577,0
20241106T230254 - 91bed,532,W,False,0.2979076573905783,0
20241106T230254 - 91bed,533,W,False,0.20438201199543557,0
20241106T230254 - 91bed,534,W,False,0.2965361909604465,0
20241106T230254 - 91bed,535,W,False,0.2602621010781487,0
20241106T230254 - 91bed,536,W,False,0.20509706176043882,0
20241106T230254 - 91bed,537,W,False,0.3900806715663452,0
20241106T230254 - 91bed,538,W,False,0.3413610649901615,0
20241106T230254 - 91bed,539,W,False,0.22171597653957512,0
20241106T230254 - 91bed,540,W,False,0.25239802213630713,0
20241106T230254 - 91bed,541,W,False,0.374973020270616,0
20241106T230254 - 91bed,542,W,False,0.35953240176196843,0
20241106T230254 - 91bed,543,W,False,0.29956615699964056,0
20241106T230254 - 91bed,544,W,False,0.2633240064224588,0
20241106T230254 - 91bed,545,W,False,0.22371747498827488,0
20241106T230254 - 91bed,546,W,False,0.30500719775599533,0
20241106T230254 - 91bed,547,W,False,0.30646163803123877,0
20241106T230254 - 91bed,548,W,False,0.29076163429200125,0
20241106T230254 - 91bed,549,W,False,0.34756212737508946,0
20241106T230254 - 91bed,550,W,False,0.3092774244666866,0
20241106T230254 - 91bed,551,W,False,0.2831773390868765,0
20241106T230254 - 91bed,552,W,False,0.2857323590011581,0
20241106T230254 - 91bed,553,W,False,0.3695430833702455,0
20241106T230254 - 91bed,554,W,False,0.3215023106250311,0
20241106T230254 - 91bed,555,W,False,0.2825603110856689,0
20241106T230254 - 91bed,556,W,False,0.3622466531808892,0
20241106T230254 - 91bed,557,W,False,0.2534334524002589,0
20241106T230254 - 91bed,558,W,False,0.2314713381383658,0
20241106T230254 - 91bed,559,W,False,0.25662341578307746,0
20241106T230254 - 91bed,560,W,False,0.25274031490724125,0
20241106T230254 - 91bed,561,W,False,0.26988992192292793,0
20241106T230254 - 91bed,562,W,False,0.2722505676364684,0
20241106T230254 - 91bed,563,W,False,0.29813351526730747,0
20241106T230254 - 91bed,564,W,False,0.34755112022351425,0
20241106T230254 - 91bed,565,W,False,0.2191981011315073,0
20241106T230254 - 91bed,566,W,False,0.28779443142864847,0
20241106T230254 - 91bed,567,W,False,0.29813045251617126,0
20241106T230254 - 91bed,568,W,False,0.3089255039298993,0
20241106T230254 - 91bed,569,W,False,0.2811784671042821,0
20241106T230254 - 91bed,570,W,False,0.2802073302793494,0
20241106T230254 - 91bed,571,W,False,0.31677463380451387,0
20241106T230254 - 91bed,572,W,False,0.27954011261750866,0
20241106T230254 - 91bed,573,W,False,0.32681339417040767,0
20241106T230254 - 91bed,574,W,False,0.2571133318673786,0
20241106T230254 - 91bed,575,W,False,0.2948524225256169,0
20241106T230254 - 91bed,576,W,False,0.33013858754906067,0
20241106T230254 - 91bed,577,W,False,0.33487818640477807,0
20241106T230254 - 91bed,578,W,False,0.31360951607780774,0
20241106T230254 - 91bed,579,W,False,0.25094063793544746,0
20241106T230254 - 91bed,580,W,False,0.22156388811957076,0
20241106T230254 - 91bed,581,W,False,0.3084372706401052,0
20241106T230254 - 91bed,582,W,False,0.31875933631498027,0
20241106T230254 - 91bed,583,W,False,0.30998321285749486,0
20241106T230254 - 91bed,584,W,False,0.2558663854485236,0
20241106T230254 - 91bed,585,W,False,0.30914487510604227,0
20241106T230254 - 91bed,586,W,False,0.29241681969741085,0
20241106T230254 - 91bed,587,W,False,0.2053333563739347,0
20241106T230254 - 91bed,588,W,False,0.27999036013450856,0
20241106T230254 - 91bed,589,W,False,0.31278512300278055,0
20241106T230254 - 91bed,590,W,False,0.3831607274030512,0
20241106T230254 - 91bed,591,W,False,0.253529843400624,0
20241106T230254 - 91bed,592,W,False,0.1896615020633473,0
20241106T230254 - 91bed,593,W,False,0.2502408584646403,0
20241106T230254 - 91bed,594,W,False,0.2574111646922726,0
20241106T230254 - 91bed,595,W,False,0.289646511021852,0
20241106T230254 - 91bed,596,W,False,0.2811362254498499,0
20241106T230254 - 91bed,597,W,False,0.24061315817848847,0
20241106T230254 - 91bed,598,W,False,0.37215478952597003,0
20241106T230254 - 91bed,599,W,False,0.3202250514045102,0
20241106T230254 - 91bed,600,W,False,0.232886841151538,0
20241106T230254 - 91bed,601,W,False,0.21675775710894718,0
20241106T230254 - 91bed,602,W,False,0.33504269227482836,0
20241106T230254 - 91bed,603,W,False,0.2738931437647925,0
20241106T230254 - 91bed,604,W,False,0.3803758716654325,0
20241106T230254 - 91bed,605,W,False,0.3464036895129986,0
20241106T230254 - 91bed,606,W,False,0.36397169340379976,0
20241106T230254 - 91bed,607,W,False,0.33431451180478855,0
20241106T230254 - 91bed,608,W,False,0.34791177523213745,0
20241106T230254 - 91bed,609,W,False,0.32928975093988233,0
20241106T230254 - 91bed,610,W,False,0.2335378738628156,0
20241106T230254 - 91bed,611,W,False,0.32226029696634195,0
20241106T230254 - 91bed,612,W,False,0.3425882092836232,0
20241106T230254 - 91bed,613,W,False,0.33268780090744293,0
20241106T230254 - 91bed,614,W,False,0.3445844382861046,0
20241106T230254 - 91bed,615,W,False,0.36112216810286796,0
20241106T230254 - 91bed,616,W,False,0.3292306160407478,0
20241106T230254 - 91bed,617,W,False,0.3357797995826893,0
20241106T230254 - 91bed,618,W,False,0.2951033756625769,0
20241106T230254 - 91bed,619,W,False,0.3566387332548494,0
20241106T230254 - 91bed,620,W,False,0.3959163917330769,0
20241106T230254 - 91bed,621,W,False,0.3770352203521606,0
20241106T230254 - 91bed,622,W,True,0.38658722527866196,0
20241106T230254 - 91bed,623,N1,False,0.4445013952497731,0
20241106T230254 - 91bed,624,W,True,0.3572822087541829,0
20241106T230254 - 91bed,625,N1,True,0.46323343612588347,0
20241106T230254 - 91bed,626,N1,False,0.524969170615803,1
20241106T230254 - 91bed,627,N1,True,0.4048321914399131,0
20241106T230254 - 91bed,628,W,False,0.3589109811317983,0
20241106T230254 - 91bed,629,N1,True,0.4693325809923375,0
20241106T230254 - 91bed,630,N1,False,0.42200800178207404,0
20241106T230254 - 91bed,631,N1,True,0.431495577395599,0
20241106T230254 - 91bed,632,N1,True,0.4311181365015614,0
20241106T230254 - 91bed,633,N1,False,0.3501512568129743,0
20241106T230254 - 91bed,634,N1,False,0.3637733448961107,0
20241106T230254 - 91bed,635,N1,True,0.44499429604465446,0
20241106T230254 - 91bed,636,N1,False,0.4159355062424317,0
20241106T230254 - 91bed,637,W,False,0.30771604023724547,0
20241106T230254 - 91bed,638,N1,True,0.5562611425538714,1
20241106T230254 - 91bed,639,N1,True,0.530302036167766,1
20241106T230254 - 91bed,640,N1,False,0.534052725127265,1
20241106T230254 - 91bed,641,N1,True,0.39027626650393665,0
20241106T230254 - 91bed,642,N1,False,0.43065659146192625,0
20241106T230254 - 91bed,643,N1,False,0.5106096747956534,1
20241106T230254 - 91bed,644,N1,True,0.4768337743705952,0
20241106T230254 - 91bed,645,N2,False,0.43354005172474513,0
20241106T230254 - 91bed,646,W,False,0.3973652691789886,0
20241106T230254 - 91bed,647,W,False,0.40763468409197523,0
20241106T230254 - 91bed,648,N1,True,0.46585998395804523,0
20241106T230254 - 91bed,649,N1,True,0.4527238778305957,0
20241106T230254 - 91bed,650,N1,True,0.5536799109908045,1
20241106T230254 - 91bed,651,N1,False,0.4542060266144033,0
20241106T230254 - 91bed,652,N2,False,0.4763648245183748,0
20241106T230254 - 91bed,653,N2,False,0.4992528143936571,0
20241106T230254 - 91bed,654,N2,False,0.3764161976757658,0
20241106T230254 - 91bed,655,N2,True,0.4517535386722422,0
20241106T230254 - 91bed,656,N1,True,0.42116664604839327,0
20241106T230254 - 91bed,657,N2,False,0.3778141708975059,0
20241106T230254 - 91bed,658,N1,False,0.4216770417825936,0
20241106T230254 - 91bed,659,N2,True,0.4555685125290131,0
20241106T230254 - 91bed,660,N1,False,0.43953088211475305,0
20241106T230254 - 91bed,661,N1,False,0.40477513879098626,0
20241106T230254 - 91bed,662,N1,True,0.5157680824250095,1
20241106T230254 - 91bed,663,N1,False,0.450992558939062,0
20241106T230254 - 91bed,664,N1,False,0.5107393075641334,1
20241106T230254 - 91bed,665,N2,True,0.46146388065749333,0
20241106T230254 - 91bed,666,N2,False,0.30530404232349545,0
20241106T230254 - 91bed,667,N1,True,0.4126453354283295,0
20241106T230254 - 91bed,668,N1,True,0.38052675887815873,0
20241106T230254 - 91bed,669,N1,False,0.3820454727584828,0
20241106T230254 - 91bed,670,N1,True,0.3954980764435006,0
20241106T230254 - 91bed,671,N1,False,0.43746742316011067,0
20241106T230254 - 91bed,672,N1,True,0.43466930330133347,0
20241106T230254 - 91bed,673,N1,False,0.38567519824079016,0
20241106T230254 - 91bed,674,N2,False,0.3577082293713714,0
20241106T230254 - 91bed,675,N2,False,0.3679459601806425,0
20241106T230254 - 91bed,676,N2,False,0.4118149963470905,0
20241106T230254 - 91bed,677,N2,False,0.4493837000202801,0
20241106T230254 - 91bed,678,N2,False,0.37230452478314857,0
20241106T230254 - 91bed,679,N2,False,0.3558447717248309,0
20241106T230254 - 91bed,680,N2,False,0.36228648077785963,0
20241106T230254 - 91bed,681,N2,True,0.4171729627475361,0
20241106T230254 - 91bed,682,N2,True,0.4331502146243569,0
20241106T230254 - 91bed,683,N1,True,0.5494104366841367,1
20241106T230254 - 91bed,684,W,False,0.36157298789220144,0
20241106T230254 - 91bed,685,N1,False,0.5301130314987113,1
20241106T230254 - 91bed,686,N1,False,0.44413415308970017,0
20241106T230254 - 91bed,687,N1,True,0.4372909904637317,0
20241106T230254 - 91bed,688,W,True,0.350298828798033,0
20241106T230254 - 91bed,689,N1,False,0.4107784886696351,0
20241106T230254 - 91bed,690,W,False,0.3529570859233261,0
20241106T230254 - 91bed,691,W,False,0.31709574888845427,0
20241106T230254 - 91bed,692,W,False,0.36261767924209587,0
20241106T230254 - 91bed,693,W,False,0.39036708207181936,0
20241106T230254 - 91bed,694,W,False,0.3929677536989748,0
20241106T230254 - 91bed,695,W,False,0.35557015338159537,0
20241106T230254 - 91bed,696,W,False,0.2825765485631594,0
20241106T230254 - 91bed,697,W,False,0.2835937713068757,0
20241106T230254 - 91bed,698,W,False,0.3375018775469528,0
20241106T230254 - 91bed,699,W,False,0.38106239525410907,0
20241106T230254 - 91bed,700,W,False,0.29178807272266577,0
20241106T230254 - 91bed,701,W,False,0.3533968112506096,0
20241106T230254 - 91bed,702,W,False,0.3974897819896151,0
20241106T230254 - 91bed,703,W,False,0.25366250227282205,0
20241106T230254 - 91bed,704,W,False,0.2859522854379539,0
20241106T230254 - 91bed,705,W,False,0.29647130344461936,0
20241106T230254 - 91bed,706,W,False,0.2670749571257509,0
20241106T230254 - 91bed,707,W,False,0.3057119322350579,0
20241106T230254 - 91bed,708,W,False,0.28526237063379234,0
20241106T230254 - 91bed,709,W,False,0.2578848297051013,0
20241106T230254 - 91bed,710,W,False,0.2611529026692933,0
20241106T230254 - 91bed,711,W,False,0.2600240381171762,0
20241106T230254 - 91bed,712,W,False,0.2666131337064547,0
20241106T230254 - 91bed,713,W,False,0.2988330572469684,0
20241106T230254 - 91bed,714,W,False,0.22037135071213915,0
20241106T230254 - 91bed,715,W,False,0.21460744221532757,0
20241219T232019 - 9bbc3,0,W,False,0.28119418643878313,0
20241219T232019 - 9bbc3,1,W,False,0.24712565917471893,0
20241219T232019 - 9bbc3,2,W,False,0.2617324791577704,0
20241219T232019 - 9bbc3,3,W,False,0.20560753309477878,0
20241219T232019 - 9bbc3,4,W,False,0.19981232829617085,0
20241219T232019 - 9bbc3,5,W,False,0.21592749864701058,0
20241219T232019 - 9bbc3,6,W,False,0.1493846914206642,0
20241219T232019 - 9bbc3,7,W,False,0.1651926724850035,0
20241219T232019 - 9bbc3,8,W,False,0.2213212734249626,0
20241219T232019 - 9bbc3,9,W,False,0.12954588473998258,0
20241219T232019 - 9bbc3,10,W,False,0.29079518769898555,0
20241219T232019 - 9bbc3,11,W,False,0.21975160473040958,0
20241219T232019 - 9bbc3,12,W,False,0.22461066224732043,0
20241219T232019 - 9bbc3,13,W,False,0.1641418342542285,0
20241219T232019 - 9bbc3,14,W,False,0.16906893506906914,0
20241219T232019 - 9bbc3,15,W,False,0.2200808973329951,0
20241219T232019 - 9bbc3,16,W,False,0.19458476869737304,0
20241219T232019 - 9bbc3,17,W,False,0.17109903278626862,0
20241219T232019 - 9bbc3,18,W,False,0.1654190486071004,0
20241219T232019 - 9bbc3,19,W,False,0.18687928450947805,0
20241219T232019 - 9bbc3,20,W,False,0.16334326981199657,0
20241219T232019 - 9bbc3,21,W,False,0.23752721389199674,0
20241219T232019 - 9bbc3,22,W,False,0.1644771745251188,0
20241219T232019 - 9bbc3,23,W,False,0.16422474407596416,0
20241219T232019 - 9bbc3,24,W,False,0.12114689536867049,0
20241219T232019 - 9bbc3,25,W,False,0.166396887253754,0
20241219T232019 - 9bbc3,26,W,False,0.1478188877778026,0
20241219T232019 - 9bbc3,27,W,False,0.2170356900542211,0
20241219T232019 - 9bbc3,28,W,False,0.17179220003354564,0
20241219T232019 - 9bbc3,29,W,False,0.14684874186082683,0
20241219T232019 - 9bbc3,30,W,False,0.21522439222562192,0
20241219T232019 - 9bbc3,31,W,False,0.17514616303690772,0
20241219T232019 - 9bbc3,32,W,False,0.14988703857387076,0
20241219T232019 - 9bbc3,33,W,False,0.1584005344820407,0
20241219T232019 - 9bbc3,34,W,False,0.14230876883244084,0
20241219T232019 - 9bbc3,35,W,False,0.151475370379907,0
20241219T232019 - 9bbc3,36,W,False,0.16471474216931764,0
20241219T232019 - 9bbc3,37,W,False,0.15693342090416323,0
20241219T232019 - 9bbc3,38,W,False,0.1443507874640427,0
20241219T232019 - 9bbc3,39,W,False,0.1598039381591675,0
20241219T232019 - 9bbc3,40,W,False,0.12217679646350685,0
20241219T232019 - 9bbc3,41,W,False,0.1429950511042658,0
20241219T232019 - 9bbc3,42,W,False,0.16615243563541982,0
20241219T232019 - 9bbc3,43,W,False,0.2584556698826148,0
20241219T232019 - 9bbc3,44,W,False,0.28714053851061466,0
20241219T232019 - 9bbc3,45,W,False,0.25574995645814225,0
20241219T232019 - 9bbc3,46,W,False,0.228434519435977,0
20241219T232019 - 9bbc3,47,W,False,0.16938082224733214,0
20241219T232019 - 9bbc3,48,W,False,0.1597281322973509,0
20241219T232019 - 9bbc3,49,W,False,0.15640344515312798,0
20241219T232019 - 9bbc3,50,W,False,0.20746851690518792,0
20241219T232019 - 9bbc3,51,W,False,0.23660172283186473,0
20241219T232019 - 9bbc3,52,W,False,0.21709275622449253,0
20241219T232019 - 9bbc3,53,W,False,0.2079153349534798,0
20241219T232019 - 9bbc3,54,W,False,0.18507554897207737,0
20241219T232019 - 9bbc3,55,W,False,0.22619836118530134,0
20241219T232019 - 9bbc3,56,W,False,0.2193353779602014,0
20241219T232019 - 9bbc3,57,W,False,0.251415631377944,0
20241219T232019 - 9bbc3,58,W,False,0.23625750365456313,0
20241219T232019 - 9bbc3,59,W,False,0.18256950360688173,0
20241219T232019 - 9bbc3,60,W,False,0.14034831244859747,0
20241219T232019 - 9bbc3,61,W,False,0.11863695568265956,0
20241219T232019 - 9bbc3,62,W,False,0.08847393674734207,0
20241219T232019 - 9bbc3,63,W,False,0.16533809681129366,0
20241219T232019 - 9bbc3,64,W,False,0.07735305937276189,0
20241219T232019 - 9bbc3,65,W,False,0.12703105633420284,0
20241219T232019 - 9bbc3,66,W,False,0.19403013610992556,0
20241219T232019 - 9bbc3,67,W,False,0.08218827922479065,0
20241219T232019 - 9bbc3,68,W,False,0.11616132273932045,0
20241219T232019 - 9bbc3,69,W,False,0.07535356740753374,0
20241219T232019 - 9bbc3,70,W,False,0.12219754356995537,0
20241219T232019 - 9bbc3,71,W,False,0.10633675859247087,0
20241219T232019 - 9bbc3,72,W,False,0.16452257811892207,0
20241219T232019 - 9bbc3,73,W,False,0.11833200899677677,0
20241219T232019 - 9bbc3,74,W,False,0.11278454485436046,0
20241219T232019 - 9bbc3,75,W,False,0.1588913194338161,0
20241219T232019 - 9bbc3,76,W,False,0.10784082785328203,0
20241219T232019 - 9bbc3,77,W,False,0.16139755516098386,0
20241219T232019 - 9bbc3,78,W,False,0.11316604587578935,0
20241219T232019 - 9bbc3,79,W,False,0.14668158142448348,0
20241219T232019 - 9bbc3,80,W,False,0.12902959145840573,0
20241219T232019 - 9bbc3,81,W,False,0.1646430390159535,0
20241219T232019 - 9bbc3,82,W,False,0.218185041137599,0
20241219T232019 - 9bbc3,83,W,False,0.19006627910784796,0
20241219T232019 - 9bbc3,84,W,False,0.274391372787977,0
20241219T232019 - 9bbc3,85,W,False,0.15554632182328193,0
20241219T232019 - 9bbc3,86,W,False,0.12420936797157488,0
20241219T232019 - 9bbc3,87,W,False,0.1146139764242169,0
20241219T232019 - 9bbc3,88,W,False,0.17352926544614586,0
20241219T232019 - 9bbc3,89,W,False,0.10520083325461713,0
20241219T232019 - 9bbc3,90,W,False,0.13627661316194759,0
20241219T232019 - 9bbc3,91,W,False,0.15030372107042356,0
20241219T232019 - 9bbc3,92,W,False,0.14092217404635515,0
20241219T232019 - 9bbc3,93,W,False,0.12198561658857435,0
20241219T232019 - 9bbc3,94,W,False,0.10637934748018249,0
20241219T232019 - 9bbc3,95,W,False,0.14500250788804844,0
20241219T232019 - 9bbc3,96,W,False,0.11095680688904862,0
20241219T232019 - 9bbc3,97,W,False,0.11149325871813684,0
20241219T232019 - 9bbc3,98,W,False,0.11881864688223079,0
20241219T232019 - 9bbc3,99,W,False,0.14490030671768608,0
20241219T232019 - 9bbc3,100,W,True,0.11080303297584929,0
20241219T232019 - 9bbc3,101,N1,True,0.2522331824513429,0
20241219T232019 - 9bbc3,102,W,True,0.1416487166077979,0
20241219T232019 - 9bbc3,103,N1,True,0.24365710831450038,0
20241219T232019 - 9bbc3,104,N1,True,0.2601882703351514,0
20241219T232019 - 9bbc3,105,N1,False,0.24284495511054424,0
20241219T232019 - 9bbc3,106,N1,True,0.3423090621359042,0
20241219T232019 - 9bbc3,107,N1,False,0.2887946944225614,0
20241219T232019 - 9bbc3,108,N1,True,0.25252623322201445,0
20241219T232019 - 9bbc3,109,N1,False,0.32125358110635416,0
20241219T232019 - 9bbc3,110,W,True,0.13702761806713532,0
20241219T232019 - 9bbc3,111,N1,False,0.3095289500570376,0
20241219T232019 - 9bbc3,112,N1,True,0.25656740759167396,0
20241219T232019 - 9bbc3,113,N1,False,0.26907071850702996,0
20241219T232019 - 9bbc3,114,N1,False,0.31378094558020175,0
20241219T232019 - 9bbc3,115,N2,False,0.19899643248069931,0
20241219T232019 - 9bbc3,116,N2,True,0.08090768331018802,0
20241219T232019 - 9bbc3,117,W,False,0.19765460209230148,0
20241219T232019 - 9bbc3,118,N1,False,0.274719782037052,0
20241219T232019 - 9bbc3,119,N1,True,0.19676284822670811,0
20241219T232019 - 9bbc3,120,N2,False,0.1546264400293509,0
20241219T232019 - 9bbc3,121,N1,False,0.2811568247853606,0
20241219T232019 - 9bbc3,122,N2,False,0.2526247919266787,0
20241219T232019 - 9bbc3,123,N2,True,0.14070428194046306,0
20241219T232019 - 9bbc3,124,N2,False,0.2321320153083141,0
20241219T232019 - 9bbc3,125,N2,False,0.17137924792487255,0
20241219T232019 - 9bbc3,126,N2,False,0.12086858824225911,0
20241219T232019 - 9bbc3,127,N2,False,0.12552971883232514,0
20241219T232019 - 9bbc3,128,N2,False,0.09914547357447115,0
20241219T232019 - 9bbc3,129,N2,False,0.10812384201521415,0
20241219T232019 - 9bbc3,130,N2,False,0.1388344613281505,0
20241219T232019 - 9bbc3,131,N2,False,0.11996334483147895,0
20241219T232019 - 9bbc3,132,N2,False,0.09170731834998708,0
20241219T232019 - 9bbc3,133,N3,False,0.1436467971637553,0
20241219T232019 - 9bbc3,134,N2,False,0.15019813041600155,0
20241219T232019 - 9bbc3,135,N2,False,0.13860633692107058,0
20241219T232019 - 9bbc3,136,N2,False,0.16184330646781522,0
20241219T232019 - 9bbc3,137,N2,False,0.07787452812874647,0
20241219T232019 - 9bbc3,138,N2,False,0.057396184566952196,0
20241219T232019 - 9bbc3,139,N2,False,0.07227376396489792,0
20241219T232019 - 9bbc3,140,N2,False,0.0630475829279577,0
20241219T232019 - 9bbc3,141,N2,False,0.05374797959466501,0
20241219T232019 - 9bbc3,142,N2,False,0.07593545920931753,0
20241219T232019 - 9bbc3,143,N3,False,0.055898794599725195,0
20241219T232019 - 9bbc3,144,N2,False,0.05128373952168258,0
20241219T232019 - 9bbc3,145,N3,False,0.053566787126380765,0
20241219T232019 - 9bbc3,146,N2,False,0.06029453822541316,0
20241219T232019 - 9bbc3,147,N2,False,0.061697860808356514,0
20241219T232019 - 9bbc3,148,N3,False,0.044615488834690006,0
20241219T232019 - 9bbc3,149,N3,False,0.07059370184441185,0
20241219T232019 - 9bbc3,150,N2,False,0.06335892112841837,0
20241219T232019 - 9bbc3,151,N3,False,0.03682507528050587,0
20241219T232019 - 9bbc3,152,N3,False,0.03538115695007798,0
20241219T232019 - 9bbc3,153,N3,False,0.0447560340296238,0
20241219T232019 - 9bbc3,154,N2,False,0.05391536175199331,0
20241219T232019 - 9bbc3,155,N3,False,0.04176495926288222,0
20241219T232019 - 9bbc3,156,N3,False,0.07620464459521614,0
20241219T232019 - 9bbc3,157,N3,False,0.033950847666576384,0
20241219T232019 - 9bbc3,158,N3,False,0.06064644535478467,0
20241219T232019 - 9bbc3,159,N3,False,0.051620178336522576,0
20241219T232019 - 9bbc3,160,N3,False,0.07031505964324043,0
20241219T232019 - 9bbc3,161,N3,False,0.06394611515372764,0
20241219T232019 - 9bbc3,162,N3,False,0.04552758519618018,0
20241219T232019 - 9bbc3,163,N3,False,0.09781212068320506,0
20241219T232019 - 9bbc3,164,N2,True,0.05684590594533123,0
20241219T232019 - 9bbc3,165,N2,True,0.18531114813629002,0
20241219T232019 - 9bbc3,166,N2,False,0.1466935443502394,0
20241219T232019 - 9bbc3,167,N2,False,0.09926688241211627,0
20241219T232019 - 9bbc3,168,N2,False,0.07690626015502755,0
20241219T232019 - 9bbc3,169,N2,False,0.07917120357899057,0
20241219T232019 - 9bbc3,170,N2,False,0.07713168130014784,0
20241219T232019 - 9bbc3,171,N2,True,0.06060071912783532,0
20241219T232019 - 9bbc3,172,N2,False,0.10146638009047444,0
20241219T232019 - 9bbc3,173,N2,False,0.18035403912015563,0
20241219T232019 - 9bbc3,174,N2,False,0.06030324460601232,0
20241219T232019 - 9bbc3,175,N2,False,0.0413109234404135,0
20241219T232019 - 9bbc3,176,N3,False,0.05321150611903026,0
20241219T232019 - 9bbc3,177,N2,False,0.0502264880604984,0
20241219T232019 - 9bbc3,178,N3,False,0.05344878970454829,0
20241219T232019 - 9bbc3,179,N3,False,0.049375630928861394,0
20241219T232019 - 9bbc3,180,N3,False,0.053439908653143894,0
20241219T232019 - 9bbc3,181,N3,False,0.05379474207584011,0
20241219T232019 - 9bbc3,182,N3,False,0.08111715995896178,0
20241219T232019 - 9bbc3,183,N3,False,0.14747366168903014,0
20241219T232019 - 9bbc3,184,N3,False,0.16623280742321295,0
20241219T232019 - 9bbc3,185,N2,False,0.06203089740686358,0
20241219T232019 - 9bbc3,186,N2,False,0.07831050700461528,0
20241219T232019 - 9bbc3,187,N3,False,0.08115533029638033,0
20241219T232019 - 9bbc3,188,N2,False,0.061206329650217536,0
20241219T232019 - 9bbc3,189,N3,False,0.12627337129638166,0
20241219T232019 - 9bbc3,190,N2,False,0.1123723562233934,0
20241219T232019 - 9bbc3,191,N3,False,0.10688421814422781,0
20241219T232019 - 9bbc3,192,N3,False,0.13259069472137477,0
20241219T232019 - 9bbc3,193,N3,False,0.08979003972853004,0
20241219T232019 - 9bbc3,194,N3,False,0.1168046212419255,0
20241219T232019 - 9bbc3,195,N3,False,0.09234905945161426,0
20241219T232019 - 9bbc3,196,N2,False,0.16398786063702236,0
20241219T232019 - 9bbc3,197,N3,False,0.10066535171868778,0
20241219T232019 - 9bbc3,198,N2,False,0.10300636573489923,0
20241219T232019 - 9bbc3,199,N3,True,0.11748554591787737,0
20241219T232019 - 9bbc3,200,N2,False,0.17598288261100137,0
20241219T232019 - 9bbc3,201,N2,False,0.1495527665435082,0
20241219T232019 - 9bbc3,202,N2,False,0.1306939084701638,0
20241219T232019 - 9bbc3,203,N3,False,0.15370759726495783,0
20241219T232019 - 9bbc3,204,N3,False,0.19702310723251507,0
20241219T232019 - 9bbc3,205,N3,False,0.18954833695746706,0
20241219T232019 - 9bbc3,206,N3,False,0.20120956400776455,0
20241219T232019 - 9bbc3,207,N3,False,0.12543483672015912,0
20241219T232019 - 9bbc3,208,N3,False,0.16272339531072044,0
20241219T232019 - 9bbc3,209,N3,False,0.20275367480096518,0
20241219T232019 - 9bbc3,210,N3,False,0.17741246492735369,0
20241219T232019 - 9bbc3,211,N3,False,0.1987022180367548,0
20241219T232019 - 9bbc3,212,N2,False,0.2105592143017066,0
20241219T232019 - 9bbc3,213,N3,False,0.21508537704906353,0
20241219T232019 - 9bbc3,214,N3,False,0.19125631570942342,0
20241219T232019 - 9bbc3,215,N3,False,0.2040716984113235,0
20241219T232019 - 9bbc3,216,N3,False,0.21416722370096927,0
20241219T232019 - 9bbc3,217,N3,False,0.2527363698503834,0
20241219T232019 - 9bbc3,218,N3,False,0.2274910562815374,0
20241219T232019 - 9bbc3,219,N2,False,0.20708782543851226,0
20241219T232019 - 9bbc3,220,N3,False,0.20513239524243704,0
20241219T232019 - 9bbc3,221,N3,False,0.1739190704408335,0
20241219T232019 - 9bbc3,222,N3,False,0.17541596096437628,0
20241219T232019 - 9bbc3,223,N3,False,0.20684608399688545,0
20241219T232019 - 9bbc3,224,N3,False,0.21822053741932426,0
20241219T232019 - 9bbc3,225,N3,False,0.17432168110213034,0
20241219T232019 - 9bbc3,226,N3,False,0.1992923305594533,0
20241219T232019 - 9bbc3,227,N3,False,0.21703987954116555,0
20241219T232019 - 9bbc3,228,N3,False,0.2018275108037514,0
20241219T232019 - 9bbc3,229,N2,False,0.20240272939263185,0
20241219T232019 - 9bbc3,230,N3,False,0.21489296937798252,0
20241219T232019 - 9bbc3,231,N3,False,0.18839359595835206,0
20241219T232019 - 9bbc3,232,N3,False,0.20102186836245914,0
20241219T232019 - 9bbc3,233,N3,False,0.18732417029050993,0
20241219T232019 - 9bbc3,234,N3,False,0.21059627013769394,0
20241219T232019 - 9bbc3,235,N3,False,0.22507348082806378,0
20241219T232019 - 9bbc3,236,N3,False,0.1621677533652581,0
20241219T232019 - 9bbc3,237,N3,False,0.1862582804785078,0
20241219T232019 - 9bbc3,238,N3,False,0.1792083161932393,0
20241219T232019 - 9bbc3,239,N3,False,0.17258971231991643,0
20241219T232019 - 9bbc3,240,N3,False,0.17849954583627384,0
20241219T232019 - 9bbc3,241,N3,False,0.17477834854887114,0
20241219T232019 - 9bbc3,242,N3,False,0.17100826846944442,0
20241219T232019 - 9bbc3,243,N3,False,0.11878821822473619,0
20241219T232019 - 9bbc3,244,N2,False,0.17340386040896502,0
20241219T232019 - 9bbc3,245,N3,False,0.17176022899849275,0
20241219T232019 - 9bbc3,246,N3,False,0.1643968468945613,0
20241219T232019 - 9bbc3,247,N3,False,0.13087285836050913,0
20241219T232019 - 9bbc3,248,N3,False,0.18508031816056522,0
20241219T232019 - 9bbc3,249,N3,True,0.15187338377086773,0
20241219T232019 - 9bbc3,250,W,False,0.24084281953433254,0
20241219T232019 - 9bbc3,251,W,False,0.22151816440207933,0
20241219T232019 - 9bbc3,252,W,False,0.3449525057967864,0
20241219T232019 - 9bbc3,253,W,False,0.2552017532605683,0
20241219T232019 - 9bbc3,254,W,False,0.38750328423439384,0
20241219T232019 - 9bbc3,255,W,False,0.2560986764472356,0
20241219T232019 - 9bbc3,256,W,False,0.18988150040496862,0
20241219T232019 - 9bbc3,257,W,False,0.1726671635130127,0
20241219T232019 - 9bbc3,258,W,False,0.22882027257479684,0
20241219T232019 - 9bbc3,259,W,False,0.183591501487363,0
20241219T232019 - 9bbc3,260,W,False,0.13317361661333,0
20241219T232019 - 9bbc3,261,W,False,0.15719227567493696,0
20241219T232019 - 9bbc3,262,N1,True,0.3898578691960811,0
20241219T232019 - 9bbc3,263,N1,False,0.408538684611904,0
20241219T232019 - 9bbc3,264,W,False,0.20625771519248587,0
20241219T232019 - 9bbc3,265,W,False,0.20902081397984806,0
20241219T232019 - 9bbc3,266,W,False,0.20047839149891888,0
20241219T232019 - 9bbc3,267,W,False,0.29388220324749725,0
20241219T232019 - 9bbc3,268,W,True,0.12554879682419673,0
20241219T232019 - 9bbc3,269,N1,True,0.38944370620666036,0
20241219T232019 - 9bbc3,270,W,True,0.29899355773006797,0
20241219T232019 - 9bbc3,271,N1,False,0.39695789229956274,0
20241219T232019 - 9bbc3,272,W,False,0.26951746783756997,0
20241219T232019 - 9bbc3,273,W,False,0.237344103870865,0
20241219T232019 - 9bbc3,274,W,False,0.21787591969522804,0
20241219T232019 - 9bbc3,275,W,True,0.13423468058819388,0
20241219T232019 - 9bbc3,276,N1,True,0.30035329840264136,0
20241219T232019 - 9bbc3,277,N1,True,0.2901867870458165,0
20241219T232019 - 9bbc3,278,W,False,0.22986118386866006,0
20241219T232019 - 9bbc3,279,W,True,0.15780710792015928,0
20241219T232019 - 9bbc3,280,N1,True,0.3123567337591976,0
20241219T232019 - 9bbc3,281,N1,False,0.3035234217807102,0
20241219T232019 - 9bbc3,282,W,False,0.2911070210724556,0
20241219T232019 - 9bbc3,283,W,False,0.2749114418723798,0
20241219T232019 - 9bbc3,284,W,True,0.3290500709345218,0
20241219T232019 - 9bbc3,285,N1,False,0.4784731633441816,0
20241219T232019 - 9bbc3,286,N1,True,0.43078209369219445,0
20241219T232019 - 9bbc3,287,N1,False,0.47396923965878185,0
20241219T232019 - 9bbc3,288,N1,True,0.39940847702476945,0
20241219T232019 - 9bbc3,289,W,False,0.2433188609320763,0
20241219T232019 - 9bbc3,290,W,True,0.2808217446209713,0
20241219T232019 - 9bbc3,291,N1,True,0.2931686033423706,0
20241219T232019 - 9bbc3,292,N1,True,0.28245816566355847,0
20241219T232019 - 9bbc3,293,N1,True,0.31281570741637305,0
20241219T232019 - 9bbc3,294,N1,False,0.32988494946434777,0
20241219T232019 - 9bbc3,295,N2,False,0.2379317172895429,0
20241219T232019 - 9bbc3,296,N2,False,0.19516812130653732,0
20241219T232019 - 9bbc3,297,N2,False,0.08282901028000737,0
20241219T232019 - 9bbc3,298,N2,False,0.1642349264574,0
20241219T232019 - 9bbc3,299,N2,True,0.12285861111150592,0
20241219T232019 - 9bbc3,300,N1,False,0.31962872348461835,0
20241219T232019 - 9bbc3,301,N1,True,0.30072912403063595,0
20241219T232019 - 9bbc3,302,N1,False,0.3221923932885232,0
20241219T232019 - 9bbc3,303,N1,True,0.24819788956993633,0
20241219T232019 - 9bbc3,304,W,True,0.191151774119394,0
20241219T232019 - 9bbc3,305,N1,False,0.3001150169112234,0
20241219T232019 - 9bbc3,306,N1,False,0.2066097870981189,0
20241219T232019 - 9bbc3,307,N2,True,0.08287807869331175,0
20241219T232019 - 9bbc3,308,N2,False,0.1821668984424454,0
20241219T232019 - 9bbc3,309,W,False,0.21644588279177662,0
20241219T232019 - 9bbc3,310,N1,True,0.21373522504904094,0
20241219T232019 - 9bbc3,311,N1,True,0.27531021956280866,0
20241219T232019 - 9bbc3,312,N2,False,0.16293471351259772,0
20241219T232019 - 9bbc3,313,N1,False,0.37396933996632187,0
20241219T232019 - 9bbc3,314,N1,True,0.19523612743067062,0
20241219T232019 - 9bbc3,315,W,False,0.08984400152947167,0
20241219T232019 - 9bbc3,316,N1,False,0.32373366104606965,0
20241219T232019 - 9bbc3,317,N2,True,0.10470462090446031,0
20241219T232019 - 9bbc3,318,N2,False,0.17980104037341507,0
20241219T232019 - 9bbc3,319,N1,True,0.31879713846448793,0
20241219T232019 - 9bbc3,320,N1,True,0.33410909335782146,0
20241219T232019 - 9bbc3,321,N1,True,0.24626422411280413,0
20241219T232019 - 9bbc3,322,N1,True,0.33154294992782596,0
20241219T232019 - 9bbc3,323,N1,True,0.3262873355435908,0
20241219T232019 - 9bbc3,324,N1,False,0.2973257555403936,0
20241219T232019 - 9bbc3,325,N1,True,0.1919103460255446,0
20241219T232019 - 9bbc3,326,N1,False,0.4051871688709637,0
20241219T232019 - 9bbc3,327,W,False,0.14303772284481542,0
20241219T232019 - 9bbc3,328,W,False,0.1572928891830735,0
20241219T232019 - 9bbc3,329,W,False,0.18406363801171757,0
20241219T232019 - 9bbc3,330,N1,True,0.21356738124215865,0
20241219T232019 - 9bbc3,331,W,False,0.2675191175445468,0
20241219T232019 - 9bbc3,332,W,False,0.3463624055891242,0
20241219T232019 - 9bbc3,333,W,False,0.23909973220614877,0
20241219T232019 - 9bbc3,334,W,False,0.2920711512646629,0
20241219T232019 - 9bbc3,335,W,False,0.2674649201483492,0
20241219T232019 - 9bbc3,336,W,False,0.15680099592207764,0
20241219T232019 - 9bbc3,337,W,False,0.17436079858879694,0
20241219T232019 - 9bbc3,338,W,True,0.22063993143231955,0
20241219T232019 - 9bbc3,339,N1,False,0.30160797508511633,0
20241219T232019 - 9bbc3,340,W,False,0.16820372252795177,0
20241219T232019 - 9bbc3,341,W,False,0.12501398180471351,0
20241219T232019 - 9bbc3,342,W,False,0.29709988422424083,0
20241219T232019 - 9bbc3,343,W,False,0.2903649805102907,0
20241219T232019 - 9bbc3,344,W,False,0.16923997934895374,0
20241219T232019 - 9bbc3,345,W,True,0.24488904767520164,0
20241219T232019 - 9bbc3,346,N1,False,0.2633888835019354,0
20241219T232019 - 9bbc3,347,W,False,0.17894961586139277,0
20241219T232019 - 9bbc3,348,W,False,0.23675244517141172,0
20241219T232019 - 9bbc3,349,W,False,0.27688975043243347,0
20241219T232019 - 9bbc3,350,W,False,0.22568898081441321,0
20241219T232019 - 9bbc3,351,W,False,0.2511453867348548,0
20241219T232019 - 9bbc3,352,W,False,0.1810304185735542,0
20241219T232019 - 9bbc3,353,W,True,0.13703518784869642,0
20241219T232019 - 9bbc3,354,N1,False,0.31004797403511486,0
20241219T232019 - 9bbc3,355,W,True,0.1702989826264807,0
20241219T232019 - 9bbc3,356,N1,False,0.310163912148154,0
20241219T232019 - 9bbc3,357,N1,True,0.3571519580283822,0
20241219T232019 - 9bbc3,358,N1,True,0.3051375408454475,0
20241219T232019 - 9bbc3,359,N1,False,0.33059772486413225,0
20241219T232019 - 9bbc3,360,N2,True,0.2958429864410092,0
20241219T232019 - 9bbc3,361,N1,True,0.3967876882627799,0
20241219T232019 - 9bbc3,362,N1,True,0.3012310452950022,0
20241219T232019 - 9bbc3,363,N1,True,0.33238775391057485,0
20241219T232019 - 9bbc3,364,N1,True,0.32354688846116586,0
20241219T232019 - 9bbc3,365,N1,True,0.3238761715826585,0
20241219T232019 - 9bbc3,366,N2,False,0.23994567464314426,0
20241219T232019 - 9bbc3,367,N1,False,0.21199489936767135,0
20241219T232019 - 9bbc3,368,N2,True,0.17229894277560798,0
20241219T232019 - 9bbc3,369,W,True,0.17688183587671827,0
20241219T232019 - 9bbc3,370,N1,True,0.3573526323137063,0
20241219T232019 - 9bbc3,371,N1,True,0.27316343607336063,0
20241219T232019 - 9bbc3,372,N1,True,0.3535570024732185,0
20241219T232019 - 9bbc3,373,N1,True,0.28255059187032683,0
20241219T232019 - 9bbc3,374,N1,True,0.31990536775557343,0
20241219T232019 - 9bbc3,375,N1,True,0.34238242419370507,0
20241219T232019 - 9bbc3,376,N1,True,0.2977728147853596,0
20241219T232019 - 9bbc3,377,N1,True,0.3625641326867256,0
20241219T232019 - 9bbc3,378,N1,False,0.3810097507778445,0
20241219T232019 - 9bbc3,379,N1,False,0.33726715257140344,0
20241219T232019 - 9bbc3,380,N2,True,0.2922124483485387,0
20241219T232019 - 9bbc3,381,N2,False,0.33953625501947404,0
20241219T232019 - 9bbc3,382,N1,False,0.34302234360583855,0
20241219T232019 - 9bbc3,383,N2,True,0.21629836633830163,0
20241219T232019 - 9bbc3,384,N1,True,0.35515581642972777,0
20241219T232019 - 9bbc3,385,N2,False,0.31768847268162226,0
20241219T232019 - 9bbc3,386,N1,True,0.3483889313475388,0
20241219T232019 - 9bbc3,387,N1,False,0.31432837971123545,0
20241219T232019 - 9bbc3,388,N1,True,0.29039261803703553,0
20241219T232019 - 9bbc3,389,N1,True,0.34720309021162277,0
20241219T232019 - 9bbc3,390,N1,True,0.3473595594598116,0
20241219T232019 - 9bbc3,391,N1,False,0.3289241098859088,0
20241219T232019 - 9bbc3,392,W,False,0.29579322275839715,0
20241219T232019 - 9bbc3,393,N1,True,0.3198779690892933,0
20241219T232019 - 9bbc3,394,W,False,0.2693556285927038,0
20241219T232019 - 9bbc3,395,W,False,0.30371139532496133,0
20241219T232019 - 9bbc3,396,N1,True,0.3677555982527845,0
20241219T232019 - 9bbc3,397,W,True,0.20105820750170506,0
20241219T232019 - 9bbc3,398,N1,True,0.3177759006939022,0
20241219T232019 - 9bbc3,399,N1,False,0.27216357713990996,0
20241219T232019 - 9bbc3,400,N1,True,0.28823526412692235,0
20241219T232019 - 9bbc3,401,N1,True,0.33318776454033994,0
20241219T232019 - 9bbc3,402,N1,True,0.3156936361449059,0
20241219T232019 - 9bbc3,403,N1,False,0.32383080667018616,0
20241219T232019 - 9bbc3,404,N2,True,0.2958829803381685,0
20241219T232019 - 9bbc3,405,N2,False,0.3370608032794179,0
20241219T232019 - 9bbc3,406,N2,False,0.27959375615359855,0
20241219T232019 - 9bbc3,407,N2,True,0.29830242259704903,0
20241219T232019 - 9bbc3,408,N2,False,0.2640738741796125,0
20241219T232019 - 9bbc3,409,N2,True,0.24674258186003328,0
20241219T232019 - 9bbc3,410,N2,True,0.32829716208505405,0
20241219T232019 - 9bbc3,411,N2,False,0.33306365387869263,0
20241219T232019 - 9bbc3,412,W,False,0.1769125194180966,0
20241219T232019 - 9bbc3,413,N1,True,0.2933916951292686,0
20241219T232019 - 9bbc3,414,N1,True,0.33434195714312026,0
20241219T232019 - 9bbc3,415,W,False,0.18610186991777275,0
20241219T232019 - 9bbc3,416,W,False,0.2444111013385287,0
20241219T232019 - 9bbc3,417,N1,False,0.31837242328560433,0
20241219T232019 - 9bbc3,418,N2,True,0.2823414123072934,0
20241219T232019 - 9bbc3,419,N1,True,0.3698099017355677,0
20241219T232019 - 9bbc3,420,N1,True,0.3868361928324833,0
20241219T232019 - 9bbc3,421,W,True,0.2593884510235971,0
20241219T232019 - 9bbc3,422,N1,False,0.3278521718747847,0
20241219T232019 - 9bbc3,423,N1,True,0.3834071987026202,0
20241219T232019 - 9bbc3,424,N2,False,0.23277327394357625,0
20241219T232019 - 9bbc3,425,N1,True,0.36371716611157473,0
20241219T232019 - 9bbc3,426,N2,False,0.36653948515924123,0
20241219T232019 - 9bbc3,427,N1,False,0.2755253629290752,0
20241219T232019 - 9bbc3,428,N2,True,0.3575280547135064,0
20241219T232019 - 9bbc3,429,N1,True,0.33069099022744486,0
20241219T232019 - 9bbc3,430,N2,False,0.29889499005784437,0
20241219T232019 - 9bbc3,431,N1,True,0.300439808774768,0
20241219T232019 - 9bbc3,432,W,False,0.3622523829267571,0
20241219T232019 - 9bbc3,433,N1,False,0.2883916785878432,0
20241219T232019 - 9bbc3,434,N2,True,0.19807789344341972,0
20241219T232019 - 9bbc3,435,N1,True,0.33892660137651026,0
20241219T232019 - 9bbc3,436,N1,True,0.34916198992185643,0
20241219T232019 - 9bbc3,437,N1,False,0.3546468859004556,0
20241219T232019 - 9bbc3,438,N1,True,0.37032768119951187,0
20241219T232019 - 9bbc3,439,N2,False,0.35338714204564853,0
20241219T232019 - 9bbc3,440,W,True,0.3853314650220468,0
20241219T232019 - 9bbc3,441,N1,False,0.4095677251516794,0
20241219T232019 - 9bbc3,442,W,False,0.3637652186294562,0
20241219T232019 - 9bbc3,443,W,False,0.41641798750152953,0
20241219T232019 - 9bbc3,444,W,False,0.4613070131726109,0
20241219T232019 - 9bbc3,445,W,True,0.43866058793075796,0
20241219T232019 - 9bbc3,446,N1,False,0.44797079012911845,0
20241219T232019 - 9bbc3,447,W,True,0.409992923066661,0
20241219T232019 - 9bbc3,448,N1,True,0.47407142998903223,0
20241219T232019 - 9bbc3,449,N1,False,0.40976344300476986,0
20241219T232019 - 9bbc3,450,N1,True,0.5278601806014016,1
20241219T232019 - 9bbc3,451,N1,True,0.5650852054733567,1
20241219T232019 - 9bbc3,452,N1,False,0.41461847648595607,0
20241219T232019 - 9bbc3,453,W,True,0.4411904019596408,0
20241219T232019 - 9bbc3,454,N1,True,0.4800873448536759,0
20241219T232019 - 9bbc3,455,N1,True,0.5458465081221339,1
20241219T232019 - 9bbc3,456,N1,True,0.4857607062071262,0
20241219T232019 - 9bbc3,457,N1,True,0.4745029243473443,0
20241219T232019 - 9bbc3,458,N1,True,0.46285262867261934,0
20241219T232019 - 9bbc3,459,N1,True,0.4912024609838682,0
20241219T232019 - 9bbc3,460,N1,True,0.6460009007302144,1
20241219T232019 - 9bbc3,461,N1,False,0.5577966245570649,1
20241219T232019 - 9bbc3,462,N1,True,0.5798840763574841,1
20241219T232019 - 9bbc3,463,N1,True,0.5166468647205698,1
20241219T232019 - 9bbc3,464,N1,True,0.5005636648657961,1
20241219T232019 - 9bbc3,465,N1,False,0.5516410441154928,1
20241219T232019 - 9bbc3,466,N1,True,0.6132166875053148,1
20241219T232019 - 9bbc3,467,N1,True,0.5570880870783349,1
20241219T232019 - 9bbc3,468,N1,False,0.46680131854841683,0
20241219T232019 - 9bbc3,469,N2,True,0.6079395706425772,1
20241219T232019 - 9bbc3,470,N1,True,0.5837829185388341,1
20241219T232019 - 9bbc3,471,N1,True,0.5516416548529175,1
20241219T232019 - 9bbc3,472,N1,False,0.467551063391882,0
20241219T232019 - 9bbc3,473,W,True,0.46426975015200406,0
20241219T232019 - 9bbc3,474,N1,True,0.5006967383320566,1
20241219T232019 - 9bbc3,475,N1,True,0.5521833834914771,1
20241219T232019 - 9bbc3,476,N1,True,0.5287056038948186,1
20241219T232019 - 9bbc3,477,N1,True,0.516123427613535,1
20241219T232019 - 9bbc3,478,N1,False,0.4558986094041107,0
20241219T232019 - 9bbc3,479,N1,True,0.5762200070935602,1
20241219T232019 - 9bbc3,480,N1,True,0.5942712342365051,1
20241219T232019 - 9bbc3,481,N1,True,0.5493939025368026,1
20241219T232019 - 9bbc3,482,N1,False,0.5941371229629333,1
20241219T232019 - 9bbc3,483,N1,True,0.6031181220268664,1
20241219T232019 - 9bbc3,484,N2,False,0.4710378524290718,0
20241219T232019 - 9bbc3,485,N2,True,0.498896279741564,0
20241219T232019 - 9bbc3,486,N1,True,0.49196759676143276,0
20241219T232019 - 9bbc3,487,N1,True,0.5426090826131089,1
20241219T232019 - 9bbc3,488,N1,False,0.5055660423072849,1
20241219T232019 - 9bbc3,489,W,True,0.26759531195679137,0
20241219T232019 - 9bbc3,490,N1,True,0.4649327064765032,0
20241219T232019 - 9bbc3,491,W,False,0.36279244792583903,0
20241219T232019 - 9bbc3,492,W,True,0.34466593755626707,0
20241219T232019 - 9bbc3,493,N1,True,0.4208438106349749,0
20241219T232019 - 9bbc3,494,N2,False,0.3269076405615645,0
20241219T232019 - 9bbc3,495,N1,True,0.4121649512602245,0
20241219T232019 - 9bbc3,496,W,False,0.3912781096437933,0
20241219T232019 - 9bbc3,497,N1,True,0.4609621226032122,0
20241219T232019 - 9bbc3,498,N1,True,0.5159784023509134,1
20241219T232019 - 9bbc3,499,N1,True,0.5026982855540125,1
20241219T232019 - 9bbc3,500,N1,True,0.5982910698232883,1
20241219T232019 - 9bbc3,501,W,True,0.5092127631875185,1
20241219T232019 - 9bbc3,502,N1,False,0.4443569996969113,0
20241219T232019 - 9bbc3,503,N1,True,0.6359311027716261,1
20241219T232019 - 9bbc3,504,N1,True,0.6526503407886431,1
20241219T232019 - 9bbc3,505,N1,True,0.5586014013186875,1
20241219T232019 - 9bbc3,506,N1,True,0.5535404929689516,1
20241219T232019 - 9bbc3,507,N1,True,0.5479537351942966,1
20241219T232019 - 9bbc3,508,N1,True,0.5233295756277858,1
20241219T232019 - 9bbc3,509,N1,False,0.5930709509252855,1
20241219T232019 - 9bbc3,510,N2,True,0.3111528114343907,0
20241219T232019 - 9bbc3,511,N2,True,0.4778711602286556,0
20241219T232019 - 9bbc3,512,N2,False,0.5140535418874742,1
20241219T232019 - 9bbc3,513,N1,True,0.49968517848029775,0
20241219T232019 - 9bbc3,514,N1,True,0.5524128547688842,1
20241219T232019 - 9bbc3,515,N1,True,0.5923472299076302,1
20241219T232019 - 9bbc3,516,N2,True,0.46748271969440097,0
20241219T232019 - 9bbc3,517,N2,True,0.4696456250598513,0
20241219T232019 - 9bbc3,518,N1,True,0.6315226423227773,1
20241219T232019 - 9bbc3,519,N1,True,0.5418306446246566,1
20241219T232019 - 9bbc3,520,N1,True,0.5451902913909649,1
20241219T232019 - 9bbc3,521,N1,True,0.491835796543018,0
20241219T232019 - 9bbc3,522,N1,True,0.593155726943682,1
20241219T232019 - 9bbc3,523,N1,True,0.5182892037046186,1
20241219T232019 - 9bbc3,524,N1,False,0.5432407313796006,1
20241219T232019 - 9bbc3,525,N1,True,0.6058930806380851,1
20241219T232019 - 9bbc3,526,N1,False,0.598281981006206,1
20241219T232019 - 9bbc3,527,N1,True,0.586963059952296,1
20241219T232019 - 9bbc3,528,N1,True,0.5690398416771465,1
20241219T232019 - 9bbc3,529,N1,False,0.44821335247442934,0
20241219T232019 - 9bbc3,530,N1,True,0.6429739134481851,1
20241219T232019 - 9bbc3,531,N2,False,0.4748670517658639,0
20241219T232019 - 9bbc3,532,W,False,0.3519411874927218,0
20241219T232019 - 9bbc3,533,W,True,0.35830312053441427,0
20241219T232019 - 9bbc3,534,N1,True,0.3285244404671686,0
20241219T232019 - 9bbc3,535,N1,False,0.3209359951644264,0
20241219T232019 - 9bbc3,536,N1,False,0.24372829138212562,0
20241219T232019 - 9bbc3,537,N2,True,0.1244178299328379,0
20241219T232019 - 9bbc3,538,N2,True,0.2736883187842071,0
20241219T232019 - 9bbc3,539,N1,False,0.3031037386984405,0
20241219T232019 - 9bbc3,540,N1,True,0.1658570824854201,0
20241219T232019 - 9bbc3,541,N2,True,0.15057822023250353,0
20241219T232019 - 9bbc3,542,N1,True,0.2681144823099141,0
20241219T232019 - 9bbc3,543,N1,True,0.31892425389667656,0
20241219T232019 - 9bbc3,544,N1,False,0.37460552552279114,0
20241219T232019 - 9bbc3,545,N1,True,0.21314678388432814,0
20241219T232019 - 9bbc3,546,REM,False,0.27910370841272913,0
20241219T232019 - 9bbc3,547,REM,False,0.40379139885354254,0
20241219T232019 - 9bbc3,548,REM,False,0.4286397383196514,0
20241219T232019 - 9bbc3,549,REM,False,0.5354354861538507,1
20241219T232019 - 9bbc3,550,REM,False,0.516745350985487,1
20241219T232019 - 9bbc3,551,REM,True,0.5219179425258654,1
20241219T232019 - 9bbc3,552,REM,False,0.4853810230649115,0
20241219T232019 - 9bbc3,553,REM,False,0.4156753419752667,0
20241219T232019 - 9bbc3,554,REM,False,0.23482370477402487,0
20241219T232019 - 9bbc3,555,REM,False,0.20050319411096842,0
20241219T232019 - 9bbc3,556,REM,False,0.18763404745811274,0
20241219T232019 - 9bbc3,557,REM,False,0.19944763819516775,0
20241219T232019 - 9bbc3,558,REM,False,0.30980850563462076,0
20241219T232019 - 9bbc3,559,REM,False,0.310331724964854,0
20241219T232019 - 9bbc3,560,REM,False,0.2737650612697129,0
20241219T232019 - 9bbc3,561,REM,True,0.2886886831575029,0
20241219T232019 - 9bbc3,562,REM,False,0.3380339702894015,0
20241219T232019 - 9bbc3,563,REM,True,0.1656693444654886,0
20241219T232019 - 9bbc3,564,REM,False,0.3999203922322592,0
20241219T232019 - 9bbc3,565,REM,False,0.4499511486707049,0
20241219T232019 - 9bbc3,566,REM,True,0.21304650173216125,0
20241219T232019 - 9bbc3,567,REM,False,0.16169131270094417,0
20241219T232019 - 9bbc3,568,REM,False,0.29313341980024593,0
20241219T232019 - 9bbc3,569,REM,False,0.349558583816331,0
20241219T232019 - 9bbc3,570,REM,False,0.30426564860036115,0
20241219T232019 - 9bbc3,571,REM,False,0.28766875926911184,0
20241219T232019 - 9bbc3,572,REM,True,0.15562998174943002,0
20241219T232019 - 9bbc3,573,REM,False,0.29843510390216216,0
20241219T232019 - 9bbc3,574,REM,False,0.420469315619412,0
20241219T232019 - 9bbc3,575,REM,False,0.2383212817358892,0
20241219T232019 - 9bbc3,576,REM,True,0.2911134140571826,0
20241219T232019 - 9bbc3,577,REM,False,0.3882890261180827,0
20241219T232019 - 9bbc3,578,REM,False,0.26856629291192585,0
20241219T232019 - 9bbc3,579,REM,True,0.23977440334366762,0
20241219T232019 - 9bbc3,580,REM,False,0.2508088765238908,0
20241219T232019 - 9bbc3,581,REM,False,0.2968059341550891,0
20241219T232019 - 9bbc3,582,REM,False,0.38193754408325825,0
20241219T232019 - 9bbc3,583,REM,True,0.22919990915219418,0
20241219T232019 - 9bbc3,584,REM,False,0.34917123281793594,0
20241219T232019 - 9bbc3,585,REM,False,0.4556079497053818,0
20241219T232019 - 9bbc3,586,REM,False,0.22898070172822607,0
20241219T232019 - 9bbc3,587,REM,False,0.1762788179553008,0
20241219T232019 - 9bbc3,588,REM,False,0.2598341960116511,0
20241219T232019 - 9bbc3,589,REM,False,0.18063170619946917,0
20241219T232019 - 9bbc3,590,REM,True,0.14185023371999236,0
20241219T232019 - 9bbc3,591,REM,False,0.29780287210853307,0
20241219T232019 - 9bbc3,592,REM,False,0.1731349658493615,0
20241219T232019 - 9bbc3,593,REM,False,0.13453044133754422,0
20241219T232019 - 9bbc3,594,REM,False,0.17358541842377473,0
20241219T232019 - 9bbc3,595,REM,False,0.18832382134719858,0
20241219T232019 - 9bbc3,596,REM,True,0.21690651655036094,0
20241219T232019 - 9bbc3,597,REM,False,0.45964729863772275,0
20241219T232019 - 9bbc3,598,REM,True,0.3063889421070704,0
20241219T232019 - 9bbc3,599,REM,False,0.3798484445274199,0
20241219T232019 - 9bbc3,600,REM,False,0.21897434087316292,0
20241219T232019 - 9bbc3,601,REM,False,0.16244927214208027,0
20241219T232019 - 9bbc3,602,REM,False,0.2773327950175368,0
20241219T232019 - 9bbc3,603,REM,False,0.18931566066465785,0
20241219T232019 - 9bbc3,604,REM,True,0.24600356231983253,0
20241219T232019 - 9bbc3,605,REM,False,0.28784591369034485,0
20241219T232019 - 9bbc3,606,REM,False,0.30937720013618814,0
20241219T232019 - 9bbc3,607,REM,False,0.35804518447285366,0
20241219T232019 - 9bbc3,608,REM,False,0.20761593318410437,0
20241219T232019 - 9bbc3,609,REM,False,0.19691156144830907,0
20241219T232019 - 9bbc3,610,REM,True,0.23745243936093233,0
20241219T232019 - 9bbc3,611,N1,False,0.28258932719303503,0
20241219T232019 - 9bbc3,612,N1,False,0.21754880307429836,0
20241219T232019 - 9bbc3,613,N1,False,0.2588763320375497,0
20241219T232019 - 9bbc3,614,N1,False,0.2046441164937423,0
20241219T232019 - 9bbc3,615,N1,False,0.14542443610227354,0
20241219T232019 - 9bbc3,616,N1,False,0.18236904928725622,0
20241219T232019 - 9bbc3,617,N1,False,0.1519763535383927,0
20241219T232019 - 9bbc3,618,N1,False,0.2631348677082266,0
20241219T232019 - 9bbc3,619,N2,False,0.1451279819048728,0
20241219T232019 - 9bbc3,620,N2,False,0.15499383459382968,0
20241219T232019 - 9bbc3,621,N2,False,0.14624515810340508,0
20241219T232019 - 9bbc3,622,N2,False,0.1286402659996813,0
20241219T232019 - 9bbc3,623,N2,False,0.22077346766033862,0
20241219T232019 - 9bbc3,624,N2,False,0.14702924212945193,0
20241219T232019 - 9bbc3,625,N2,False,0.1684668210364593,0
20241219T232019 - 9bbc3,626,N2,False,0.11868754101981467,0
20241219T232019 - 9bbc3,627,N2,False,0.09672191006395396,0
20241219T232019 - 9bbc3,628,N2,False,0.12084755068443002,0
20241219T232019 - 9bbc3,629,N2,False,0.1737766724184563,0
20241219T232019 - 9bbc3,630,N2,False,0.17461495315027137,0
20241219T232019 - 9bbc3,631,N2,False,0.1098687066404456,0
20241219T232019 - 9bbc3,632,N2,False,0.12019430243968694,0
20241219T232019 - 9bbc3,633,N2,False,0.13871077455337436,0
20241219T232019 - 9bbc3,634,N2,False,0.08932678468594032,0
20241219T232019 - 9bbc3,635,N2,False,0.10599087970394427,0
20241219T232019 - 9bbc3,636,N2,False,0.15862560158910347,0
20241219T232019 - 9bbc3,637,N2,False,0.13139440552333675,0
20241219T232019 - 9bbc3,638,N2,False,0.09147624354641028,0
20241219T232019 - 9bbc3,639,N2,False,0.14017769868260793,0
20241219T232019 - 9bbc3,640,N2,False,0.06662948215328082,0
20241219T232019 - 9bbc3,641,N2,False,0.11926602535149528,0
20241219T232019 - 9bbc3,642,N2,False,0.09503436857564974,0
20241219T232019 - 9bbc3,643,N2,False,0.07439834052526728,0
20241219T232019 - 9bbc3,644,N2,False,0.09452208297013222,0
20241219T232019 - 9bbc3,645,N2,False,0.11404206648407211,0
20241219T232019 - 9bbc3,646,N2,False,0.052167951328966566,0
20241219T232019 - 9bbc3,647,N2,False,0.059611350545829916,0
20241219T232019 - 9bbc3,648,N2,False,0.05082158102470122,0
20241219T232019 - 9bbc3,649,N2,False,0.06698620538187477,0
20241219T232019 - 9bbc3,650,N2,False,0.059716135295023856,0
20241219T232019 - 9bbc3,651,N2,False,0.04399558360287238,0
20241219T232019 - 9bbc3,652,N2,False,0.05245373781132505,0
20241219T232019 - 9bbc3,653,N2,False,0.05568623351174564,0
20241219T232019 - 9bbc3,654,N2,False,0.046944961235723455,0
20241219T232019 - 9bbc3,655,N2,False,0.06327729301339648,0
20241219T232019 - 9bbc3,656,N2,False,0.0510153318671678,0
20241219T232019 - 9bbc3,657,N2,False,0.0633133839396772,0
20241219T232019 - 9bbc3,658,N2,False,0.08231629708295063,0
20241219T232019 - 9bbc3,659,N3,False,0.05413279638682196,0
20241219T232019 - 9bbc3,660,N2,False,0.0776262040654111,0
20241219T232019 - 9bbc3,661,N2,False,0.05495027281509972,0
20241219T232019 - 9bbc3,662,N2,False,0.10631317967765817,0
20241219T232019 - 9bbc3,663,N3,False,0.07406270078874015,0
20241219T232019 - 9bbc3,664,N2,False,0.06817600111942884,0
20241219T232019 - 9bbc3,665,N2,False,0.10536535901376999,0
20241219T232019 - 9bbc3,666,N2,False,0.05995116882438294,0
20241219T232019 - 9bbc3,667,N2,False,0.05356067212875382,0
20241219T232019 - 9bbc3,668,N2,False,0.04009680290751759,0
20241219T232019 - 9bbc3,669,N2,False,0.03457545325225629,0
20241219T232019 - 9bbc3,670,N2,False,0.07155111897788723,0
20241219T232019 - 9bbc3,671,N3,False,0.05237916807570607,0
20241219T232019 - 9bbc3,672,N2,False,0.07146016398428681,0
20241219T232019 - 9bbc3,673,N3,False,0.06301834270069374,0
20241219T232019 - 9bbc3,674,N2,False,0.08123174959891713,0
20241219T232019 - 9bbc3,675,N2,False,0.10805397202440786,0
20241219T232019 - 9bbc3,676,N3,False,0.09443626623871192,0
20241219T232019 - 9bbc3,677,N3,True,0.07912093160976708,0
20241219T232019 - 9bbc3,678,N2,False,0.12549729288232753,0
20241219T232019 - 9bbc3,679,N3,False,0.06575243796643127,0
20241219T232019 - 9bbc3,680,N3,False,0.05849677989246152,0
20241219T232019 - 9bbc3,681,N3,False,0.053338777925896405,0
20241219T232019 - 9bbc3,682,N2,False,0.06026652512134427,0
20241219T232019 - 9bbc3,683,N3,False,0.06694031614824522,0
20241219T232019 - 9bbc3,684,N2,False,0.13520204401724867,0
20241219T232019 - 9bbc3,685,N2,False,0.058603914882038144,0
20241219T232019 - 9bbc3,686,N3,False,0.13383608262650978,0
20241219T232019 - 9bbc3,687,N2,False,0.07832771414947817,0
20241219T232019 - 9bbc3,688,N2,False,0.09737368971104222,0
20241219T232019 - 9bbc3,689,N3,False,0.05425799260665907,0
20241219T232019 - 9bbc3,690,N3,False,0.056641057779569376,0
20241219T232019 - 9bbc3,691,N2,False,0.08405879088621784,0
20241219T232019 - 9bbc3,692,N3,False,0.07604052360939681,0
20241219T232019 - 9bbc3,693,N3,False,0.04057773508197985,0
20241219T232019 - 9bbc3,694,N2,False,0.058877677023535045,0
20241219T232019 - 9bbc3,695,N2,False,0.07834374941890555,0
20241219T232019 - 9bbc3,696,N2,False,0.07754855596443347,0
20241219T232019 - 9bbc3,697,N3,False,0.06706623811744919,0
20241219T232019 - 9bbc3,698,W,False,0.37997412730111035,0
20241219T232019 - 9bbc3,699,W,False,0.2801145196267509,0
20241219T232019 - 9bbc3,700,W,False,0.29689966874270873,0
20241219T232019 - 9bbc3,701,N1,False,0.2763179054348513,0
20241219T232019 - 9bbc3,702,N1,True,0.34665195661217424,0
20241219T232019 - 9bbc3,703,N1,True,0.3830443811420392,0
20241219T232019 - 9bbc3,704,N1,True,0.41239784741091157,0
20241219T232019 - 9bbc3,705,N1,False,0.4166191699494334,0
20241219T232019 - 9bbc3,706,N1,True,0.4818926976450233,0
20241219T232019 - 9bbc3,707,N1,True,0.495023882655671,0
20241219T232019 - 9bbc3,708,N1,True,0.46922128524480833,0
20241219T232019 - 9bbc3,709,N1,True,0.393575362853833,0
20241219T232019 - 9bbc3,710,N1,True,0.38678792189855765,0
20241219T232019 - 9bbc3,711,N1,False,0.41501162826261845,0
20241219T232019 - 9bbc3,712,N1,True,0.44653252670087673,0
20241219T232019 - 9bbc3,713,N1,True,0.4377299842154805,0
20241219T232019 - 9bbc3,714,N1,False,0.4876797513855914,0
20241219T232019 - 9bbc3,715,N1,True,0.3646841602061846,0
20241219T232019 - 9bbc3,716,N1,False,0.37144240824151226,0
20241219T232019 - 9bbc3,717,N1,True,0.4685580443642597,0
20250312T230552 - 5398d,0,W,False,0.22947092081286427,0
20250312T230552 - 5398d,1,W,False,0.1777383640568313,0
20250312T230552 - 5398d,2,W,False,0.1627731448750206,0
20250312T230552 - 5398d,3,W,False,0.23006983389171815,0
20250312T230552 - 5398d,4,W,False,0.18636827309593185,0
20250312T230552 - 5398d,5,W,False,0.16662760699902152,0
20250312T230552 - 5398d,6,W,False,0.19438736943772209,0
20250312T230552 - 5398d,7,W,False,0.20675318072216237,0
20250312T230552 - 5398d,8,W,False,0.1902482463256464,0
20250312T230552 - 5398d,9,W,False,0.267982904900199,0
20250312T230552 - 5398d,10,W,False,0.2938174632307147,0
20250312T230552 - 5398d,11,W,False,0.24120261645262026,0
20250312T230552 - 5398d,12,W,False,0.21085505016695144,0
20250312T230552 - 5398d,13,W,False,0.19787419861695127,0
20250312T230552 - 5398d,14,W,False,0.2443326715387695,0
20250312T230552 - 5398d,15,W,False,0.22482089134579294,0
20250312T230552 - 5398d,16,W,False,0.30161440944435847,0
20250312T230552 - 5398d,17,W,False,0.218607204605769,0
20250312T230552 - 5398d,18,W,False,0.25891035838509746,0
20250312T230552 - 5398d,19,W,False,0.20401323052271983,0
20250312T230552 - 5398d,20,W,False,0.25431424456512164,0
20250312T230552 - 5398d,21,W,False,0.2502807547084163,0
20250312T230552 - 5398d,22,N1,True,0.3252396702844069,0
20250312T230552 - 5398d,23,N1,False,0.32784136108395295,0
20250312T230552 - 5398d,24,N1,False,0.3408926923805739,0
20250312T230552 - 5398d,25,N1,False,0.32959784355109634,0
20250312T230552 - 5398d,26,N1,True,0.3508924852595361,0
20250312T230552 - 5398d,27,N1,False,0.3537995550496148,0
20250312T230552 - 5398d,28,N1,True,0.3846013269880585,0
20250312T230552 - 5398d,29,N1,False,0.364541613039475,0
20250312T230552 - 5398d,30,N1,False,0.343938914338141,0
20250312T230552 - 5398d,31,N1,False,0.3720706198546405,0
20250312T230552 - 5398d,32,N1,False,0.3589146880100522,0
20250312T230552 - 5398d,33,N2,True,0.31029119752560425,0
20250312T230552 - 5398d,34,N1,False,0.3487054577517762,0
20250312T230552 - 5398d,35,N1,False,0.4308519676826789,0
20250312T230552 - 5398d,36,N1,False,0.3983060758154233,0
20250312T230552 - 5398d,37,N2,False,0.35307152641268374,0
20250312T230552 - 5398d,38,N2,False,0.3838168745099854,0
20250312T230552 - 5398d,39,N2,False,0.34756081296420577,0
20250312T230552 - 5398d,40,N2,True,0.34023133496842467,0
20250312T230552 - 5398d,41,N2,False,0.4267595918444239,0
20250312T230552 - 5398d,42,N1,False,0.49599700199759833,0
20250312T230552 - 5398d,43,N2,False,0.43319067777214487,0
20250312T230552 - 5398d,44,N2,False,0.3932068119524396,0
20250312T230552 - 5398d,45,N2,False,0.3589753481623948,0
20250312T230552 - 5398d,46,N2,False,0.37309786265201533,0
20250312T230552 - 5398d,47,N2,False,0.34805290774959863,0
20250312T230552 - 5398d,48,N3,False,0.4170275032192828,0
20250312T230552 - 5398d,49,N2,False,0.3043090720850112,0
20250312T230552 - 5398d,50,N3,False,0.33783215094578345,0
20250312T230552 - 5398d,51,N3,False,0.2836577224805296,0
20250312T230552 - 5398d,52,N3,False,0.344620727075584,0
20250312T230552 - 5398d,53,N3,False,0.26202169727862634,0
20250312T230552 - 5398d,54,N3,False,0.3461076609827641,0
20250312T230552 - 5398d,55,N3,False,0.28331437981629826,0
20250312T230552 - 5398d,56,N3,False,0.4150467863269144,0
20250312T230552 - 5398d,57,N3,False,0.2793310470374119,0
20250312T230552 - 5398d,58,N3,False,0.32422841129019786,0
20250312T230552 - 5398d,59,N3,False,0.3166320658123504,0
20250312T230552 - 5398d,60,N3,False,0.3015464035718814,0
20250312T230552 - 5398d,61,N3,False,0.4404044467149209,0
20250312T230552 - 5398d,62,N3,False,0.43956744037019624,0
20250312T230552 - 5398d,63,N3,False,0.31154860759603314,0
20250312T230552 - 5398d,64,N3,False,0.28722047072269413,0
20250312T230552 - 5398d,65,N3,False,0.39081432918169695,0
20250312T230552 - 5398d,66,N3,False,0.37436388335316345,0
20250312T230552 - 5398d,67,N3,False,0.3986404744844272,0
20250312T230552 - 5398d,68,N3,False,0.27052172006144215,0
20250312T230552 - 5398d,69,N3,False,0.3089205715226097,0
20250312T230552 - 5398d,70,N3,False,0.31346748413339814,0
20250312T230552 - 5398d,71,N3,False,0.36671002747584863,0
20250312T230552 - 5398d,72,N3,False,0.3005904628100506,0
20250312T230552 - 5398d,73,N3,False,0.30416467340277614,0
20250312T230552 - 5398d,74,N3,False,0.30400680036089534,0
20250312T230552 - 5398d,75,N3,False,0.2766033334738489,0
20250312T230552 - 5398d,76,N3,False,0.30784005945276444,0
20250312T230552 - 5398d,77,N3,False,0.3092786949126205,0
20250312T230552 - 5398d,78,N3,False,0.3672363091722746,0
20250312T230552 - 5398d,79,N3,False,0.2795785250552048,0
20250312T230552 - 5398d,80,N3,False,0.26208776013906365,0
20250312T230552 - 5398d,81,N3,False,0.25735689879086,0
20250312T230552 - 5398d,82,N3,False,0.2891585615301247,0
20250312T230552 - 5398d,83,N3,False,0.26941151134984787,0
20250312T230552 - 5398d,84,N3,False,0.26586852488845936,0
20250312T230552 - 5398d,85,N3,False,0.26875841266729017,0
20250312T230552 - 5398d,86,N3,False,0.2516389861480279,0
20250312T230552 - 5398d,87,N3,False,0.3007025413105835,0
20250312T230552 - 5398d,88,N3,False,0.259899142237142,0
20250312T230552 - 5398d,89,N3,False,0.25617069938960385,0
20250312T230552 - 5398d,90,N3,False,0.28150352334389944,0
20250312T230552 - 5398d,91,N3,False,0.2951146655961007,0
20250312T230552 - 5398d,92,N3,False,0.306840638712467,0
20250312T230552 - 5398d,93,N3,False,0.2581329048896403,0
20250312T230552 - 5398d,94,N3,False,0.29765473598098924,0
20250312T230552 - 5398d,95,N3,False,0.41966506338882376,0
20250312T230552 - 5398d,96,N3,False,0.3395567757771122,0
20250312T230552 - 5398d,97,N3,False,0.27090104536841897,0
20250312T230552 - 5398d,98,N3,False,0.258968096406058,0
20250312T230552 - 5398d,99,N3,False,0.221941049554752,0
20250312T230552 - 5398d,100,N3,False,0.25137537117926473,0
20250312T230552 - 5398d,101,N3,False,0.2500395700031944,0
20250312T230552 - 5398d,102,N3,False,0.30918384853806813,0
20250312T230552 - 5398d,103,N3,False,0.2580072036849441,0
20250312T230552 - 5398d,104,N3,False,0.22762665227549028,0
20250312T230552 - 5398d,105,N3,False,0.22894072993779693,0
20250312T230552 - 5398d,106,N3,False,0.2720369711028668,0
20250312T230552 - 5398d,107,N3,False,0.3025146775702702,0
20250312T230552 - 5398d,108,N3,False,0.2319975000364829,0
20250312T230552 - 5398d,109,N3,False,0.2442067942122178,0
20250312T230552 - 5398d,110,N3,False,0.23994037850423028,0
20250312T230552 - 5398d,111,N3,False,0.23644604206060987,0
20250312T230552 - 5398d,112,N3,False,0.2669645638714051,0
20250312T230552 - 5398d,113,N3,False,0.2662913831055755,0
20250312T230552 - 5398d,114,N3,False,0.24860012285869018,0
20250312T230552 - 5398d,115,N3,False,0.25625155284147716,0
20250312T230552 - 5398d,116,N3,False,0.3068161296976832,0
20250312T230552 - 5398d,117,N3,False,0.23887964877348505,0
20250312T230552 - 5398d,118,N3,False,0.3177514376567605,0
20250312T230552 - 5398d,119,N3,False,0.2572060415058828,0
20250312T230552 - 5398d,120,N3,False,0.26680604781357625,0
20250312T230552 - 5398d,121,N3,False,0.2713402210512663,0
20250312T230552 - 5398d,122,N3,False,0.2802348717777363,0
20250312T230552 - 5398d,123,N3,False,0.32361613450421767,0
20250312T230552 - 5398d,124,N3,False,0.24359367352577316,0
20250312T230552 - 5398d,125,N3,False,0.25785508843852656,0
20250312T230552 - 5398d,126,N3,False,0.27633665791029227,0
20250312T230552 - 5398d,127,N3,False,0.27625881073066855,0
20250312T230552 - 5398d,128,N3,False,0.3467645008336788,0
20250312T230552 - 5398d,129,N3,False,0.3020497677090343,0
20250312T230552 - 5398d,130,N3,False,0.25953158688159567,0
20250312T230552 - 5398d,131,N3,False,0.253965850922709,0
20250312T230552 - 5398d,132,N3,False,0.24524633385889552,0
20250312T230552 - 5398d,133,N3,False,0.24895840764837648,0
20250312T230552 - 5398d,134,N3,False,0.24306684948307727,0
20250312T230552 - 5398d,135,N3,False,0.2744022240811208,0
20250312T230552 - 5398d,136,N3,False,0.26400796972160256,0
20250312T230552 - 5398d,137,N3,False,0.2566504658615012,0
20250312T230552 - 5398d,138,N3,False,0.2319291732325972,0
20250312T230552 - 5398d,139,N3,False,0.2566590740331353,0
20250312T230552 - 5398d,140,N3,False,0.28712200122030324,0
20250312T230552 - 5398d,141,N3,False,0.26643844387391513,0
20250312T230552 - 5398d,142,N3,False,0.2592805828089093,0
20250312T230552 - 5398d,143,N3,False,0.25863124565717827,0
20250312T230552 - 5398d,144,N3,False,0.2555135320467851,0
20250312T230552 - 5398d,145,N3,False,0.23554798389587506,0
20250312T230552 - 5398d,146,N3,False,0.3146669707425187,0
20250312T230552 - 5398d,147,N3,False,0.2503482748463641,0
20250312T230552 - 5398d,148,N3,False,0.31039784066144055,0
20250312T230552 - 5398d,149,N3,False,0.31188028687299296,0
20250312T230552 - 5398d,150,N3,True,0.2810847632460545,0
20250312T230552 - 5398d,151,N2,False,0.43924185343140915,0
20250312T230552 - 5398d,152,N2,False,0.32564825164504735,0
20250312T230552 - 5398d,153,N2,False,0.25384257955864237,0
20250312T230552 - 5398d,154,N2,True,0.2523614195580048,0
20250312T230552 - 5398d,155,N1,False,0.4524675845098485,0
20250312T230552 - 5398d,156,N2,False,0.3669148416099144,0
20250312T230552 - 5398d,157,N2,False,0.35581202210920454,0
20250312T230552 - 5398d,158,N2,False,0.24159516912418696,0
20250312T230552 - 5398d,159,N2,False,0.32711427087600664,0
20250312T230552 - 5398d,160,N2,False,0.28651082352763596,0
20250312T230552 - 5398d,161,N2,False,0.24483602921816958,0
20250312T230552 - 5398d,162,N2,False,0.3691939688388409,0
20250312T230552 - 5398d,163,N2,False,0.31370801078857435,0
20250312T230552 - 5398d,164,N2,False,0.48536294751230025,0
20250312T230552 - 5398d,165,N2,False,0.3626308808793801,0
20250312T230552 - 5398d,166,N2,False,0.541587397021992,1
20250312T230552 - 5398d,167,N2,False,0.3697178429463806,0
20250312T230552 - 5398d,168,N2,False,0.380470214002139,0
20250312T230552 - 5398d,169,N2,False,0.2679862339364347,0
20250312T230552 - 5398d,170,N2,False,0.31470097244740564,0
20250312T230552 - 5398d,171,N2,False,0.37870083483342115,0
20250312T230552 - 5398d,172,N2,False,0.37150827768925704,0
20250312T230552 - 5398d,173,N2,False,0.32688776263745295,0
20250312T230552 - 5398d,174,N2,False,0.36994535682652385,0
20250312T230552 - 5398d,175,N2,False,0.2548328636758225,0
20250312T230552 - 5398d,176,N2,False,0.3443100754392619,0
20250312T230552 - 5398d,177,N2,False,0.3103360055533268,0
20250312T230552 - 5398d,178,N2,False,0.41962010711805015,0
20250312T230552 - 5398d,179,N2,False,0.39216580644146826,0
20250312T230552 - 5398d,180,N2,False,0.44257864527122076,0
20250312T230552 - 5398d,181,N2,False,0.3672206578935125,0
20250312T230552 - 5398d,182,N2,True,0.3814910080762682,0
20250312T230552 - 5398d,183,N1,False,0.5464083489681452,1
20250312T230552 - 5398d,184,N1,False,0.491333250963529,0
20250312T230552 - 5398d,185,N1,False,0.47168602801966947,0
20250312T230552 - 5398d,186,N2,False,0.46173067661727685,0
20250312T230552 - 5398d,187,N2,False,0.4660735719574628,0
20250312T230552 - 5398d,188,N2,False,0.2646604181590451,0
20250312T230552 - 5398d,189,N2,False,0.31648660659340416,0
20250312T230552 - 5398d,190,N2,True,0.28657709740955933,0
20250312T230552 - 5398d,191,N2,False,0.48276380665775404,0
20250312T230552 - 5398d,192,N2,False,0.32262334029305295,0
20250312T230552 - 5398d,193,N2,False,0.39155327373654714,0
20250312T230552 - 5398d,194,N2,True,0.4814167164065954,0
20250312T230552 - 5398d,195,N2,True,0.39765617992323404,0
20250312T230552 - 5398d,196,N2,False,0.45274055093886545,0
20250312T230552 - 5398d,197,N2,True,0.33980164154568243,0
20250312T230552 - 5398d,198,N2,True,0.3730023693537882,0
20250312T230552 - 5398d,199,N2,False,0.35658792590453925,0
20250312T230552 - 5398d,200,N1,True,0.39079109715040095,0
20250312T230552 - 5398d,201,N1,True,0.41052427314465456,0
20250312T230552 - 5398d,202,N2,True,0.4738651802513227,0
20250312T230552 - 5398d,203,N1,True,0.5069714423159374,1
20250312T230552 - 5398d,204,N2,False,0.3415192322807537,0
20250312T230552 - 5398d,205,N1,True,0.4193625121235863,0
20250312T230552 - 5398d,206,N2,False,0.45625209039708264,0
20250312T230552 - 5398d,207,N2,True,0.30572606399379926,0
20250312T230552 - 5398d,208,N1,True,0.4443623570260936,0
20250312T230552 - 5398d,209,N2,False,0.5065908902768864,1
20250312T230552 - 5398d,210,N2,False,0.39038985324550735,0
20250312T230552 - 5398d,211,N2,True,0.33566775329535775,0
20250312T230552 - 5398d,212,N2,False,0.3352018038757514,0
20250312T230552 - 5398d,213,N1,True,0.31802664991061336,0
20250312T230552 - 5398d,214,N1,True,0.46002134649140275,0
20250312T230552 - 5398d,215,N1,True,0.48605846760223564,0
20250312T230552 - 5398d,216,N2,True,0.2901945257474498,0
20250312T230552 - 5398d,217,N1,True,0.43663946373300716,0
20250312T230552 - 5398d,218,N2,False,0.22363187948519733,0
20250312T230552 - 5398d,219,N1,False,0.38673145410791365,0
20250312T230552 - 5398d,220,N2,True,0.3674954063402577,0
20250312T230552 - 5398d,221,N2,False,0.3350767648541892,0
20250312T230552 - 5398d,222,N2,True,0.2658406347840814,0
20250312T230552 - 5398d,223,N1,True,0.44168699419391944,0
20250312T230552 - 5398d,224,N1,False,0.36856452428751146,0
20250312T230552 - 5398d,225,N2,False,0.3074641518705736,0
20250312T230552 - 5398d,226,N2,True,0.28845180250250596,0
20250312T230552 - 5398d,227,N2,False,0.32861007155537847,0
20250312T230552 - 5398d,228,N2,False,0.23918496639681994,0
20250312T230552 - 5398d,229,N2,False,0.3158132635811139,0
20250312T230552 - 5398d,230,N2,False,0.3651616309723248,0
20250312T230552 - 5398d,231,N2,False,0.3838465638076678,0
20250312T230552 - 5398d,232,N2,False,0.4409059728117884,0
20250312T230552 - 5398d,233,N2,False,0.30651260842598493,0
20250312T230552 - 5398d,234,N2,True,0.2641376705129648,0
20250312T230552 - 5398d,235,N2,False,0.4059273348477979,0
20250312T230552 - 5398d,236,N1,True,0.3748979088181354,0
20250312T230552 - 5398d,237,N2,False,0.5564390423442349,1
20250312T230552 - 5398d,238,N1,True,0.3500265216021126,0
20250312T230552 - 5398d,239,W,True,0.3794014690524067,0
20250312T230552 - 5398d,240,N1,False,0.49066704851717546,0
20250312T230552 - 5398d,241,W,True,0.4127251068167687,0
20250312T230552 - 5398d,242,N1,True,0.5558490358583295,1
20250312T230552 - 5398d,243,N1,False,0.40962494478674816,0
20250312T230552 - 5398d,244,N1,True,0.4741006176237843,0
20250312T230552 - 5398d,245,W,False,0.4003112408153518,0
20250312T230552 - 5398d,246,W,False,0.20401422497677316,0
20250312T230552 - 5398d,247,W,False,0.2544235272913022,0
20250312T230552 - 5398d,248,W,True,0.2853886334873977,0
20250312T230552 - 5398d,249,N1,True,0.37919334680427463,0
20250312T230552 - 5398d,250,N1,True,0.3508057675691433,0
20250312T230552 - 5398d,251,N1,False,0.3706406402153386,0
20250312T230552 - 5398d,252,N2,True,0.34928204399984897,0
20250312T230552 - 5398d,253,N2,True,0.2975762380764236,0
20250312T230552 - 5398d,254,N1,False,0.3422356612846738,0
20250312T230552 - 5398d,255,N1,False,0.3521162842535787,0
20250312T230552 - 5398d,256,N2,False,0.31891349106833733,0
20250312T230552 - 5398d,257,N2,False,0.2799829712228568,0
20250312T230552 - 5398d,258,N2,True,0.31945545236596695,0
20250312T230552 - 5398d,259,W,False,0.24714394301931203,0
20250312T230552 - 5398d,260,N1,False,0.2960051633451633,0
20250312T230552 - 5398d,261,N2,False,0.27401028968091923,0
20250312T230552 - 5398d,262,N2,False,0.3189328210266628,0
20250312T230552 - 5398d,263,N2,False,0.278792453916102,0
20250312T230552 - 5398d,264,N2,False,0.24898592808232548,0
20250312T230552 - 5398d,265,N2,False,0.36337652877094717,0
20250312T230552 - 5398d,266,N2,False,0.2813473834364861,0
20250312T230552 - 5398d,267,N2,False,0.2757676303248816,0
20250312T230552 - 5398d,268,N2,False,0.25573381659108696,0
20250312T230552 - 5398d,269,N2,False,0.22812002460629588,0
20250312T230552 - 5398d,270,N2,False,0.2411901994038514,0
20250312T230552 - 5398d,271,N2,False,0.26069525197502097,0
20250312T230552 - 5398d,272,N2,False,0.19200320354153583,0
20250312T230552 - 5398d,273,N2,False,0.19381742425412835,0
20250312T230552 - 5398d,274,N2,False,0.15320972612499587,0
20250312T230552 - 5398d,275,N2,False,0.2232712354640135,0
20250312T230552 - 5398d,276,N2,False,0.2708219374601907,0
20250312T230552 - 5398d,277,N3,False,0.23622181539922196,0
20250312T230552 - 5398d,278,N2,False,0.19033993602176927,0
20250312T230552 - 5398d,279,N2,False,0.21691777927650718,0
20250312T230552 - 5398d,280,N3,False,0.2782940557570976,0
20250312T230552 - 5398d,281,N2,False,0.2750275140468944,0
20250312T230552 - 5398d,282,N2,False,0.3148641116106503,0
20250312T230552 - 5398d,283,N2,False,0.24216108369921113,0
20250312T230552 - 5398d,284,N2,False,0.18976766397956213,0
20250312T230552 - 5398d,285,N2,False,0.2515881256292877,0
20250312T230552 - 5398d,286,N2,False,0.1866384558285079,0
20250312T230552 - 5398d,287,N3,False,0.2547843001345214,0
20250312T230552 - 5398d,288,N2,False,0.2810979806926197,0
20250312T230552 - 5398d,289,N2,False,0.2075358424518868,0
20250312T230552 - 5398d,290,N2,False,0.24348930277541034,0
20250312T230552 - 5398d,291,N3,False,0.26019379523026115,0
20250312T230552 - 5398d,292,N3,False,0.2692514354483606,0
20250312T230552 - 5398d,293,N3,False,0.23910687235867598,0
20250312T230552 - 5398d,294,N3,False,0.25036138253384793,0
20250312T230552 - 5398d,295,N2,False,0.22517560085751104,0
20250312T230552 - 5398d,296,N3,False,0.26968741093364546,0
20250312T230552 - 5398d,297,N3,False,0.26067909978975595,0
20250312T230552 - 5398d,298,N3,False,0.23108581711129375,0
20250312T230552 - 5398d,299,N3,True,0.2526526859339803,0
20250312T230552 - 5398d,300,N2,True,0.3209685536590594,0
20250312T230552 - 5398d,301,N1,False,0.42059660699745377,0
20250312T230552 - 5398d,302,N2,False,0.34677936328044867,0
20250312T230552 - 5398d,303,N2,False,0.24752901171563807,0
20250312T230552 - 5398d,304,N2,False,0.25904928831005286,0
20250312T230552 - 5398d,305,N2,False,0.261694419963683,0
20250312T230552 - 5398d,306,N3,False,0.24301151709372792,0
20250312T230552 - 5398d,307,N2,False,0.24404545611548173,0
20250312T230552 - 5398d,308,N2,False,0.24129683089989012,0
20250312T230552 - 5398d,309,N2,False,0.2022734297111458,0
20250312T230552 - 5398d,310,N3,False,0.2740948767788806,0
20250312T230552 - 5398d,311,N3,False,0.22587287787451596,0
20250312T230552 - 5398d,312,N2,False,0.2606989633842078,0
20250312T230552 - 5398d,313,N3,False,0.2627881481099114,0
20250312T230552 - 5398d,314,N3,False,0.2483465216548837,0
20250312T230552 - 5398d,315,N3,False,0.2663124526820921,0
20250312T230552 - 5398d,316,N3,False,0.25455007391813256,0
20250312T230552 - 5398d,317,N3,False,0.2935011238853257,0
20250312T230552 - 5398d,318,N2,False,0.30037080462131344,0
20250312T230552 - 5398d,319,N2,False,0.2124962611677218,0
20250312T230552 - 5398d,320,N3,False,0.2142829549193306,0
20250312T230552 - 5398d,321,N3,False,0.22362185149533953,0
20250312T230552 - 5398d,322,N3,False,0.246849929620062,0
20250312T230552 - 5398d,323,N2,False,0.17873164961733282,0
20250312T230552 - 5398d,324,N3,False,0.23625562336786537,0
20250312T230552 - 5398d,325,N3,False,0.24938507466385856,0
20250312T230552 - 5398d,326,N3,False,0.29196832287941343,0
20250312T230552 - 5398d,327,N2,False,0.2296298147626298,0
20250312T230552 - 5398d,328,N3,False,0.27224174315811317,0
20250312T230552 - 5398d,329,N2,False,0.22161196760420185,0
20250312T230552 - 5398d,330,N3,False,0.2571221517051237,0
20250312T230552 - 5398d,331,W,False,0.37046836636960445,0
20250312T230552 - 5398d,332,N1,False,0.3000279192941878,0
20250312T230552 - 5398d,333,N1,False,0.29654783423069614,0
20250312T230552 - 5398d,334,REM,False,0.24635272868862704,0
20250312T230552 - 5398d,335,REM,False,0.2724883566640495,0
20250312T230552 - 5398d,336,REM,False,0.3017726602888056,0
20250312T230552 - 5398d,337,REM,False,0.2916183796059542,0
20250312T230552 - 5398d,338,REM,False,0.29340225382326984,0
20250312T230552 - 5398d,339,REM,False,0.31764552324317497,0
20250312T230552 - 5398d,340,REM,True,0.340878507775451,0
20250312T230552 - 5398d,341,REM,False,0.38813181293525545,0
20250312T230552 - 5398d,342,REM,False,0.266562887047042,0
20250312T230552 - 5398d,343,REM,True,0.27396159379821955,0
20250312T230552 - 5398d,344,REM,False,0.3321270753410783,0
20250312T230552 - 5398d,345,REM,False,0.316475513635353,0
20250312T230552 - 5398d,346,REM,True,0.31530617110713016,0
20250312T230552 - 5398d,347,REM,False,0.3367982547694794,0
20250312T230552 - 5398d,348,REM,True,0.31913807320127746,0
20250312T230552 - 5398d,349,REM,False,0.32873241450127016,0
20250312T230552 - 5398d,350,REM,False,0.2989180962737995,0
20250312T230552 - 5398d,351,REM,False,0.24910047025693782,0
20250312T230552 - 5398d,352,REM,False,0.23039495014895206,0
20250312T230552 - 5398d,353,REM,False,0.262880791101652,0
20250312T230552 - 5398d,354,REM,False,0.3045942390734,0
20250312T230552 - 5398d,355,REM,False,0.3163113005412043,0
20250312T230552 - 5398d,356,REM,False,0.25819380566217665,0
20250312T230552 - 5398d,357,REM,False,0.2717439047323427,0
20250312T230552 - 5398d,358,REM,False,0.2955304295781064,0
20250312T230552 - 5398d,359,REM,False,0.23017852337693628,0
20250312T230552 - 5398d,360,REM,False,0.23237438641738162,0
20250312T230552 - 5398d,361,REM,False,0.2707492040246843,0
20250312T230552 - 5398d,362,REM,False,0.25217814219164275,0
20250312T230552 - 5398d,363,REM,False,0.2637332280117798,0
20250312T230552 - 5398d,364,REM,False,0.244466633914193,0
20250312T230552 - 5398d,365,REM,False,0.2900691601087591,0
20250312T230552 - 5398d,366,REM,False,0.2626050544217706,0
20250312T230552 - 5398d,367,REM,False,0.2253132831114894,0
20250312T230552 - 5398d,368,REM,False,0.25408201862526847,0
20250312T230552 - 5398d,369,REM,False,0.31552220694040417,0
20250312T230552 - 5398d,370,REM,False,0.26152241443482377,0
20250312T230552 - 5398d,371,REM,False,0.2178857676188892,0
20250312T230552 - 5398d,372,REM,True,0.22645720466077296,0
20250312T230552 - 5398d,373,REM,False,0.3669751175315292,0
20250312T230552 - 5398d,374,REM,False,0.31296513292275313,0
20250312T230552 - 5398d,375,REM,False,0.24252095618087793,0
20250312T230552 - 5398d,376,REM,False,0.27196974165139237,0
20250312T230552 - 5398d,377,REM,False,0.2787478590061486,0
20250312T230552 - 5398d,378,REM,False,0.3235316908647537,0
20250312T230552 - 5398d,379,REM,False,0.2693028589551673,0
20250312T230552 - 5398d,380,REM,False,0.27287787648038603,0
20250312T230552 - 5398d,381,REM,True,0.27947745168411076,0
20250312T230552 - 5398d,382,W,False,0.3315221125407967,0
20250312T230552 - 5398d,383,N1,False,0.26713933044238464,0
20250312T230552 - 5398d,384,N1,False,0.3188039393273068,0
20250312T230552 - 5398d,385,N1,False,0.2854147331914193,0
20250312T230552 - 5398d,386,N1,False,0.22340052154912723,0
20250312T230552 - 5398d,387,N1,False,0.339629746340769,0
20250312T230552 - 5398d,388,N1,False,0.41810123457047377,0
20250312T230552 - 5398d,389,N2,True,0.30151282737538554,0
20250312T230552 - 5398d,390,N1,False,0.45308575137712515,0
20250312T230552 - 5398d,391,N2,False,0.29328298696322436,0
20250312T230552 - 5398d,392,N2,False,0.24451087811232772,0
20250312T230552 - 5398d,393,N2,False,0.2679494794502174,0
20250312T230552 - 5398d,394,N2,False,0.42068420695704334,0
20250312T230552 - 5398d,395,N2,False,0.19084349812990947,0
20250312T230552 - 5398d,396,N2,False,0.24292939982989978,0
20250312T230552 - 5398d,397,N2,False,0.33829263905703544,0
20250312T230552 - 5398d,398,N2,False,0.2818107869907261,0
20250312T230552 - 5398d,399,N2,False,0.3329637684537465,0
20250312T230552 - 5398d,400,N2,False,0.3041233855705946,0
20250312T230552 - 5398d,401,N2,True,0.2897597901005329,0
20250312T230552 - 5398d,402,N2,False,0.40720999294373195,0
20250312T230552 - 5398d,403,N2,False,0.5581243746667854,1
20250312T230552 - 5398d,404,N2,False,0.2890004585065579,0
20250312T230552 - 5398d,405,N2,False,0.3258730062730068,0
20250312T230552 - 5398d,406,N2,False,0.2487895430903707,0
20250312T230552 - 5398d,407,N2,False,0.3040512096491148,0
20250312T230552 - 5398d,408,N2,True,0.31508609591129894,0
20250312T230552 - 5398d,409,N1,True,0.4407086904889956,0
20250312T230552 - 5398d,410,N1,False,0.5088567105479849,1
20250312T230552 - 5398d,411,N1,False,0.3361801306518379,0
20250312T230552 - 5398d,412,N2,False,0.32282663021777935,0
20250312T230552 - 5398d,413,N2,False,0.28952321950144694,0
20250312T230552 - 5398d,414,N2,False,0.26955539972062703,0
20250312T230552 - 5398d,415,N2,True,0.3947601006568031,0
20250312T230552 - 5398d,416,N1,False,0.391547150892924,0
20250312T230552 - 5398d,417,N2,False,0.3089645122271458,0
20250312T230552 - 5398d,418,N2,False,0.25986167994785025,0
20250312T230552 - 5398d,419,N2,False,0.2723468131760972,0
20250312T230552 - 5398d,420,N2,False,0.2403365846358377,0
20250312T230552 - 5398d,421,N2,False,0.3045616705937705,0
20250312T230552 - 5398d,422,N2,False,0.33292441983518517,0
20250312T230552 - 5398d,423,N2,False,0.3273663538924591,0
20250312T230552 - 5398d,424,N2,False,0.23608484562598286,0
20250312T230552 - 5398d,425,N2,False,0.29073652520662535,0
20250312T230552 - 5398d,426,N2,True,0.2880105699578719,0
20250312T230552 - 5398d,427,N2,False,0.4473329713261935,0
20250312T230552 - 5398d,428,N1,False,0.3382745695639348,0
20250312T230552 - 5398d,429,N2,True,0.26822193966686286,0
20250312T230552 - 5398d,430,N2,False,0.44338686430211743,0
20250312T230552 - 5398d,431,N2,True,0.28069461087480896,0
20250312T230552 - 5398d,432,N1,False,0.4539125490949881,0
20250312T230552 - 5398d,433,N2,False,0.3617932387971279,0
20250312T230552 - 5398d,434,N2,False,0.3056137725938069,0
20250312T230552 - 5398d,435,N2,True,0.35137574660850923,0
20250312T230552 - 5398d,436,N2,False,0.4069003116944528,0
20250312T230552 - 5398d,437,N2,False,0.28222302004467276,0
20250312T230552 - 5398d,438,N2,True,0.39673164091488927,0
20250312T230552 - 5398d,439,N2,False,0.35818705975203324,0
20250312T230552 - 5398d,440,N1,False,0.3716358731992304,0
20250312T230552 - 5398d,441,N2,False,0.4267479758213253,0
20250312T230552 - 5398d,442,N2,False,0.342545271654332,0
20250312T230552 - 5398d,443,N2,False,0.3283569133640103,0
20250312T230552 - 5398d,444,N2,False,0.38501666213039537,0
20250312T230552 - 5398d,445,N2,True,0.3085398886004041,0
20250312T230552 - 5398d,446,N2,True,0.3655304800961051,0
20250312T230552 - 5398d,447,N1,False,0.4410776973030749,0
20250312T230552 - 5398d,448,N1,False,0.3655373306064154,0
20250312T230552 - 5398d,449,N2,False,0.3015196706971209,0
20250312T230552 - 5398d,450,N2,False,0.3065364574402639,0
20250312T230552 - 5398d,451,N2,True,0.24184356863304102,0
20250312T230552 - 5398d,452,N2,False,0.4230816705478116,0
20250312T230552 - 5398d,453,N1,False,0.40898137405399404,0
20250312T230552 - 5398d,454,N2,False,0.3925898511740996,0
20250312T230552 - 5398d,455,N2,False,0.3495725279985385,0
20250312T230552 - 5398d,456,N2,False,0.27496872400860134,0
20250312T230552 - 5398d,457,N2,False,0.37031813452293627,0
20250312T230552 - 5398d,458,N2,False,0.30631757237342166,0
20250312T230552 - 5398d,459,N2,True,0.24828660337486114,0
20250312T230552 - 5398d,460,W,False,0.3276022618710226,0
20250312T230552 - 5398d,461,N2,False,0.2767523998667536,0
20250312T230552 - 5398d,462,N2,False,0.2684654059953904,0
20250312T230552 - 5398d,463,N2,False,0.3016529081011059,0
20250312T230552 - 5398d,464,N2,False,0.21093308872133512,0
20250312T230552 - 5398d,465,N2,True,0.26018485136280245,0
20250312T230552 - 5398d,466,N1,False,0.3912425601834053,0
20250312T230552 - 5398d,467,N1,False,0.23200698432410072,0
20250312T230552 - 5398d,468,N1,False,0.26653039376509957,0
20250312T230552 - 5398d,469,N2,True,0.22928099595610088,0
20250312T230552 - 5398d,470,N2,False,0.35945509524030356,0
20250312T230552 - 5398d,471,N1,False,0.3382175517585207,0
20250312T230552 - 5398d,472,N2,False,0.5253815446512153,1
20250312T230552 - 5398d,473,N2,False,0.3012736348314362,0
20250312T230552 - 5398d,474,N2,False,0.23962248964474767,0
20250312T230552 - 5398d,475,N2,True,0.25731072431577423,0
20250312T230552 - 5398d,476,N1,True,0.3982247910329763,0
20250312T230552 - 5398d,477,N2,False,0.39084279213390344,0
20250312T230552 - 5398d,478,N1,False,0.4682322174760675,0
20250312T230552 - 5398d,479,N2,False,0.45781254758577583,0
20250312T230552 - 5398d,480,N2,False,0.36125937166446925,0
20250312T230552 - 5398d,481,N2,False,0.3643030898474642,0
20250312T230552 - 5398d,482,N2,False,0.25400732931732495,0
20250312T230552 - 5398d,483,N2,False,0.4011575747320012,0
20250312T230552 - 5398d,484,N2,False,0.2316996477796972,0
20250312T230552 - 5398d,485,N2,False,0.26548862161175774,0
20250312T230552 - 5398d,486,N2,True,0.24042215229569597,0
20250312T230552 - 5398d,487,N2,False,0.3764720685945755,0
20250312T230552 - 5398d,488,N2,False,0.28898829979110874,0
20250312T230552 - 5398d,489,N2,False,0.3226235607207952,0
20250312T230552 - 5398d,490,N2,False,0.24797106498714597,0
20250312T230552 - 5398d,491,N2,False,0.33371162869261817,0
20250312T230552 - 5398d,492,N2,False,0.23791679441109218,0
20250312T230552 - 5398d,493,N2,False,0.24015570406877831,0
20250312T230552 - 5398d,494,N2,True,0.2242697156100058,0
20250312T230552 - 5398d,495,N1,False,0.48676988751365324,0
20250312T230552 - 5398d,496,N2,False,0.24799685209833897,0
20250312T230552 - 5398d,497,N2,True,0.19929116905060298,0
20250312T230552 - 5398d,498,N2,True,0.3942786693206206,0
20250312T230552 - 5398d,499,N2,False,0.32700270493569256,0
20250312T230552 - 5398d,500,N1,True,0.49803908201213504,0
20250312T230552 - 5398d,501,N2,False,0.5097197253570499,1
20250312T230552 - 5398d,502,N2,True,0.27946972924828495,0
20250312T230552 - 5398d,503,N2,False,0.4297890303527289,0
20250312T230552 - 5398d,504,N2,True,0.2607797802198489,0
20250312T230552 - 5398d,505,N2,False,0.2938048509521427,0
20250312T230552 - 5398d,506,N1,True,0.2864437105200715,0
20250312T230552 - 5398d,507,N1,True,0.3225768723997431,0
20250312T230552 - 5398d,508,N1,True,0.5244770063673649,1
20250312T230552 - 5398d,509,N2,False,0.34626510156101536,0
20250312T230552 - 5398d,510,N1,True,0.2592729633803319,0
20250312T230552 - 5398d,511,N1,True,0.4351352055461266,0
20250312T230552 - 5398d,512,N2,False,0.4157244653918413,0
20250312T230552 - 5398d,513,N2,True,0.30247440615449483,0
20250312T230552 - 5398d,514,N2,True,0.45743717254119465,0
20250312T230552 - 5398d,515,N1,False,0.44978066687318347,0
20250312T230552 - 5398d,516,N2,True,0.27646741552115156,0
20250312T230552 - 5398d,517,N1,False,0.5242923145649357,1
20250312T230552 - 5398d,518,N2,False,0.34153915275319063,0
20250312T230552 - 5398d,519,N2,False,0.3175939248708813,0
20250312T230552 - 5398d,520,N2,False,0.24813669861504337,0
20250312T230552 - 5398d,521,N2,False,0.2631680254214259,0
20250312T230552 - 5398d,522,N2,False,0.24082518297782102,0
20250312T230552 - 5398d,523,N2,False,0.23652822688092115,0
20250312T230552 - 5398d,524,N3,False,0.23506282525316144,0
20250312T230552 - 5398d,525,N2,False,0.3272384763918625,0
20250312T230552 - 5398d,526,N2,False,0.25268183523782406,0
20250312T230552 - 5398d,527,N2,False,0.2534896728981588,0
20250312T230552 - 5398d,528,REM,True,0.3013653820150113,0
20250312T230552 - 5398d,529,REM,False,0.45035594131316964,0
20250312T230552 - 5398d,530,REM,False,0.36109942150020025,0
20250312T230552 - 5398d,531,REM,False,0.36410187819048845,0
20250312T230552 - 5398d,532,REM,False,0.37914608949583384,0
20250312T230552 - 5398d,533,REM,True,0.47402132342432707,0
20250312T230552 - 5398d,534,REM,False,0.39132897224564345,0
20250312T230552 - 5398d,535,REM,True,0.33093443760609026,0
20250312T230552 - 5398d,536,REM,True,0.5442430556419315,1
20250312T230552 - 5398d,537,REM,False,0.40831735485081116,0
20250312T230552 - 5398d,538,W,False,0.4715611603131935,0
20250312T230552 - 5398d,539,REM,True,0.3237005407885574,0
20250312T230552 - 5398d,540,N1,False,0.5516085198704304,1
20250312T230552 - 5398d,541,REM,True,0.31883015272256915,0
20250312T230552 - 5398d,542,REM,False,0.430495681886103,0
20250312T230552 - 5398d,543,REM,False,0.371333671464836,0
20250312T230552 - 5398d,544,REM,True,0.33526435107475144,0
20250312T230552 - 5398d,545,REM,False,0.48074141018033145,0
20250312T230552 - 5398d,546,REM,False,0.47485817941964015,0
20250312T230552 - 5398d,547,REM,True,0.34436278786991087,0
20250312T230552 - 5398d,548,W,False,0.5100818328466178,1
20250312T230552 - 5398d,549,REM,True,0.40223672659576026,0
20250312T230552 - 5398d,550,REM,True,0.5012033535565333,1
20250312T230552 - 5398d,551,REM,False,0.42485556382195006,0
20250312T230552 - 5398d,552,REM,False,0.40040670823583563,0
20250312T230552 - 5398d,553,REM,True,0.3616267288619423,0
20250312T230552 - 5398d,554,REM,False,0.5090001812933626,1
20250312T230552 - 5398d,555,REM,True,0.39451325145923916,0
20250312T230552 - 5398d,556,REM,True,0.4890528175623302,0
20250312T230552 - 5398d,557,REM,True,0.5942435935161863,1
20250312T230552 - 5398d,558,REM,True,0.5228794594362168,1
20250312T230552 - 5398d,559,REM,True,0.4721805742403911,0
20250312T230552 - 5398d,560,REM,False,0.3971465953088776,0
20250312T230552 - 5398d,561,REM,False,0.3513278744042194,0
20250312T230552 - 5398d,562,REM,True,0.3768936790890665,0
20250312T230552 - 5398d,563,REM,False,0.5050174337724433,1
20250312T230552 - 5398d,564,N1,True,0.5157158326489799,1
20250312T230552 - 5398d,565,N1,False,0.35274750083885165,0
20250312T230552 - 5398d,566,N1,True,0.3790838678924425,0
20250312T230552 - 5398d,567,N1,False,0.47345836600334273,0
20250312T230552 - 5398d,568,N1,True,0.36084762844453083,0
20250312T230552 - 5398d,569,N1,False,0.521015949799668,1
20250312T230552 - 5398d,570,N1,False,0.45925117172709207,0
20250312T230552 - 5398d,571,N1,False,0.3979358700832594,0
20250312T230552 - 5398d,572,N1,True,0.3324175506563082,0
20250312T230552 - 5398d,573,N1,True,0.46620915545261155,0
20250312T230552 - 5398d,574,N1,False,0.44412794324791327,0
20250312T230552 - 5398d,575,N1,False,0.49701399083275233,0
20250312T230552 - 5398d,576,N1,True,0.2932331632783698,0
20250312T230552 - 5398d,577,N1,True,0.5806962189299353,1
20250312T230552 - 5398d,578,N1,True,0.4180036981901968,0
20250312T230552 - 5398d,579,N1,False,0.3994727414279889,0
20250312T230552 - 5398d,580,N1,True,0.4730803908476629,0
20250312T230552 - 5398d,581,N2,False,0.43431040833971574,0
20250312T230552 - 5398d,582,N1,False,0.45119277517911477,0
20250312T230552 - 5398d,583,N2,False,0.3937316760181064,0
20250312T230552 - 5398d,584,N2,True,0.4492795973387323,0
20250312T230552 - 5398d,585,N2,False,0.5215922856101066,1
20250312T230552 - 5398d,586,N1,True,0.3466922050304856,0
20250312T230552 - 5398d,587,W,False,0.5293965390343733,1
20250312T230552 - 5398d,588,W,True,0.3482444056808728,0
20250312T230552 - 5398d,589,N1,False,0.33611433681100145,0
20250312T230552 - 5398d,590,N1,True,0.3512461680670053,0
20250312T230552 - 5398d,591,N1,False,0.3537500297344847,0
20250312T230552 - 5398d,592,N2,True,0.3071366411212498,0
20250312T230552 - 5398d,593,N2,False,0.2894904280374409,0
20250312T230552 - 5398d,594,N1,False,0.2859019752275687,0
20250312T230552 - 5398d,595,N2,False,0.29951330355945155,0
20250312T230552 - 5398d,596,N2,False,0.2223084021072313,0
20250312T230552 - 5398d,597,N2,False,0.3067130823879198,0
20250312T230552 - 5398d,598,N2,False,0.300781494975904,0
20250312T230552 - 5398d,599,N2,False,0.25698092276344614,0
20250312T230552 - 5398d,600,N2,False,0.3075092021626641,0
20250312T230552 - 5398d,601,N2,False,0.30210920477263536,0
20250312T230552 - 5398d,602,N2,True,0.3502555916105125,0
20250312T230552 - 5398d,603,N1,False,0.35377667757743386,0
20250312T230552 - 5398d,604,N1,False,0.4042765924497615,0
20250312T230552 - 5398d,605,N2,False,0.27558529227855344,0
20250312T230552 - 5398d,606,N2,True,0.3035498442780218,0
20250312T230552 - 5398d,607,N2,False,0.2759510998968414,0
20250312T230552 - 5398d,608,N1,False,0.3202051838855434,0
20250312T230552 - 5398d,609,N2,False,0.3387213047249428,0
20250312T230552 - 5398d,610,N2,False,0.301815178616886,0
20250312T230552 - 5398d,611,N2,False,0.2143237574075837,0
20250312T230552 - 5398d,612,N2,False,0.29695471109970467,0
20250312T230552 - 5398d,613,N2,False,0.2534116908903717,0
20250312T230552 - 5398d,614,N2,False,0.2933756465011581,0
20250312T230552 - 5398d,615,N2,False,0.25484536019559983,0
20250312T230552 - 5398d,616,N2,False,0.2906373756360606,0
20250312T230552 - 5398d,617,N2,False,0.25708374199543327,0
20250312T230552 - 5398d,618,N2,False,0.23441433926288557,0
20250312T230552 - 5398d,619,N2,False,0.29214134826892507,0
20250312T230552 - 5398d,620,N2,False,0.23877660352657035,0
20250312T230552 - 5398d,621,N2,False,0.21691471913238178,0
20250312T230552 - 5398d,622,N2,False,0.2355954379522951,0
20250312T230552 - 5398d,623,N2,False,0.25267605700531054,0
20250312T230552 - 5398d,624,N2,False,0.21202484515566775,0
20250312T230552 - 5398d,625,N2,False,0.24116977290817665,0
20250312T230552 - 5398d,626,N2,False,0.23948790711655807,0
20250312T230552 - 5398d,627,N2,False,0.25642906230084384,0
20250312T230552 - 5398d,628,N2,False,0.235051916560836,0
20250312T230552 - 5398d,629,N3,False,0.23050491466478423,0
20250312T230552 - 5398d,630,N2,False,0.2736414534529481,0
20250312T230552 - 5398d,631,N2,False,0.25080436146472923,0
20250312T230552 - 5398d,632,N2,False,0.2439376584862461,0
20250312T230552 - 5398d,633,N3,False,0.2768003606664721,0
20250312T230552 - 5398d,634,N2,False,0.21835413981208288,0
20250312T230552 - 5398d,635,N2,False,0.2018082787481889,0
20250312T230552 - 5398d,636,N3,False,0.24846591676709742,0
20250312T230552 - 5398d,637,N2,False,0.21450904299922918,0
20250312T230552 - 5398d,638,N2,False,0.16594301368286427,0
20250312T230552 - 5398d,639,N2,False,0.2173255211246713,0
20250312T230552 - 5398d,640,N2,False,0.25251899781720655,0
20250312T230552 - 5398d,641,N3,False,0.20501342156434624,0
20250312T230552 - 5398d,642,N3,False,0.23617825676452223,0
20250312T230552 - 5398d,643,N2,False,0.20319898049940505,0
20250312T230552 - 5398d,644,N2,False,0.21150260921083092,0
20250312T230552 - 5398d,645,N2,False,0.3129681285885192,0
20250312T230552 - 5398d,646,N2,False,0.21038476501431824,0
20250312T230552 - 5398d,647,N3,False,0.17157777608390132,0
20250312T230552 - 5398d,648,N3,False,0.18492336777255683,0
20250312T230552 - 5398d,649,N2,False,0.21040682404283778,0
20250312T230552 - 5398d,650,N3,False,0.19877154992066015,0
20250312T230552 - 5398d,651,N2,False,0.2129048502839404,0
20250312T230552 - 5398d,652,N3,False,0.23692863479421733,0
20250312T230552 - 5398d,653,N3,False,0.21977989766772119,0
20250312T230552 - 5398d,654,N2,False,0.20817049293819775,0
20250312T230552 - 5398d,655,N3,False,0.21155184350467082,0
20250312T230552 - 5398d,656,N3,False,0.20372193988684464,0
20250312T230552 - 5398d,657,N3,False,0.2147476246824805,0
20250312T230552 - 5398d,658,N3,False,0.21511577496758758,0
20250312T230552 - 5398d,659,N3,False,0.23197672882458872,0
20250312T230552 - 5398d,660,N3,False,0.21264052948493828,0
20250312T230552 - 5398d,661,N3,False,0.2093472337607255,0
20250312T230552 - 5398d,662,N3,False,0.2097998509601813,0
20250312T230552 - 5398d,663,N3,False,0.22470139989447724,0
20250312T230552 - 5398d,664,N2,False,0.20822505673730846,0
20250312T230552 - 5398d,665,N2,False,0.24645194673238663,0
20250312T230552 - 5398d,666,N2,False,0.21722802865419436,0
20250312T230552 - 5398d,667,N2,False,0.24038867898385305,0
20250312T230552 - 5398d,668,N3,False,0.24524512845148494,0
20250312T230552 - 5398d,669,N3,False,0.2171262559326749,0
20250312T230552 - 5398d,670,N3,False,0.22232663196119412,0
20250312T230552 - 5398d,671,N3,False,0.20266984448423983,0
20250312T230552 - 5398d,672,N2,False,0.2215628661264261,0
20250312T230552 - 5398d,673,N3,False,0.2211832741478238,0
20250312T230552 - 5398d,674,N2,False,0.22623512969050041,0
20250312T230552 - 5398d,675,N3,False,0.2543539885650241,0
20250312T230552 - 5398d,676,N3,False,0.21489147157805996,0
20250312T230552 - 5398d,677,N3,False,0.21332427484603989,0
20250312T230552 - 5398d,678,N3,False,0.22377082396965975,0
20250312T230552 - 5398d,679,N2,False,0.20476604670695184,0
20250312T230552 - 5398d,680,N2,False,0.22954998485896916,0
20250312T230552 - 5398d,681,N3,False,0.23692961689660486,0
20250312T230552 - 5398d,682,N3,False,0.22094862009646327,0
20250312T230552 - 5398d,683,N2,False,0.20554336108430551,0
20250312T230552 - 5398d,684,N3,False,0.2281283436221508,0
20250312T230552 - 5398d,685,N3,True,0.1988811465343012,0
20250312T230552 - 5398d,686,N2,False,0.29819181326338223,0
20250312T230552 - 5398d,687,N1,True,0.31712789700803967,0
20250312T230552 - 5398d,688,W,False,0.28901451306968423,0
20250312T230552 - 5398d,689,N1,False,0.41368676576870256,0
20250312T230552 - 5398d,690,N2,False,0.339195208832325,0
20250312T230552 - 5398d,691,N2,False,0.27860427602808074,0
20250312T230552 - 5398d,692,N2,True,0.2776335898975833,0
20250312T230552 - 5398d,693,N2,False,0.2685831200292374,0
20250312T230552 - 5398d,694,N2,False,0.2996033603383039,0
20250312T230552 - 5398d,695,N2,False,0.23019070374386705,0
20250312T230552 - 5398d,696,N2,False,0.2747690975938706,0
20250312T230552 - 5398d,697,N2,True,0.2633240519363299,0
20250312T230552 - 5398d,698,N2,False,0.4586105644120218,0
20250312T230552 - 5398d,699,N1,False,0.3620925492887249,0
20250312T230552 - 5398d,700,N2,False,0.3470185878605397,0
20250312T230552 - 5398d,701,N2,False,0.298170197523741,0
20250312T230552 - 5398d,702,N2,False,0.3925893068381969,0
20250312T230552 - 5398d,703,N2,True,0.24695601535333406,0
20250312T230552 - 5398d,704,N1,False,0.36990090371664075,0
20250312T230552 - 5398d,705,N1,False,0.26822463623134063,0
20250312T230552 - 5398d,706,N2,True,0.283841443142909,0
20250312T230552 - 5398d,707,N2,False,0.35522514171351516,0
20250312T230552 - 5398d,708,N1,False,0.44036189945090265,0
20250312T230552 - 5398d,709,N2,False,0.35292442454104483,0
20250312T230552 - 5398d,710,N2,True,0.34628000504101786,0
20250312T230552 - 5398d,711,N2,False,0.43229060485652426,0
20250312T230552 - 5398d,712,N1,False,0.33405834297910814,0
20250312T230552 - 5398d,713,REM,False,0.3098307918402,0
20250312T230552 - 5398d,714,REM,True,0.3858046177627543,0
20250312T230552 - 5398d,715,REM,False,0.48007329108298213,0
20250312T230552 - 5398d,716,REM,True,0.3630659615220765,0
20250312T230552 - 5398d,717,REM,False,0.5552629236660246,1
20250312T230552 - 5398d,718,REM,True,0.5408707220384588,1
20250312T230552 - 5398d,719,REM,False,0.4473342491586418,0
20250312T230552 - 5398d,720,REM,False,0.38720925287182273,0
20250312T230552 - 5398d,721,REM,True,0.35553802822913816,0
20250312T230552 - 5398d,722,REM,True,0.47227816998660244,0
20250312T230552 - 5398d,723,REM,True,0.35985547207663304,0
20250312T230552 - 5398d,724,REM,False,0.4108542007399526,0
20250312T230552 - 5398d,725,REM,True,0.46365248383571916,0
20250312T230552 - 5398d,726,REM,True,0.3258769819312905,0
20250312T230552 - 5398d,727,REM,False,0.3434934686503493,0
20250312T230552 - 5398d,728,REM,False,0.334771883790416,0
20250312T230552 - 5398d,729,REM,True,0.3529710429332632,0
20250312T230552 - 5398d,730,REM,True,0.4768629092122966,0
20250312T230552 - 5398d,731,REM,True,0.489760222601717,0
20250312T230552 - 5398d,732,N1,False,0.3893391340160894,0
20250312T230552 - 5398d,733,N1,True,0.2574054000481688,0
20250312T230552 - 5398d,734,W,True,0.3717997021688895,0
20250312T230552 - 5398d,735,N1,False,0.3941486169563182,0
20250312T230552 - 5398d,736,N1,True,0.4089495951735615,0
20250312T230552 - 5398d,737,N1,True,0.33104722552935983,0
20250312T230552 - 5398d,738,N1,True,0.34960785598082417,0
20250312T230552 - 5398d,739,N1,True,0.35688496995797814,0
20250312T230552 - 5398d,740,N1,False,0.3595900464668842,0
20250312T230552 - 5398d,741,N1,True,0.4843091657193847,0
20250613T224724 - 70e7e,0,W,False,0.23301121938617034,0
20250613T224724 - 70e7e,1,W,False,0.24177127095623838,0
20250613T224724 - 70e7e,2,W,False,0.2708952620678317,0
20250613T224724 - 70e7e,3,W,False,0.18172434266899185,0
20250613T224724 - 70e7e,4,W,False,0.1884355284766934,0
20250613T224724 - 70e7e,5,W,False,0.21240731889350964,0
20250613T224724 - 70e7e,6,W,False,0.34086073004668704,0
20250613T224724 - 70e7e,7,W,False,0.24818392390880317,0
20250613T224724 - 70e7e,8,W,False,0.37131523378252035,0
20250613T224724 - 70e7e,9,W,False,0.17909286088048515,0
20250613T224724 - 70e7e,10,W,False,0.20701792807948988,0
20250613T224724 - 70e7e,11,W,False,0.18030858981906978,0
20250613T224724 - 70e7e,12,W,False,0.1802278692233667,0
20250613T224724 - 70e7e,13,W,False,0.24122371756931757,0
20250613T224724 - 70e7e,14,W,False,0.19608603302004426,0
20250613T224724 - 70e7e,15,W,False,0.15582197345557494,0
20250613T224724 - 70e7e,16,W,False,0.1864057108479557,0
20250613T224724 - 70e7e,17,W,False,0.1951699813222601,0
20250613T224724 - 70e7e,18,W,False,0.19159863847139036,0
20250613T224724 - 70e7e,19,W,False,0.19610116811686762,0
20250613T224724 - 70e7e,20,W,False,0.16371204303158746,0
20250613T224724 - 70e7e,21,W,False,0.20551595443883555,0
20250613T224724 - 70e7e,22,W,False,0.1681307620675473,0
20250613T224724 - 70e7e,23,W,False,0.16716978532016794,0
20250613T224724 - 70e7e,24,W,False,0.18233530913460524,0
20250613T224724 - 70e7e,25,W,False,0.2096640693715875,0
20250613T224724 - 70e7e,26,W,False,0.1936931617080909,0
20250613T224724 - 70e7e,27,W,False,0.21970690325743303,0
20250613T224724 - 70e7e,28,W,False,0.19234290436821436,0
20250613T224724 - 70e7e,29,W,False,0.20234352170540876,0
20250613T224724 - 70e7e,30,W,True,0.2405431377614905,0
20250613T224724 - 70e7e,31,N1,True,0.31966619507692706,0
20250613T224724 - 70e7e,32,N1,True,0.36165991250585255,0
20250613T224724 - 70e7e,33,N1,False,0.3092880012725083,0
20250613T224724 - 70e7e,34,N1,True,0.28570107590562216,0
20250613T224724 - 70e7e,35,N1,False,0.29429708587039477,0
20250613T224724 - 70e7e,36,N1,True,0.4149354767830177,0
20250613T224724 - 70e7e,37,N1,True,0.3694308230545035,0
20250613T224724 - 70e7e,38,W,False,0.3545893476882317,0
20250613T224724 - 70e7e,39,W,True,0.32709650693137354,0
20250613T224724 - 70e7e,40,N1,False,0.3435344557301143,0
20250613T224724 - 70e7e,41,W,True,0.3075554585891505,0
20250613T224724 - 70e7e,42,N1,False,0.3498692937951847,0
20250613T224724 - 70e7e,43,N1,False,0.3662242064101784,0
20250613T224724 - 70e7e,44,N1,False,0.37001701621338223,0
20250613T224724 - 70e7e,45,N1,True,0.3777370652534934,0
20250613T224724 - 70e7e,46,W,False,0.29997932104973746,0
20250613T224724 - 70e7e,47,W,False,0.19926422767622046,0
20250613T224724 - 70e7e,48,N1,True,0.36845643959947816,0
20250613T224724 - 70e7e,49,N1,False,0.4246000043745417,0
20250613T224724 - 70e7e,50,N1,False,0.2802214808291982,0
20250613T224724 - 70e7e,51,N2,False,0.23812877396788687,0
20250613T224724 - 70e7e,52,N2,False,0.2721775928994218,0
20250613T224724 - 70e7e,53,N2,False,0.26318921322470973,0
20250613T224724 - 70e7e,54,N2,False,0.34937924268099174,0
20250613T224724 - 70e7e,55,N2,False,0.2979799339620226,0
20250613T224724 - 70e7e,56,N2,True,0.3199860543220442,0
20250613T224724 - 70e7e,57,N1,True,0.35259693090961136,0
20250613T224724 - 70e7e,58,N2,False,0.22963626725304315,0
20250613T224724 - 70e7e,59,N1,False,0.33705580044129285,0
20250613T224724 - 70e7e,60,N2,True,0.23973000292300253,0
20250613T224724 - 70e7e,61,N2,False,0.37896678408709694,0
20250613T224724 - 70e7e,62,N1,False,0.3349869784234594,0
20250613T224724 - 70e7e,63,N2,False,0.22508419397199536,0
20250613T224724 - 70e7e,64,N2,False,0.23537625614426386,0
20250613T224724 - 70e7e,65,N2,False,0.28990326582636794,0
20250613T224724 - 70e7e,66,N2,False,0.34916797598574995,0
20250613T224724 - 70e7e,67,N2,False,0.30508503961583106,0
20250613T224724 - 70e7e,68,N2,False,0.2936012775609974,0
20250613T224724 - 70e7e,69,N2,False,0.4131811723754367,0
20250613T224724 - 70e7e,70,N2,False,0.31139108520405423,0
20250613T224724 - 70e7e,71,N2,False,0.23505754052446778,0
20250613T224724 - 70e7e,72,N2,False,0.3117607965307586,0
20250613T224724 - 70e7e,73,N2,False,0.45078320392754245,0
20250613T224724 - 70e7e,74,N2,False,0.39109953236856954,0
20250613T224724 - 70e7e,75,N2,False,0.22500046281145283,0
20250613T224724 - 70e7e,76,N2,True,0.31170403616155345,0
20250613T224724 - 70e7e,77,N2,False,0.41073446578183415,0
20250613T224724 - 70e7e,78,W,False,0.22702743287619156,0
20250613T224724 - 70e7e,79,W,True,0.3249753999807175,0
20250613T224724 - 70e7e,80,N1,False,0.3563869942708424,0
20250613T224724 - 70e7e,81,N1,False,0.32590680699894264,0
20250613T224724 - 70e7e,82,N2,True,0.2893643225345567,0
20250613T224724 - 70e7e,83,N2,False,0.32914768687590673,0
20250613T224724 - 70e7e,84,N1,False,0.30603396170173053,0
20250613T224724 - 70e7e,85,N2,False,0.3172541557174271,0
20250613T224724 - 70e7e,86,N2,True,0.2821120776719767,0
20250613T224724 - 70e7e,87,N1,False,0.35305787656126236,0
20250613T224724 - 70e7e,88,N1,False,0.35949269756944224,0
20250613T224724 - 70e7e,89,N2,True,0.23841737584739733,0
20250613T224724 - 70e7e,90,N2,False,0.2864036060219757,0
20250613T224724 - 70e7e,91,N1,False,0.3717360347701289,0
20250613T224724 - 70e7e,92,N2,False,0.2258126012987484,0
20250613T224724 - 70e7e,93,N2,False,0.2933704540449424,0
20250613T224724 - 70e7e,94,N2,False,0.2540343229009246,0
20250613T224724 - 70e7e,95,N2,True,0.3007559354865093,0
20250613T224724 - 70e7e,96,N2,False,0.3244270179486651,0
20250613T224724 - 70e7e,97,N1,False,0.46400870127769017,0
20250613T224724 - 70e7e,98,N1,False,0.32853341016680837,0
20250613T224724 - 70e7e,99,N2,False,0.3519773722327661,0
20250613T224724 - 70e7e,100,N2,False,0.2703506676279057,0
20250613T224724 - 70e7e,101,N2,False,0.22408911101163714,0
20250613T224724 - 70e7e,102,N2,False,0.26974869897879367,0
20250613T224724 - 70e7e,103,N2,False,0.3159021576711132,0
20250613T224724 - 70e7e,104,N2,False,0.24912579594199813,0
20250613T224724 - 70e7e,105,N2,False,0.22441467266216575,0
20250613T224724 - 70e7e,106,N2,False,0.12494894365087825,0
20250613T224724 - 70e7e,107,N2,False,0.1426355318737869,0
20250613T224724 - 70e7e,108,N2,False,0.19525665114884672,0
20250613T224724 - 70e7e,109,N3,False,0.13526809382051966,0
20250613T224724 - 70e7e,110,N3,False,0.15637047251614378,0
20250613T224724 - 70e7e,111,N3,False,0.2492604438110972,0
20250613T224724 - 70e7e,112,N2,False,0.1500059980828159,0
20250613T224724 - 70e7e,113,N2,False,0.198006318878681,0
20250613T224724 - 70e7e,114,N3,False,0.13203845140471734,0
20250613T224724 - 70e7e,115,N3,False,0.18551361100079888,0
20250613T224724 - 70e7e,116,N2,False,0.18718958895840968,0
20250613T224724 - 70e7e,117,N3,False,0.19289573477419564,0
20250613T224724 - 70e7e,118,N3,False,0.18657237743158514,0
20250613T224724 - 70e7e,119,N2,True,0.20508159960014105,0
20250613T224724 - 70e7e,120,W,False,0.3205554316031394,0
20250613T224724 - 70e7e,121,N2,False,0.5102835643084425,1
20250613T224724 - 70e7e,122,N2,False,0.3575139540541074,0
20250613T224724 - 70e7e,123,N2,False,0.3013830772960556,0
20250613T224724 - 70e7e,124,N2,False,0.4394382777218393,0
20250613T224724 - 70e7e,125,N2,True,0.40831786578064694,0
20250613T224724 - 70e7e,126,N1,True,0.5013063648188533,1
20250613T224724 - 70e7e,127,N1,False,0.4661402105754324,0
20250613T224724 - 70e7e,128,N1,False,0.5340845177877677,1
20250613T224724 - 70e7e,129,N2,False,0.32040975032100943,0
20250613T224724 - 70e7e,130,N2,True,0.2748780308406666,0
20250613T224724 - 70e7e,131,N2,False,0.3502568858127276,0
20250613T224724 - 70e7e,132,N2,True,0.4074355578680146,0
20250613T224724 - 70e7e,133,N1,False,0.5652647084729986,1
20250613T224724 - 70e7e,134,N2,False,0.39880239143034724,0
20250613T224724 - 70e7e,135,N2,True,0.2590712474289706,0
20250613T224724 - 70e7e,136,N2,False,0.33229189919735297,0
20250613T224724 - 70e7e,137,N1,False,0.5119685926439123,1
20250613T224724 - 70e7e,138,N2,True,0.3443756617897802,0
20250613T224724 - 70e7e,139,N2,True,0.3857777449820267,0
20250613T224724 - 70e7e,140,N2,False,0.35594117674717346,0
20250613T224724 - 70e7e,141,N1,False,0.5014347784238473,1
20250613T224724 - 70e7e,142,N2,False,0.33260230210676744,0
20250613T224724 - 70e7e,143,N2,False,0.2872232383124826,0
20250613T224724 - 70e7e,144,N2,False,0.29333631210470257,0
20250613T224724 - 70e7e,145,N2,False,0.19580647900963494,0
20250613T224724 - 70e7e,146,N2,False,0.2726398862363033,0
20250613T224724 - 70e7e,147,N2,True,0.2523719185035774,0
20250613T224724 - 70e7e,148,N2,False,0.3855885519761861,0
20250613T224724 - 70e7e,149,N2,False,0.35655936583465425,0
20250613T224724 - 70e7e,150,N2,False,0.22170015387298928,0
20250613T224724 - 70e7e,151,N2,False,0.30927752981382667,0
20250613T224724 - 70e7e,152,N2,False,0.21829926882633302,0
20250613T224724 - 70e7e,153,N2,False,0.3210246809061308,0
20250613T224724 - 70e7e,154,N3,False,0.29079190966750684,0
20250613T224724 - 70e7e,155,N2,False,0.2597321059164183,0
20250613T224724 - 70e7e,156,N2,False,0.2841250281563854,0
20250613T224724 - 70e7e,157,N2,False,0.227459991684767,0
20250613T224724 - 70e7e,158,N2,False,0.23376814810762894,0
20250613T224724 - 70e7e,159,N2,False,0.2620972664524664,0
20250613T224724 - 70e7e,160,N3,False,0.20856930843725408,0
20250613T224724 - 70e7e,161,N3,False,0.23378494090312507,0
20250613T224724 - 70e7e,162,N3,False,0.17704479958935043,0
20250613T224724 - 70e7e,163,N3,False,0.22547405380453012,0
20250613T224724 - 70e7e,164,N3,False,0.24136979231219374,0
20250613T224724 - 70e7e,165,N3,False,0.27550087005480767,0
20250613T224724 - 70e7e,166,N2,True,0.26769980305634056,0
20250613T224724 - 70e7e,167,N2,True,0.4341406211603401,0
20250613T224724 - 70e7e,168,N1,True,0.3900869854210825,0
20250613T224724 - 70e7e,169,N1,True,0.42432512901172365,0
20250613T224724 - 70e7e,170,W,False,0.23049597618750828,0
20250613T224724 - 70e7e,171,N1,True,0.42223600976520875,0
20250613T224724 - 70e7e,172,N1,False,0.44182981880370553,0
20250613T224724 - 70e7e,173,N1,True,0.39585658007826446,0
20250613T224724 - 70e7e,174,N1,False,0.471243319792253,0
20250613T224724 - 70e7e,175,N2,True,0.36087037801591393,0
20250613T224724 - 70e7e,176,N2,False,0.3027142728863257,0
20250613T224724 - 70e7e,177,N2,False,0.33317543438899827,0
20250613T224724 - 70e7e,178,N2,True,0.3517877730492583,0
20250613T224724 - 70e7e,179,N2,False,0.3132377123562932,0
20250613T224724 - 70e7e,180,N1,True,0.37036299021798036,0
20250613T224724 - 70e7e,181,REM,False,0.3431562537166386,0
20250613T224724 - 70e7e,182,REM,False,0.3362295186058956,0
20250613T224724 - 70e7e,183,REM,True,0.29418154653269574,0
20250613T224724 - 70e7e,184,REM,False,0.397115450759888,0
20250613T224724 - 70e7e,185,REM,False,0.3492062761101862,0
20250613T224724 - 70e7e,186,REM,False,0.3113747870574413,0
20250613T224724 - 70e7e,187,REM,False,0.341944917436386,0
20250613T224724 - 70e7e,188,REM,False,0.27988661480282634,0
20250613T224724 - 70e7e,189,REM,True,0.31673190449550637,0
20250613T224724 - 70e7e,190,REM,False,0.37542710871700813,0
20250613T224724 - 70e7e,191,REM,False,0.36229885373758736,0
20250613T224724 - 70e7e,192,REM,True,0.3246796519253196,0
20250613T224724 - 70e7e,193,REM,False,0.3458545553707962,0
20250613T224724 - 70e7e,194,REM,True,0.3402323343598904,0
20250613T224724 - 70e7e,195,REM,True,0.300148078228866,0
20250613T224724 - 70e7e,196,REM,True,0.321649597440929,0
20250613T224724 - 70e7e,197,W,False,0.28370864952429187,0
20250613T224724 - 70e7e,198,REM,False,0.398440601009488,0
20250613T224724 - 70e7e,199,REM,False,0.3891406777251104,0
20250613T224724 - 70e7e,200,REM,False,0.4679435365570251,0
20250613T224724 - 70e7e,201,REM,False,0.48615007025779583,0
20250613T224724 - 70e7e,202,REM,False,0.4350708171854484,0
20250613T224724 - 70e7e,203,REM,False,0.36368884106637867,0
20250613T224724 - 70e7e,204,REM,False,0.4240889895656423,0
20250613T224724 - 70e7e,205,REM,False,0.40698691178933866,0
20250613T224724 - 70e7e,206,REM,False,0.4252577985232064,0
20250613T224724 - 70e7e,207,REM,False,0.3036914493907953,0
20250613T224724 - 70e7e,208,REM,False,0.29680937164127247,0
20250613T224724 - 70e7e,209,REM,False,0.3277206468209071,0
20250613T224724 - 70e7e,210,REM,False,0.38742305414043005,0
20250613T224724 - 70e7e,211,REM,True,0.41979716372752374,0
20250613T224724 - 70e7e,212,REM,False,0.2911646126158985,0
20250613T224724 - 70e7e,213,REM,False,0.3499320452751371,0
20250613T224724 - 70e7e,214,REM,True,0.43332939343602367,0
20250613T224724 - 70e7e,215,REM,False,0.48456797050434264,0
20250613T224724 - 70e7e,216,REM,False,0.4617564356676198,0
20250613T224724 - 70e7e,217,REM,False,0.3130137172670152,0
20250613T224724 - 70e7e,218,REM,False,0.3165418737907939,0
20250613T224724 - 70e7e,219,REM,True,0.3569086704812829,0
20250613T224724 - 70e7e,220,REM,False,0.3742080685642175,0
20250613T224724 - 70e7e,221,N1,False,0.4966549823628153,0
20250613T224724 - 70e7e,222,N1,True,0.3734339264599511,0
20250613T224724 - 70e7e,223,N1,False,0.4262026005518918,0
20250613T224724 - 70e7e,224,N1,False,0.5264272356985928,1
20250613T224724 - 70e7e,225,N1,True,0.45160844736366956,0
20250613T224724 - 70e7e,226,N1,False,0.4521204340822724,0
20250613T224724 - 70e7e,227,W,True,0.2898906232239191,0
20250613T224724 - 70e7e,228,N1,False,0.32668912320575294,0
20250613T224724 - 70e7e,229,N1,True,0.31076594933150775,0
20250613T224724 - 70e7e,230,N1,False,0.26327970926975597,0
20250613T224724 - 70e7e,231,N1,False,0.3086626807440903,0
20250613T224724 - 70e7e,232,N1,False,0.23418522508865858,0
20250613T224724 - 70e7e,233,N2,False,0.23348039027499926,0
20250613T224724 - 70e7e,234,N2,False,0.22831766330920641,0
20250613T224724 - 70e7e,235,N2,False,0.22383037548008503,0
20250613T224724 - 70e7e,236,N2,False,0.23230237567360376,0
20250613T224724 - 70e7e,237,N2,False,0.20903921281619386,0
20250613T224724 - 70e7e,238,N2,False,0.18886432628765315,0
20250613T224724 - 70e7e,239,N2,False,0.2479327742174716,0
20250613T224724 - 70e7e,240,N2,False,0.1783438231876183,0
20250613T224724 - 70e7e,241,N2,False,0.18257557030108276,0
20250613T224724 - 70e7e,242,N2,False,0.20482679749024407,0
20250613T224724 - 70e7e,243,N2,False,0.18564712572247025,0
20250613T224724 - 70e7e,244,N2,False,0.26041072015088673,0
20250613T224724 - 70e7e,245,N2,False,0.20092585510387895,0
20250613T224724 - 70e7e,246,N2,False,0.25544827906506024,0
20250613T224724 - 70e7e,247,N2,False,0.19466365704184757,0
20250613T224724 - 70e7e,248,N2,False,0.25281398538395067,0
20250613T224724 - 70e7e,249,N2,False,0.19195475744882373,0
20250613T224724 - 70e7e,250,N2,False,0.19931587582722707,0
20250613T224724 - 70e7e,251,N2,False,0.22112562400602928,0
20250613T224724 - 70e7e,252,N2,False,0.1981526814995352,0
20250613T224724 - 70e7e,253,N2,False,0.16599490930721644,0
20250613T224724 - 70e7e,254,N2,True,0.22117216252793362,0
20250613T224724 - 70e7e,255,W,False,0.2797168617735049,0
20250613T224724 - 70e7e,256,N1,True,0.3909365973703855,0
20250613T224724 - 70e7e,257,W,False,0.3214202918325098,0
20250613T224724 - 70e7e,258,W,False,0.23333285917628221,0
20250613T224724 - 70e7e,259,W,True,0.31551649352017597,0
20250613T224724 - 70e7e,260,N1,True,0.336672103157915,0
20250613T224724 - 70e7e,261,N1,False,0.40473231159091055,0
20250613T224724 - 70e7e,262,N1,False,0.34573071516684833,0
20250613T224724 - 70e7e,263,N2,True,0.3038362906102124,0
20250613T224724 - 70e7e,264,N2,False,0.27146507291291017,0
20250613T224724 - 70e7e,265,W,True,0.2564868930041461,0
20250613T224724 - 70e7e,266,N1,False,0.3789092570238291,0
20250613T224724 - 70e7e,267,W,False,0.2397173988421718,0
20250613T224724 - 70e7e,268,W,False,0.18020353119416108,0
20250613T224724 - 70e7e,269,W,False,0.2988302668644879,0
20250613T224724 - 70e7e,270,N1,False,0.3390613896654486,0
20250613T224724 - 70e7e,271,N1,False,0.3572944905638578,0
20250613T224724 - 70e7e,272,N1,False,0.369551974679695,0
20250613T224724 - 70e7e,273,N1,True,0.34732900221993535,0
20250613T224724 - 70e7e,274,N2,True,0.22210302813481192,0
20250613T224724 - 70e7e,275,N1,True,0.3801543699811599,0
20250613T224724 - 70e7e,276,N1,False,0.3225969143182022,0
20250613T224724 - 70e7e,277,N2,True,0.3051924232770409,0
20250613T224724 - 70e7e,278,N1,True,0.4010143998346634,0
20250613T224724 - 70e7e,279,N1,True,0.3528333727174687,0
20250613T224724 - 70e7e,280,N1,False,0.3428405610729176,0
20250613T224724 - 70e7e,281,N2,True,0.3002465337709841,0
20250613T224724 - 70e7e,282,W,False,0.2838350308877494,0
20250613T224724 - 70e7e,283,W,True,0.3702929547453635,0
20250613T224724 - 70e7e,284,N1,False,0.45953375617400966,0
20250613T224724 - 70e7e,285,N1,False,0.44871324581395705,0
20250613T224724 - 70e7e,286,N1,True,0.39812285399213065,0
20250613T224724 - 70e7e,287,N1,True,0.42030438437037787,0
20250613T224724 - 70e7e,288,N1,False,0.42569306411614144,0
20250613T224724 - 70e7e,289,N1,True,0.524037320509157,1
20250613T224724 - 70e7e,290,N1,True,0.3248996783951781,0
20250613T224724 - 70e7e,291,N1,True,0.35376398370723217,0
20250613T224724 - 70e7e,292,N1,False,0.3675404557079379,0
20250613T224724 - 70e7e,293,N2,False,0.28828036764139076,0
20250613T224724 - 70e7e,294,N2,True,0.25966962071243527,0
20250613T224724 - 70e7e,295,N2,False,0.28625442827413256,0
20250613T224724 - 70e7e,296,N2,True,0.3323674642515488,0
20250613T224724 - 70e7e,297,N1,True,0.3087292734927466,0
20250613T224724 - 70e7e,298,N1,True,0.3089842339511867,0
20250613T224724 - 70e7e,299,N1,True,0.3285980864179685,0
20250613T224724 - 70e7e,300,N1,False,0.35202889607802973,0
20250613T224724 - 70e7e,301,N1,True,0.2885822958438491,0
20250613T224724 - 70e7e,302,N2,False,0.2795685196040533,0
20250613T224724 - 70e7e,303,W,False,0.37145499819472233,0
20250613T224724 - 70e7e,304,N1,True,0.44969125319367387,0
20250613T224724 - 70e7e,305,W,False,0.37872170428227947,0
20250613T224724 - 70e7e,306,W,True,0.35162932902097555,0
20250613T224724 - 70e7e,307,N1,False,0.35450202871128783,0
20250613T224724 - 70e7e,308,N1,True,0.3900907053878807,0
20250613T224724 - 70e7e,309,N1,True,0.4076578045480539,0
20250613T224724 - 70e7e,310,N1,True,0.3942468587581882,0
20250613T224724 - 70e7e,311,N2,False,0.31528404769779167,0
20250613T224724 - 70e7e,312,N1,False,0.3558694931253607,0
20250613T224724 - 70e7e,313,N2,False,0.2539382550615787,0
20250613T224724 - 70e7e,314,N2,False,0.2643318611776173,0
20250613T224724 - 70e7e,315,N2,True,0.28173192277745496,0
20250613T224724 - 70e7e,316,W,False,0.2943533357068106,0
20250613T224724 - 70e7e,317,N1,True,0.3890243877920204,0
20250613T224724 - 70e7e,318,N1,True,0.48188008113027836,0
20250613T224724 - 70e7e,319,N1,False,0.35065185755416267,0
20250613T224724 - 70e7e,320,N2,False,0.30986300629284463,0
20250613T224724 - 70e7e,321,N2,True,0.26136452474733846,0
20250613T224724 - 70e7e,322,N2,False,0.28077133642354296,0
20250613T224724 - 70e7e,323,W,False,0.3538997917371315,0
20250613T224724 - 70e7e,324,N1,True,0.46032870818223004,0
20250613T224724 - 70e7e,325,N1,True,0.467382603838816,0
20250613T224724 - 70e7e,326,N1,False,0.4167158748710631,0
20250613T224724 - 70e7e,327,N1,False,0.4556748357332857,0
20250613T224724 - 70e7e,328,N2,True,0.30839017149994347,0
20250613T224724 - 70e7e,329,N2,False,0.4063932760511488,0
20250613T224724 - 70e7e,330,N1,True,0.5390278151943196,1
20250613T224724 - 70e7e,331,N1,True,0.5324948560167106,1
20250613T224724 - 70e7e,332,N1,False,0.5202834754004728,1
20250613T224724 - 70e7e,333,N2,True,0.4569471144251026,0
20250613T224724 - 70e7e,334,N2,True,0.48241014971981216,0
20250613T224724 - 70e7e,335,N1,True,0.578341639878922,1
20250613T224724 - 70e7e,336,N1,True,0.5936044697246866,1
20250613T224724 - 70e7e,337,N1,False,0.4911554355281694,0
20250613T224724 - 70e7e,338,N1,True,0.633234673954004,1
20250613T224724 - 70e7e,339,N2,False,0.3865206726773309,0
20250613T224724 - 70e7e,340,N1,False,0.481525705122555,0
20250613T224724 - 70e7e,341,N1,False,0.4457749685277708,0
20250613T224724 - 70e7e,342,N1,False,0.5125649398746593,1
20250613T224724 - 70e7e,343,N1,False,0.45459827251867735,0
20250613T224724 - 70e7e,344,N1,True,0.5398135813968903,1
20250613T224724 - 70e7e,345,REM,False,0.47256866264079583,0
20250613T224724 - 70e7e,346,REM,False,0.38617673651181983,0
20250613T224724 - 70e7e,347,REM,False,0.3099002647833536,0
20250613T224724 - 70e7e,348,REM,False,0.5421324837907866,1
20250613T224724 - 70e7e,349,REM,True,0.38110341411201987,0
20250613T224724 - 70e7e,350,REM,True,0.40978002672107217,0
20250613T224724 - 70e7e,351,REM,False,0.4282565574690259,0
20250613T224724 - 70e7e,352,REM,True,0.4339112661361984,0
20250613T224724 - 70e7e,353,REM,False,0.37727133514134936,0
20250613T224724 - 70e7e,354,REM,False,0.3282910900744182,0
20250613T224724 - 70e7e,355,REM,False,0.3689525750015457,0
20250613T224724 - 70e7e,356,REM,True,0.3272105050545737,0
20250613T224724 - 70e7e,357,REM,False,0.43558577210497385,0
20250613T224724 - 70e7e,358,REM,True,0.39919933905499855,0
20250613T224724 - 70e7e,359,REM,True,0.45040089390420746,0
20250613T224724 - 70e7e,360,REM,False,0.4323423922829941,0
20250613T224724 - 70e7e,361,REM,True,0.48803700742848477,0
20250613T224724 - 70e7e,362,REM,False,0.370861739551241,0
20250613T224724 - 70e7e,363,REM,True,0.42220486174302535,0
20250613T224724 - 70e7e,364,REM,True,0.5002652592498252,1
20250613T224724 - 70e7e,365,REM,False,0.4063202073072704,0
20250613T224724 - 70e7e,366,REM,True,0.40287644573525766,0
20250613T224724 - 70e7e,367,REM,False,0.35257505449136567,0
20250613T224724 - 70e7e,368,REM,True,0.5170423908481703,1
20250613T224724 - 70e7e,369,REM,False,0.5262516425909298,1
20250613T224724 - 70e7e,370,REM,False,0.4785274015190495,0
20250613T224724 - 70e7e,371,REM,True,0.45615444905894315,0
20250613T224724 - 70e7e,372,REM,False,0.43376900620050185,0
20250613T224724 - 70e7e,373,W,False,0.280899692147159,0
20250613T224724 - 70e7e,374,REM,False,0.3638867955263454,0
20250613T224724 - 70e7e,375,REM,False,0.35944935250041415,0
20250613T224724 - 70e7e,376,REM,False,0.26156444061351747,0
20250613T224724 - 70e7e,377,REM,False,0.31001084608833207,0
20250613T224724 - 70e7e,378,REM,False,0.2873105269925224,0
20250613T224724 - 70e7e,379,REM,False,0.2795745517372394,0
20250613T224724 - 70e7e,380,REM,False,0.22772278722291273,0
20250613T224724 - 70e7e,381,REM,False,0.29623924785509237,0
20250613T224724 - 70e7e,382,REM,False,0.20312625655680766,0
20250613T224724 - 70e7e,383,REM,False,0.2982526560286329,0
20250613T224724 - 70e7e,384,REM,False,0.2981195866603706,0
20250613T224724 - 70e7e,385,REM,False,0.29340466612330396,0
20250613T224724 - 70e7e,386,REM,False,0.28174401381119796,0
20250613T224724 - 70e7e,387,REM,True,0.3277554184788233,0
20250613T224724 - 70e7e,388,N1,False,0.35695359934792015,0
20250613T224724 - 70e7e,389,N1,False,0.3992463073690572,0
20250613T224724 - 70e7e,390,N1,False,0.4617244984563277,0
20250613T224724 - 70e7e,391,N1,True,0.4341086511172133,0
20250613T224724 - 70e7e,392,N1,False,0.3412421888885256,0
20250613T224724 - 70e7e,393,N1,True,0.39983863003668774,0
20250613T224724 - 70e7e,394,N1,False,0.4155414783374222,0
20250613T224724 - 70e7e,395,N1,False,0.41927652517452957,0
20250613T224724 - 70e7e,396,N1,False,0.3702498527042326,0
20250613T224724 - 70e7e,397,N1,False,0.3796992483057949,0
20250613T224724 - 70e7e,398,N2,True,0.23807355545090508,0
20250613T224724 - 70e7e,399,N2,False,0.3401779469326444,0
20250613T224724 - 70e7e,400,N1,False,0.43152990988803497,0
20250613T224724 - 70e7e,401,N1,True,0.4659067713800624,0
20250613T224724 - 70e7e,402,N1,False,0.35734188821979984,0
20250613T224724 - 70e7e,403,N1,False,0.402196048727851,0
20250613T224724 - 70e7e,404,N2,False,0.26208700165270366,0
20250613T224724 - 70e7e,405,N2,False,0.2651425647544325,0
20250613T224724 - 70e7e,406,N2,False,0.28529614430602696,0
20250613T224724 - 70e7e,407,N2,True,0.27590452324575127,0
20250613T224724 - 70e7e,408,N1,False,0.3434360657913892,0
20250613T224724 - 70e7e,409,N1,True,0.3943202937401757,0
20250613T224724 - 70e7e,410,N1,False,0.32818326372566986,0
20250613T224724 - 70e7e,411,N1,False,0.42836416399851546,0
20250613T224724 - 70e7e,412,N1,False,0.3248913405736905,0
20250613T224724 - 70e7e,413,N2,False,0.26406274286500314,0
20250613T224724 - 70e7e,414,N2,False,0.28316759940878183,0
20250613T224724 - 70e7e,415,N2,False,0.26916309637392904,0
20250613T224724 - 70e7e,416,N2,False,0.2636722516926023,0
20250613T224724 - 70e7e,417,N2,False,0.21449345977499604,0
20250613T224724 - 70e7e,418,N2,False,0.2969088294583956,0
20250613T224724 - 70e7e,419,N2,False,0.25015870586629646,0
20250613T224724 - 70e7e,420,N2,False,0.18862218246708826,0
20250613T224724 - 70e7e,421,N2,False,0.24012547668986373,0
20250613T224724 - 70e7e,422,N2,False,0.18755253821925774,0
20250613T224724 - 70e7e,423,N3,False,0.19316394185221053,0
20250613T224724 - 70e7e,424,N2,False,0.23859691443956682,0
20250613T224724 - 70e7e,425,N2,False,0.17642238905192775,0
20250613T224724 - 70e7e,426,N2,False,0.200279208498217,0
20250613T224724 - 70e7e,427,N2,False,0.24499670396521553,0
20250613T224724 - 70e7e,428,N2,False,0.21142373283225677,0
20250613T224724 - 70e7e,429,N2,False,0.22252457031962758,0
20250613T224724 - 70e7e,430,N3,False,0.2486736662597681,0
20250613T224724 - 70e7e,431,N3,False,0.23967208400580955,0
20250613T224724 - 70e7e,432,N2,False,0.23490857370387686,0
20250613T224724 - 70e7e,433,N2,False,0.23567419164295086,0
20250613T224724 - 70e7e,434,N2,False,0.24123743812350654,0
20250613T224724 - 70e7e,435,N2,False,0.23003914937982842,0
20250613T224724 - 70e7e,436,N3,False,0.2370885713276645,0
20250613T224724 - 70e7e,437,N2,False,0.22445863895781298,0
20250613T224724 - 70e7e,438,N3,False,0.25733036900672396,0
20250613T224724 - 70e7e,439,N2,False,0.2426283093569265,0
20250613T224724 - 70e7e,440,N2,False,0.2641647022592694,0
20250613T224724 - 70e7e,441,N3,False,0.30261856176254365,0
20250613T224724 - 70e7e,442,N2,False,0.3237373392755206,0
20250613T224724 - 70e7e,443,N2,False,0.22420262796864118,0
20250613T224724 - 70e7e,444,N3,False,0.2535452908065383,0
20250613T224724 - 70e7e,445,N2,False,0.3013093429177148,0
20250613T224724 - 70e7e,446,N2,False,0.28438939557103465,0
20250613T224724 - 70e7e,447,N3,False,0.26782335772177324,0
20250613T224724 - 70e7e,448,N2,False,0.170859905634663,0
20250613T224724 - 70e7e,449,N3,False,0.2056487212146575,0
20250613T224724 - 70e7e,450,N3,False,0.2440205060165444,0
20250613T224724 - 70e7e,451,N3,False,0.2488749935401785,0
20250613T224724 - 70e7e,452,N3,False,0.2690674439321552,0
20250613T224724 - 70e7e,453,N3,False,0.2887887094927185,0
20250613T224724 - 70e7e,454,N2,False,0.2202444539559951,0
20250613T224724 - 70e7e,455,N3,False,0.271959282176813,0
20250613T224724 - 70e7e,456,N2,False,0.2736759112927041,0
20250613T224724 - 70e7e,457,N3,False,0.23244139355405774,0
20250613T224724 - 70e7e,458,N2,False,0.16112887906246048,0
20250613T224724 - 70e7e,459,N3,False,0.23162670287186699,0
20250613T224724 - 70e7e,460,N2,False,0.25244577165232773,0
20250613T224724 - 70e7e,461,N2,False,0.21677252407610076,0
20250613T224724 - 70e7e,462,N2,False,0.25820225963054744,0
20250613T224724 - 70e7e,463,N2,False,0.22059300271316296,0
20250613T224724 - 70e7e,464,N2,False,0.16253999168080446,0
20250613T224724 - 70e7e,465,N3,False,0.20702440025644905,0
20250613T224724 - 70e7e,466,N3,False,0.2289885974684862,0
20250613T224724 - 70e7e,467,N3,False,0.23201403614635158,0
20250613T224724 - 70e7e,468,N3,False,0.21234348668445682,0
20250613T224724 - 70e7e,469,N3,False,0.25352394430532343,0
20250613T224724 - 70e7e,470,N3,False,0.2202902722319996,0
20250613T224724 - 70e7e,471,N2,False,0.1742817792320381,0
20250613T224724 - 70e7e,472,N3,True,0.2500097603659102,0
20250613T224724 - 70e7e,473,W,False,0.2465667731153531,0
20250613T224724 - 70e7e,474,W,True,0.3784736825775857,0
20250613T224724 - 70e7e,475,N1,True,0.4831099230208528,0
20250613T224724 - 70e7e,476,N1,True,0.4775326163701519,0
20250613T224724 - 70e7e,477,N1,False,0.36702427247529906,0
20250613T224724 - 70e7e,478,N2,False,0.29469233687397023,0
20250613T224724 - 70e7e,479,N2,False,0.22310640009040128,0
20250613T224724 - 70e7e,480,N2,False,0.2649056527601259,0
20250613T224724 - 70e7e,481,N2,False,0.2775264043519151,0
20250613T224724 - 70e7e,482,N2,False,0.221211481594656,0
20250613T224724 - 70e7e,483,N2,False,0.2987662553450818,0
20250613T224724 - 70e7e,484,N2,False,0.2895375590913629,0
20250613T224724 - 70e7e,485,N2,False,0.23183130477754488,0
20250613T224724 - 70e7e,486,N2,False,0.21656771071566822,0
20250613T224724 - 70e7e,487,N2,False,0.18395121310601315,0
20250613T224724 - 70e7e,488,N2,False,0.21472354508318164,0
20250613T224724 - 70e7e,489,N2,False,0.29120677089688285,0
20250613T224724 - 70e7e,490,N2,False,0.1787875242790087,0
20250613T224724 - 70e7e,491,N2,False,0.21008412367390403,0
20250613T224724 - 70e7e,492,N2,False,0.2295992068247514,0
20250613T224724 - 70e7e,493,N2,False,0.237303519344668,0
20250613T224724 - 70e7e,494,N2,False,0.15378410845980395,0
20250613T224724 - 70e7e,495,N2,False,0.17143109245671653,0
20250613T224724 - 70e7e,496,N2,False,0.20967643435628094,0
20250613T224724 - 70e7e,497,N2,False,0.18843833826467474,0
20250613T224724 - 70e7e,498,N2,False,0.18767028545675724,0
20250613T224724 - 70e7e,499,N2,False,0.2330909277547168,0
20250613T224724 - 70e7e,500,N2,False,0.18918204647340758,0
20250613T224724 - 70e7e,501,N2,False,0.1480196432471987,0
20250613T224724 - 70e7e,502,N2,False,0.19843009431186245,0
20250613T224724 - 70e7e,503,N2,False,0.1650508973537664,0
20250613T224724 - 70e7e,504,N2,False,0.18010732812560495,0
20250613T224724 - 70e7e,505,N2,False,0.21312862199907343,0
20250613T224724 - 70e7e,506,N2,False,0.18380097082331173,0
20250613T224724 - 70e7e,507,N2,False,0.16586241281105477,0
20250613T224724 - 70e7e,508,N3,False,0.24393104865843948,0
20250613T224724 - 70e7e,509,N3,False,0.16231913202128936,0
20250613T224724 - 70e7e,510,N2,True,0.1686856464914388,0
20250613T224724 - 70e7e,511,N2,True,0.34553962447350905,0
20250613T224724 - 70e7e,512,N2,True,0.5070443549255426,1
20250613T224724 - 70e7e,513,N2,False,0.47688516928698105,0
20250613T224724 - 70e7e,514,N1,True,0.4479453444152402,0
20250613T224724 - 70e7e,515,N2,False,0.47512967371800124,0
20250613T224724 - 70e7e,516,W,True,0.5009589093657132,1
20250613T224724 - 70e7e,517,N1,True,0.46372213707271576,0
20250613T224724 - 70e7e,518,N2,True,0.2724624112693535,0
20250613T224724 - 70e7e,519,N1,False,0.48707672338263835,0
20250613T224724 - 70e7e,520,N1,True,0.4212982538978396,0
20250613T224724 - 70e7e,521,N2,False,0.3353237246890383,0
20250613T224724 - 70e7e,522,N2,True,0.38415236471473935,0
20250613T224724 - 70e7e,523,N1,False,0.3974377031112523,0
20250613T224724 - 70e7e,524,N1,True,0.5339302433607445,1
20250613T224724 - 70e7e,525,W,False,0.3558306206619018,0
20250613T224724 - 70e7e,526,N1,False,0.3192719056262125,0
20250613T224724 - 70e7e,527,N1,True,0.26866672354255045,0
20250613T224724 - 70e7e,528,N2,False,0.22008193196819345,0
20250613T224724 - 70e7e,529,W,False,0.294080461315764,0
20250613T224724 - 70e7e,530,W,False,0.2612147773427298,0
20250613T224724 - 70e7e,531,N1,False,0.3375698119935498,0
20250613T224724 - 70e7e,532,N1,True,0.2901405823023696,0
20250613T224724 - 70e7e,533,W,False,0.26421541704267987,0
20250613T224724 - 70e7e,534,W,False,0.2559063356461507,0
20250613T224724 - 70e7e,535,W,False,0.24501458404164558,0
20250613T224724 - 70e7e,536,W,False,0.3098359116072613,0
20250613T224724 - 70e7e,537,W,False,0.298731287183016,0
20250613T224724 - 70e7e,538,N1,True,0.4008984246737342,0
20250613T224724 - 70e7e,539,N1,True,0.41263847142820714,0
20250613T224724 - 70e7e,540,N1,True,0.5385192800533716,1
20250613T224724 - 70e7e,541,N1,True,0.5385813007940848,1
20250613T224724 - 70e7e,542,N1,True,0.4077303437189535,0
20250613T224724 - 70e7e,543,N1,True,0.5076030533192364,1
20250613T224724 - 70e7e,544,N1,False,0.5013303901141177,1
20250613T224724 - 70e7e,545,W,False,0.2847815592690878,0
20250613T224724 - 70e7e,546,REM,False,0.32267896611500296,0
20250613T224724 - 70e7e,547,REM,False,0.3242187447623753,0
20250613T224724 - 70e7e,548,REM,False,0.28282647608651884,0
20250613T224724 - 70e7e,549,REM,False,0.29984912885656895,0
20250613T224724 - 70e7e,550,REM,False,0.30145662652184796,0
20250613T224724 - 70e7e,551,REM,False,0.27429411855420816,0
20250613T224724 - 70e7e,552,REM,False,0.28531905184650114,0
20250613T224724 - 70e7e,553,REM,False,0.26303099235508476,0
20250613T224724 - 70e7e,554,REM,False,0.2706186509615196,0
20250613T224724 - 70e7e,555,REM,False,0.2893093294701329,0
20250613T224724 - 70e7e,556,REM,False,0.3011496928206695,0
20250613T224724 - 70e7e,557,REM,False,0.2591224044760452,0
20250613T224724 - 70e7e,558,REM,False,0.2925226962903136,0
20250613T224724 - 70e7e,559,REM,False,0.2785433800994581,0
20250613T224724 - 70e7e,560,REM,False,0.26192410756803386,0
20250613T224724 - 70e7e,561,REM,False,0.30517812233208635,0
20250613T224724 - 70e7e,562,REM,False,0.28434518318129,0
20250613T224724 - 70e7e,563,REM,False,0.25109154460314403,0
20250613T224724 - 70e7e,564,REM,False,0.2966374568820439,0
20250613T224724 - 70e7e,565,REM,False,0.2670768068045751,0
20250613T224724 - 70e7e,566,REM,False,0.2626637275122629,0
20250613T224724 - 70e7e,567,REM,False,0.2774561783232599,0
20250613T224724 - 70e7e,568,REM,False,0.3087805614250206,0
20250613T224724 - 70e7e,569,REM,False,0.27427710856895476,0
20250613T224724 - 70e7e,570,REM,False,0.2726317799445932,0
20250613T224724 - 70e7e,571,REM,False,0.2916272420761421,0
20250613T224724 - 70e7e,572,REM,False,0.2893014273113892,0
20250613T224724 - 70e7e,573,REM,False,0.25839493750822895,0
20250613T224724 - 70e7e,574,REM,False,0.30369760528569795,0
20250613T224724 - 70e7e,575,REM,False,0.2657829338556535,0
20250613T224724 - 70e7e,576,REM,False,0.2863124727658663,0
20250613T224724 - 70e7e,577,REM,False,0.2494028660444254,0
20250613T224724 - 70e7e,578,REM,False,0.24474114757876259,0
20250613T224724 - 70e7e,579,REM,False,0.24572800012786558,0
20250613T224724 - 70e7e,580,REM,False,0.2691205929259903,0
20250613T224724 - 70e7e,581,REM,False,0.25644609292644416,0
20250613T224724 - 70e7e,582,REM,False,0.27364853413448564,0
20250613T224724 - 70e7e,583,REM,False,0.2736567314513718,0
20250613T224724 - 70e7e,584,REM,False,0.26902687315006807,0
20250613T224724 - 70e7e,585,REM,False,0.2518180670914692,0
20250613T224724 - 70e7e,586,REM,False,0.28665614315081883,0
20250613T224724 - 70e7e,587,REM,False,0.33913089677151304,0
20250613T224724 - 70e7e,588,REM,False,0.2550632240360342,0
20250613T224724 - 70e7e,589,REM,False,0.27209052724118965,0
20250613T224724 - 70e7e,590,REM,True,0.27353947614157165,0
20250613T224724 - 70e7e,591,REM,False,0.2906017801247874,0
20250613T224724 - 70e7e,592,N1,False,0.33781831303262294,0
20250613T224724 - 70e7e,593,N1,False,0.2846350745458678,0
20250613T224724 - 70e7e,594,N1,False,0.3083267067603222,0
20250613T224724 - 70e7e,595,N2,True,0.2691968463797599,0
20250613T224724 - 70e7e,596,N2,False,0.2827600860267301,0
20250613T224724 - 70e7e,597,N1,False,0.33240271589704085,0
20250613T224724 - 70e7e,598,N2,False,0.31330911334428113,0
20250613T224724 - 70e7e,599,N2,False,0.24997036457746763,0
20250613T224724 - 70e7e,600,N2,True,0.26518607293518864,0
20250613T224724 - 70e7e,601,N1,False,0.30489590249139686,0
20250613T224724 - 70e7e,602,N1,False,0.28972223130308394,0
20250613T224724 - 70e7e,603,N2,False,0.2624733902969712,0
20250613T224724 - 70e7e,604,N2,True,0.2942216114028238,0
20250613T224724 - 70e7e,605,W,False,0.30795361672345245,0
20250613T224724 - 70e7e,606,N1,True,0.608650018024385,1
20250613T224724 - 70e7e,607,N1,True,0.48465791484188137,0
20250613T224724 - 70e7e,608,N1,False,0.4434873316541774,0
20250613T224724 - 70e7e,609,N1,True,0.5450423892847313,1
20250613T224724 - 70e7e,610,N1,False,0.484500155668154,0
20250613T224724 - 70e7e,611,N1,False,0.5275846232918942,1
20250613T224724 - 70e7e,612,N1,True,0.3506716872193282,0
20250613T224724 - 70e7e,613,W,False,0.3651941622666011,0
20250613T224724 - 70e7e,614,N1,False,0.42643401581601154,0
20250613T224724 - 70e7e,615,N1,False,0.3030164073590249,0
20250613T224724 - 70e7e,616,N2,False,0.2772295623021672,0
20250613T224724 - 70e7e,617,N2,False,0.2541752653070218,0
20250613T224724 - 70e7e,618,N2,False,0.30193867181859313,0
20250613T224724 - 70e7e,619,N2,False,0.25949127246582937,0
20250613T224724 - 70e7e,620,N2,False,0.2784795576544721,0
20250613T224724 - 70e7e,621,N2,False,0.2748500199701234,0
20250613T224724 - 70e7e,622,N2,False,0.2752901155088938,0
20250613T224724 - 70e7e,623,N2,False,0.25079030390890994,0
20250613T224724 - 70e7e,624,N2,False,0.2318881720695128,0
20250613T224724 - 70e7e,625,N2,False,0.22309026635426055,0
20250613T224724 - 70e7e,626,N2,False,0.17661835180386654,0
20250613T224724 - 70e7e,627,N2,False,0.2180410509017922,0
20250613T224724 - 70e7e,628,N2,False,0.23875750277855157,0
20250613T224724 - 70e7e,629,N2,False,0.188195827184858,0
20250613T224724 - 70e7e,630,N2,False,0.22369500794847608,0
20250613T224724 - 70e7e,631,N2,False,0.22940257959247554,0
20250613T224724 - 70e7e,632,N2,False,0.2027081322275364,0
20250613T224724 - 70e7e,633,N2,False,0.15674877366863757,0
20250613T224724 - 70e7e,634,N2,False,0.23731959051036547,0
20250613T224724 - 70e7e,635,N2,False,0.19399952323395106,0
20250613T224724 - 70e7e,636,N2,False,0.24938485569481542,0
20250613T224724 - 70e7e,637,N2,False,0.22662698561276462,0
20250613T224724 - 70e7e,638,N2,False,0.27169868280269255,0
20250613T224724 - 70e7e,639,N2,False,0.17906521098861952,0
20250613T224724 - 70e7e,640,N2,False,0.16495679453372206,0
20250613T224724 - 70e7e,641,N2,False,0.2318616144954668,0
20250613T224724 - 70e7e,642,N2,False,0.24769491297496402,0
20250613T224724 - 70e7e,643,N2,False,0.22318916201769656,0
20250613T224724 - 70e7e,644,N2,False,0.1731035797660292,0
20250613T224724 - 70e7e,645,N2,False,0.23946782986389384,0
20250613T224724 - 70e7e,646,N2,False,0.17950905316263202,0
20250613T224724 - 70e7e,647,N2,False,0.2856964622516124,0
20250613T224724 - 70e7e,648,N2,False,0.2079643260446839,0
20250613T224724 - 70e7e,649,N2,False,0.22675049343315096,0
20250613T224724 - 70e7e,650,N2,False,0.19429399533536146,0
20250613T224724 - 70e7e,651,N2,False,0.19369455661189658,0
20250613T224724 - 70e7e,652,N2,False,0.22327394358517644,0
20250613T224724 - 70e7e,653,N2,False,0.2569773623990909,0
20250613T224724 - 70e7e,654,N2,False,0.21353930410371838,0
20250613T224724 - 70e7e,655,N2,True,0.22577157024314265,0
20250613T224724 - 70e7e,656,N2,False,0.22712689755340063,0
20250613T224724 - 70e7e,657,N2,False,0.2402116094644161,0
20250613T224724 - 70e7e,658,N2,False,0.22369658291582414,0
20250613T224724 - 70e7e,659,N2,False,0.2344867273327175,0
20250613T224724 - 70e7e,660,N2,False,0.2137688812154096,0
20250613T224724 - 70e7e,661,N2,False,0.26005267729118775,0
20250613T224724 - 70e7e,662,N2,False,0.25547359192834335,0
20250613T224724 - 70e7e,663,N2,False,0.15162109126666945,0
20250613T224724 - 70e7e,664,N2,False,0.25090501765008844,0
20250613T224724 - 70e7e,665,N2,False,0.25295017681959314,0
20250613T224724 - 70e7e,666,N2,False,0.21993966843146343,0
20250613T224724 - 70e7e,667,N2,False,0.18309546348592953,0
20250613T224724 - 70e7e,668,N2,True,0.2159071038097019,0
20250613T224724 - 70e7e,669,N1,False,0.3533947843025228,0
20250613T224724 - 70e7e,670,N1,True,0.28492037210441895,0
20250613T224724 - 70e7e,671,N2,False,0.24974912628769125,0
20250613T224724 - 70e7e,672,N1,False,0.26003587576149045,0
20250613T224724 - 70e7e,673,N1,False,0.2611623893584698,0
20250613T224724 - 70e7e,674,N2,False,0.30023103083125685,0
20250613T224724 - 70e7e,675,N2,False,0.27691986442853694,0
20250613T224724 - 70e7e,676,N2,True,0.2833802584016894,0
20250613T224724 - 70e7e,677,N2,False,0.2889492770185107,0
20250613T224724 - 70e7e,678,N1,False,0.32220866345198035,0
20250613T224724 - 70e7e,679,N2,False,0.24374202968459094,0
20250613T224724 - 70e7e,680,N2,True,0.28712965791571693,0
20250613T224724 - 70e7e,681,N1,False,0.31226367586359804,0
20250613T224724 - 70e7e,682,N2,False,0.2337697051344712,0
20250613T224724 - 70e7e,683,N2,False,0.27032605263375964,0
20250613T224724 - 70e7e,684,N2,False,0.26162366244643614,0
20250613T224724 - 70e7e,685,N2,False,0.23920627698681637,0
20250613T224724 - 70e7e,686,N2,False,0.2637493831271053,0
20250613T224724 - 70e7e,687,N2,False,0.2739717226792938,0
20250613T224724 - 70e7e,688,N2,False,0.2719828658183771,0
20250613T224724 - 70e7e,689,N2,False,0.29378236420371523,0
20250613T224724 - 70e7e,690,N2,False,0.269739322756913,0
20250613T224724 - 70e7e,691,N2,False,0.20985613976659934,0
20250613T224724 - 70e7e,692,N2,True,0.2721327045678492,0
20250613T224724 - 70e7e,693,N2,False,0.23447793497819536,0
20250613T224724 - 70e7e,694,N1,False,0.3162930775791191,0
20250613T224724 - 70e7e,695,N2,False,0.2638275877939654,0
20250613T224724 - 70e7e,696,N2,False,0.27884238552009055,0
20250613T224724 - 70e7e,697,N2,True,0.22787285574938815,0
20250613T224724 - 70e7e,698,N2,False,0.25548712420703945,0
20250613T224724 - 70e7e,699,N1,True,0.287434983336669,0
20250613T224724 - 70e7e,700,N1,False,0.26487797395987994,0
20250613T224724 - 70e7e,701,N2,False,0.26011454904583586,0
20250613T224724 - 70e7e,702,N2,False,0.26867454543398134,0
20250613T224724 - 70e7e,703,N2,True,0.2745460362985621,0
20250613T224724 - 70e7e,704,N2,False,0.20180777005066045,0
20250613T224724 - 70e7e,705,N1,False,0.28794202214813813,0
20250613T224724 - 70e7e,706,N1,False,0.23580274197381526,0
20250613T224724 - 70e7e,707,N2,True,0.20646135587531236,0
20250613T224724 - 70e7e,708,N1,False,0.24630389774719533,0
20250613T224724 - 70e7e,709,N2,False,0.24013656888222734,0
20250613T224724 - 70e7e,710,N2,False,0.33480780568891944,0
20250613T224724 - 70e7e,711,N2,True,0.2688725659590753,0
20250613T224724 - 70e7e,712,N2,True,0.25520921318223866,0
20250613T224724 - 70e7e,713,N1,False,0.3361424566861813,0
20250613T224724 - 70e7e,714,N2,True,0.23730544709208032,0
20250613T224724 - 70e7e,715,N1,False,0.3099273280407672,0
20250613T224724 - 70e7e,716,N1,True,0.3065705970902452,0
20250613T224724 - 70e7e,717,W,False,0.3167130809782558,0
20250613T224724 - 70e7e,718,N1,True,0.40396584526157886,0
20250613T224724 - 70e7e,719,N1,True,0.41898387053901714,0
20250613T224724 - 70e7e,720,N1,True,0.45391044715479856,0
20250613T224724 - 70e7e,721,N1,True,0.4808222804609757,0
20250613T224724 - 70e7e,722,N1,False,0.4645843975857645,0
20250613T224724 - 70e7e,723,N1,True,0.6085121464405121,1
20250613T224724 - 70e7e,724,N1,True,0.4721852505254749,0
20250613T224724 - 70e7e,725,N1,True,0.5881628995201061,1
20250613T224724 - 70e7e,726,N1,True,0.5175730366248485,1
20250613T224724 - 70e7e,727,N1,False,0.5064877198879502,1
20250613T224724 - 70e7e,728,W,False,0.32849827301661505,0
20250614T224054 - df154,0,W,False,0.31348914493481284,0
20250614T224054 - df154,1,W,False,0.3401628875130712,0
20250614T224054 - df154,2,W,False,0.3339560095686545,0
20250614T224054 - df154,3,W,False,0.3520390981154602,0
20250614T224054 - df154,4,W,True,0.31720501427057435,0
20250614T224054 - df154,5,N1,False,0.3693750937394698,0
20250614T224054 - df154,6,N1,False,0.385681880372132,0
20250614T224054 - df154,7,N1,True,0.38296726859608127,0
20250614T224054 - df154,8,N1,False,0.4023577142890394,0
20250614T224054 - df154,9,N1,True,0.35847662811551095,0
20250614T224054 - df154,10,N1,False,0.38462669951620887,0
20250614T224054 - df154,11,N1,False,0.3911379067762807,0
20250614T224054 - df154,12,N1,False,0.48051742631712385,0
20250614T224054 - df154,13,N1,False,0.45125080477970736,0
20250614T224054 - df154,14,N1,False,0.4366361905163524,0
20250614T224054 - df154,15,N1,False,0.48601687287792106,0
20250614T224054 - df154,16,N2,False,0.4377337228138156,0
20250614T224054 - df154,17,N2,True,0.4212372498665703,0
20250614T224054 - df154,18,N1,False,0.45855589101436756,0
20250614T224054 - df154,19,N2,False,0.4524734750722444,0
20250614T224054 - df154,20,N2,False,0.45221099528412717,0
20250614T224054 - df154,21,N2,False,0.44252764096419805,0
20250614T224054 - df154,22,N2,False,0.4426346973044934,0
20250614T224054 - df154,23,N2,True,0.40633821018451927,0
20250614T224054 - df154,24,N2,False,0.4807513518430664,0
20250614T224054 - df154,25,N1,True,0.5260056881835823,1
20250614T224054 - df154,26,N2,False,0.42561791326793463,0
20250614T224054 - df154,27,N1,False,0.5269059206573233,1
20250614T224054 - df154,28,N2,False,0.45824614229278127,0
20250614T224054 - df154,29,N2,False,0.4944253654782066,0
20250614T224054 - df154,30,N2,False,0.44245199468702007,0
20250614T224054 - df154,31,N2,False,0.4141258741870199,0
20250614T224054 - df154,32,N2,True,0.46123287929390444,0
20250614T224054 - df154,33,N2,False,0.4909342672375253,0
20250614T224054 - df154,34,N1,True,0.5019618383419727,1
20250614T224054 - df154,35,N1,False,0.48369659612824534,0
20250614T224054 - df154,36,N2,False,0.43151805771183555,0
20250614T224054 - df154,37,N2,False,0.43827514852589244,0
20250614T224054 - df154,38,N2,False,0.46829817021204256,0
20250614T224054 - df154,39,N2,False,0.42649247730357076,0
20250614T224054 - df154,40,N2,False,0.4649447532968001,0
20250614T224054 - df154,41,N2,False,0.46403703266624224,0
20250614T224054 - df154,42,N2,True,0.4426160651687377,0
20250614T224054 - df154,43,W,True,0.42624584157975226,0
20250614T224054 - df154,44,N1,False,0.44690391478924013,0
20250614T224054 - df154,45,N1,False,0.5170448531733153,1
20250614T224054 - df154,46,N2,False,0.43689534208145586,0
20250614T224054 - df154,47,N2,True,0.43657157120799506,0
20250614T224054 - df154,48,N2,False,0.4980218794545364,0
20250614T224054 - df154,49,N1,False,0.5572438504700917,1
20250614T224054 - df154,50,N2,True,0.4969271935899186,0
20250614T224054 - df154,51,N2,False,0.5262454448214684,1
20250614T224054 - df154,52,N1,False,0.507748025395593,1
20250614T224054 - df154,53,N2,True,0.45094975196078424,0
20250614T224054 - df154,54,N2,False,0.4715620030382068,0
20250614T224054 - df154,55,N2,True,0.6191170193401273,1
20250614T224054 - df154,56,W,True,0.4128234859022381,0
20250614T224054 - df154,57,N1,False,0.467855969933134,0
20250614T224054 - df154,58,N1,False,0.5134520463190222,1
20250614T224054 - df154,59,N2,False,0.42213216504088696,0
20250614T224054 - df154,60,N2,False,0.4480453460036336,0
20250614T224054 - df154,61,N2,False,0.4329823445675041,0
20250614T224054 - df154,62,N2,False,0.460298816455113,0
20250614T224054 - df154,63,N2,True,0.5812322273241222,1
20250614T224054 - df154,64,N2,False,0.4391767478646493,0
20250614T224054 - df154,65,W,False,0.4073677722380765,0
20250614T224054 - df154,66,N1,False,0.5604708720121859,1
20250614T224054 - df154,67,N2,False,0.47191912178199713,0
20250614T224054 - df154,68,N2,False,0.47886358727303163,0
20250614T224054 - df154,69,N2,False,0.5008447850567466,1
20250614T224054 - df154,70,N2,False,0.4262542470124865,0
20250614T224054 - df154,71,N2,False,0.4527817761088662,0
20250614T224054 - df154,72,N2,False,0.5051004282034995,1
20250614T224054 - df154,73,N2,False,0.4648448876796526,0
20250614T224054 - df154,74,N2,False,0.473984209696383,0
20250614T224054 - df154,75,N2,False,0.5381174666117837,1
20250614T224054 - df154,76,N2,False,0.5497435970559083,1
20250614T224054 - df154,77,N2,False,0.5239120134960358,1
20250614T224054 - df154,78,N2,False,0.5641123434188,1
20250614T224054 - df154,79,N2,False,0.5013545465088967,1
20250614T224054 - df154,80,N2,False,0.5316862557281169,1
20250614T224054 - df154,81,N2,False,0.6528227307346843,1
20250614T224054 - df154,82,N2,False,0.6519411346086135,1
20250614T224054 - df154,83,N2,False,0.5876350278588991,1
20250614T224054 - df154,84,N2,False,0.6253835740419036,1
20250614T224054 - df154,85,N2,False,0.6445116712161675,1
20250614T224054 - df154,86,N2,False,0.6485695071156604,1
20250614T224054 - df154,87,N2,False,0.6519681587339519,1
20250614T224054 - df154,88,N2,False,0.5910592824555327,1
20250614T224054 - df154,89,N2,True,0.62388933065394,1
20250614T224054 - df154,90,N1,False,0.6710215182504768,1
20250614T224054 - df154,91,N2,False,0.6478118239870189,1
20250614T224054 - df154,92,N2,False,0.5537574213342888,1
20250614T224054 - df154,93,N2,False,0.6450522596656799,1
20250614T224054 - df154,94,N2,False,0.6181387725476031,1
20250614T224054 - df154,95,N2,False,0.5938523071917059,1
20250614T224054 - df154,96,N2,False,0.6607937674586905,1
20250614T224054 - df154,97,N2,False,0.5323149767562012,1
20250614T224054 - df154,98,N2,False,0.5350676493468547,1
20250614T224054 - df154,99,N2,False,0.5824780060846555,1
20250614T224054 - df154,100,N2,False,0.6328731408993491,1
20250614T224054 - df154,101,N2,False,0.6749051640908534,1
20250614T224054 - df154,102,N2,False,0.6388044065830238,1
20250614T224054 - df154,103,N2,False,0.6347081642114794,1
20250614T224054 - df154,104,N2,True,0.6234042758191238,1
20250614T224054 - df154,105,N2,False,0.6604486618457238,1
20250614T224054 - df154,106,N2,True,0.599214892824886,1
20250614T224054 - df154,107,N2,False,0.6325663449946064,1
20250614T224054 - df154,108,N2,False,0.6150739123718292,1
20250614T224054 - df154,109,N2,False,0.6438722220101196,1
20250614T224054 - df154,110,N2,False,0.6880988428283534,1
20250614T224054 - df154,111,N2,False,0.6614227237165702,1
20250614T224054 - df154,112,N2,True,0.5428607628179968,1
20250614T224054 - df154,113,N2,False,0.5391409958584457,1
20250614T224054 - df154,114,N2,False,0.6335575815107577,1
20250614T224054 - df154,115,N2,False,0.625939840583343,1
20250614T224054 - df154,116,N2,False,0.6138856846598036,1
20250614T224054 - df154,117,N2,False,0.6891308124557276,1
20250614T224054 - df154,118,N2,False,0.7312693500571089,1
20250614T224054 - df154,119,N2,False,0.6331543703454454,1
20250614T224054 - df154,120,N2,False,0.6151106943595505,1
20250614T224054 - df154,121,N2,True,0.6254540221100572,1
20250614T224054 - df154,122,W,False,0.37752593128819806,0
20250614T224054 - df154,123,N1,False,0.5454094608686452,1
20250614T224054 - df154,124,N2,True,0.4382155297792728,0
20250614T224054 - df154,125,N2,False,0.5501534289620291,1
20250614T224054 - df154,126,W,False,0.3136730509434501,0
20250614T224054 - df154,127,W,True,0.37596750888759134,0
20250614T224054 - df154,128,N1,False,0.38334005296363416,0
20250614T224054 - df154,129,N1,False,0.44591446107522126,0
20250614T224054 - df154,130,N2,False,0.4369218602250146,0
20250614T224054 - df154,131,N2,False,0.4090331913519919,0
20250614T224054 - df154,132,N2,False,0.4287788641134956,0
20250614T224054 - df154,133,N2,False,0.48569652362449545,0
20250614T224054 - df154,134,N2,False,0.3749996873230912,0
20250614T224054 - df154,135,N2,False,0.39276275367406543,0
20250614T224054 - df154,136,N2,False,0.36935573157202256,0
20250614T224054 - df154,137,N2,False,0.41418220991858873,0
20250614T224054 - df154,138,N2,False,0.36690458774219586,0
20250614T224054 - df154,139,N2,False,0.34685847257120905,0
20250614T224054 - df154,140,N2,False,0.3701899188900054,0
20250614T224054 - df154,141,N2,False,0.3341037933738747,0
20250614T224054 - df154,142,N3,False,0.3292199581275841,0
20250614T224054 - df154,143,N3,False,0.3167424457618846,0
20250614T224054 - df154,144,N3,False,0.2920847886397042,0
20250614T224054 - df154,145,N3,False,0.3897073715263215,0
20250614T224054 - df154,146,N3,False,0.31832992962298695,0
20250614T224054 - df154,147,N3,False,0.3039339176415393,0
20250614T224054 - df154,148,N3,False,0.3487017645538679,0
20250614T224054 - df154,149,N3,False,0.4278567374205678,0
20250614T224054 - df154,150,N3,False,0.38982994438910734,0
20250614T224054 - df154,151,N3,False,0.3359698573438271,0
20250614T224054 - df154,152,N3,False,0.4243443206666395,0
20250614T224054 - df154,153,N3,False,0.3098026882528022,0
20250614T224054 - df154,154,N3,False,0.46243688239104314,0
20250614T224054 - df154,155,N3,False,0.4193001385340684,0
20250614T224054 - df154,156,N3,False,0.3658279843859153,0
20250614T224054 - df154,157,N3,False,0.3390092024747642,0
20250614T224054 - df154,158,N3,False,0.2663845709622319,0
20250614T224054 - df154,159,N3,False,0.33235258648519234,0
20250614T224054 - df154,160,N3,False,0.3653323537215287,0
20250614T224054 - df154,161,N3,False,0.35809406264694865,0
20250614T224054 - df154,162,N3,False,0.36637173141987456,0
20250614T224054 - df154,163,N3,False,0.3665314308438118,0
20250614T224054 - df154,164,N3,False,0.28923834368982027,0
20250614T224054 - df154,165,N3,False,0.42035525234195736,0
20250614T224054 - df154,166,N3,False,0.3466805567849627,0
20250614T224054 - df154,167,N3,False,0.3933103596321263,0
20250614T224054 - df154,168,N3,False,0.38609570408115634,0
20250614T224054 - df154,169,N3,False,0.3093913326977543,0
20250614T224054 - df154,170,N3,False,0.35951162378067686,0
20250614T224054 - df154,171,N3,False,0.3949469840099816,0
20250614T224054 - df154,172,N3,False,0.3320514536687156,0
20250614T224054 - df154,173,N3,False,0.3187518101518899,0
20250614T224054 - df154,174,N3,True,0.3524917629145002,0
20250614T224054 - df154,175,N3,False,0.45511114888973836,0
20250614T224054 - df154,176,N3,False,0.3413441363876975,0
20250614T224054 - df154,177,N3,False,0.3895834074452475,0
20250614T224054 - df154,178,N3,False,0.33171775311600404,0
20250614T224054 - df154,179,N3,False,0.47618214478093995,0
20250614T224054 - df154,180,N3,False,0.3439569357435669,0
20250614T224054 - df154,181,N3,False,0.32433146012588376,0
20250614T224054 - df154,182,N3,False,0.2919064035955644,0
20250614T224054 - df154,183,N3,False,0.41302018987404665,0
20250614T224054 - df154,184,N3,False,0.34206649574165143,0
20250614T224054 - df154,185,N3,False,0.3591266028201055,0
20250614T224054 - df154,186,N3,False,0.5031195606691102,1
20250614T224054 - df154,187,N3,False,0.33573337000189096,0
20250614T224054 - df154,188,N3,False,0.3893033758418343,0
20250614T224054 - df154,189,N3,False,0.42574926022794884,0
20250614T224054 - df154,190,N3,False,0.33002163389073674,0
20250614T224054 - df154,191,N3,False,0.3982496073441448,0
20250614T224054 - df154,192,N3,False,0.37885292873762483,0
20250614T224054 - df154,193,N3,False,0.31048236182403405,0
20250614T224054 - df154,194,N3,False,0.42663594929674625,0
20250614T224054 - df154,195,N3,False,0.3195080456723776,0
20250614T224054 - df154,196,N3,True,0.3954863032860614,0
20250614T224054 - df154,197,N3,False,0.48956160096074747,0
20250614T224054 - df154,198,N3,False,0.5096624010046794,1
20250614T224054 - df154,199,N3,False,0.38235885378251777,0
20250614T224054 - df154,200,N3,False,0.3793745593566083,0
20250614T224054 - df154,201,N3,False,0.3715597271117683,0
20250614T224054 - df154,202,N3,False,0.3380328841722299,0
20250614T224054 - df154,203,N3,False,0.3879459555502505,0
20250614T224054 - df154,204,N3,True,0.3341209421432603,0
20250614T224054 - df154,205,N3,False,0.4339519656189798,0
20250614T224054 - df154,206,N3,True,0.4666855553708381,0
20250614T224054 - df154,207,N2,False,0.34747810697517606,0
20250614T224054 - df154,208,N1,True,0.5294883752295566,1
20250614T224054 - df154,209,N2,True,0.5149686823237268,1
20250614T224054 - df154,210,N2,False,0.5522147230345064,1
20250614T224054 - df154,211,N2,False,0.49305052622982354,0
20250614T224054 - df154,212,N2,False,0.6141361711034085,1
20250614T224054 - df154,213,N2,False,0.6547925995673488,1
20250614T224054 - df154,214,N2,True,0.5738298227067772,1
20250614T224054 - df154,215,N2,False,0.580726924361111,1
20250614T224054 - df154,216,N2,True,0.6539820498186828,1
20250614T224054 - df154,217,N2,False,0.5600655513187394,1
20250614T224054 - df154,218,N2,False,0.5383175766075725,1
20250614T224054 - df154,219,N2,False,0.6027146595689746,1
20250614T224054 - df154,220,N2,True,0.5830718054922446,1
20250614T224054 - df154,221,N2,True,0.5839408391465551,1
20250614T224054 - df154,222,N1,True,0.5593835385458366,1
20250614T224054 - df154,223,N2,False,0.642247363886526,1
20250614T224054 - df154,224,N1,False,0.6218680974200198,1
20250614T224054 - df154,225,N2,True,0.6255591713414368,1
20250614T224054 - df154,226,N1,False,0.5919684993387974,1
20250614T224054 - df154,227,N2,True,0.48918728162563796,0
20250614T224054 - df154,228,N1,True,0.6055699446207714,1
20250614T224054 - df154,229,N1,False,0.6183136902655307,1
20250614T224054 - df154,230,N2,False,0.5542602507552975,1
20250614T224054 - df154,231,N2,False,0.5245005601387597,1
20250614T224054 - df154,232,N2,False,0.6380850321721382,1
20250614T224054 - df154,233,N2,True,0.585203980989181,1
20250614T224054 - df154,234,N2,False,0.6231349655468442,1
20250614T224054 - df154,235,N1,True,0.5045749406867508,1
20250614T224054 - df154,236,N1,False,0.5899363871510711,1
20250614T224054 - df154,237,REM,False,0.6246203274693408,1
20250614T224054 - df154,238,REM,True,0.5305739659030577,1
20250614T224054 - df154,239,REM,True,0.5846750980411075,1
20250614T224054 - df154,240,REM,True,0.4928315278307662,0
20250614T224054 - df154,241,REM,False,0.4260431536439183,0
20250614T224054 - df154,242,REM,True,0.5250701944359555,1
20250614T224054 - df154,243,REM,True,0.6074709247808417,1
20250614T224054 - df154,244,REM,True,0.5792061101815068,1
20250614T224054 - df154,245,REM,False,0.6682800498550004,1
20250614T224054 - df154,246,REM,False,0.6009479081532892,1
20250614T224054 - df154,247,REM,False,0.499437015883804,0
20250614T224054 - df154,248,REM,True,0.5024113008808654,1
20250614T224054 - df154,249,REM,True,0.48017229758201885,0
20250614T224054 - df154,250,REM,False,0.5315113862368319,1
20250614T224054 - df154,251,REM,True,0.5184405710368776,1
20250614T224054 - df154,252,REM,False,0.49484909995628706,0
20250614T224054 - df154,253,REM,False,0.5133911525170525,1
20250614T224054 - df154,254,REM,False,0.47177550527254375,0
20250614T224054 - df154,255,REM,False,0.5544047981154904,1
20250614T224054 - df154,256,REM,True,0.44527390805689004,0
20250614T224054 - df154,257,REM,False,0.511363017052882,1
20250614T224054 - df154,258,REM,True,0.6154003288683992,1
20250614T224054 - df154,259,REM,False,0.605213213808081,1
20250614T224054 - df154,260,REM,False,0.7018827130782123,1
20250614T224054 - df154,261,REM,True,0.6126950630144729,1
20250614T224054 - df154,262,REM,False,0.6019602475338569,1
20250614T224054 - df154,263,REM,True,0.6033686060138254,1
20250614T224054 - df154,264,W,True,0.4422886810181823,0
20250614T224054 - df154,265,REM,True,0.5352637428762478,1
20250614T224054 - df154,266,REM,False,0.5475979481681921,1
20250614T224054 - df154,267,REM,False,0.37670638111379745,0
20250614T224054 - df154,268,REM,False,0.571214887169309,1
20250614T224054 - df154,269,REM,False,0.49076208597906296,0
20250614T224054 - df154,270,REM,False,0.43403268621479946,0
20250614T224054 - df154,271,REM,True,0.5697547453634698,1
20250614T224054 - df154,272,W,False,0.5127284813910069,1
20250614T224054 - df154,273,W,False,0.3378412808543752,0
20250614T224054 - df154,274,W,False,0.35650017869177736,0
20250614T224054 - df154,275,W,False,0.33833921352306295,0
20250614T224054 - df154,276,N1,True,0.35282889998153216,0
20250614T224054 - df154,277,N1,False,0.4126084451459068,0
20250614T224054 - df154,278,N1,False,0.434858768945148,0
20250614T224054 - df154,279,N1,False,0.4300805282318929,0
20250614T224054 - df154,280,N2,False,0.3394677564679636,0
20250614T224054 - df154,281,N2,False,0.4096338502508195,0
20250614T224054 - df154,282,N2,False,0.3878121732207747,0
20250614T224054 - df154,283,N2,False,0.3888604708187078,0
20250614T224054 - df154,284,N2,False,0.3349118576158551,0
20250614T224054 - df154,285,N2,False,0.36813069135588333,0
20250614T224054 - df154,286,N2,False,0.26768467474489266,0
20250614T224054 - df154,287,N2,False,0.3361494401826017,0
20250614T224054 - df154,288,N2,False,0.2239859238421686,0
20250614T224054 - df154,289,N2,False,0.34442176725859835,0
20250614T224054 - df154,290,N2,False,0.23241296031456066,0
20250614T224054 - df154,291,N2,False,0.21541236156532015,0
20250614T224054 - df154,292,N2,False,0.22311881313916498,0
20250614T224054 - df154,293,N2,False,0.2147058287441007,0
20250614T224054 - df154,294,N2,False,0.23813545926036767,0
20250614T224054 - df154,295,N2,False,0.17427291565942898,0
20250614T224054 - df154,296,N2,False,0.24593988022282393,0
20250614T224054 - df154,297,N2,False,0.22389798945979753,0
20250614T224054 - df154,298,N2,False,0.27284874541602405,0
20250614T224054 - df154,299,N2,False,0.36736784704896946,0
20250614T224054 - df154,300,N2,False,0.318500279593433,0
20250614T224054 - df154,301,N2,False,0.3474357492631787,0
20250614T224054 - df154,302,N2,False,0.37311376312522493,0
20250614T224054 - df154,303,N2,False,0.3187606600841606,0
20250614T224054 - df154,304,N2,False,0.33968617309798793,0
20250614T224054 - df154,305,N2,False,0.26697891148815084,0
20250614T224054 - df154,306,N2,False,0.2485417640271245,0
20250614T224054 - df154,307,N2,False,0.21606640610842043,0
20250614T224054 - df154,308,N2,False,0.22419973029091098,0
20250614T224054 - df154,309,N2,False,0.2198710981179289,0
20250614T224054 - df154,310,N2,True,0.21680400956050147,0
20250614T224054 - df154,311,W,False,0.3688066876844998,0
20250614T224054 - df154,312,W,False,0.31858578053834313,0
20250614T224054 - df154,313,W,False,0.28326986769647805,0
20250614T224054 - df154,314,N1,False,0.5138255457166063,1
20250614T224054 - df154,315,N1,False,0.46256281794248616,0
20250614T224054 - df154,316,N1,False,0.388847690942862,0
20250614T224054 - df154,317,N2,False,0.5229210242774771,1
20250614T224054 - df154,318,N2,False,0.508438562762684,1
20250614T224054 - df154,319,N2,False,0.45493483751921815,0
20250614T224054 - df154,320,N2,True,0.5302831943469213,1
20250614T224054 - df154,321,N1,True,0.5574558663189785,1
20250614T224054 - df154,322,W,False,0.5084966708901255,1
20250614T224054 - df154,323,N1,False,0.6011498239438201,1
20250614T224054 - df154,324,N2,False,0.490121139338508,0
20250614T224054 - df154,325,N2,True,0.5925750503961535,1
20250614T224054 - df154,326,N2,False,0.5808090694941247,1
20250614T224054 - df154,327,N1,False,0.7158626231624428,1
20250614T224054 - df154,328,N2,True,0.6436959407503522,1
20250614T224054 - df154,329,N2,True,0.6704619898949871,1
20250614T224054 - df154,330,N1,True,0.6763777850015432,1
20250614T224054 - df154,331,N1,True,0.6351654338767019,1
20250614T224054 - df154,332,N1,True,0.4878623106689839,0
20250614T224054 - df154,333,N1,False,0.5784830949921996,1
20250614T224054 - df154,334,N2,False,0.526846249283038,1
20250614T224054 - df154,335,N2,False,0.49801257046289876,0
20250614T224054 - df154,336,N2,False,0.4547816126601835,0
20250614T224054 - df154,337,N2,False,0.4812986499465215,0
20250614T224054 - df154,338,N2,True,0.5112759731927734,1
20250614T224054 - df154,339,N1,False,0.6266343479231664,1
20250614T224054 - df154,340,N2,True,0.6608329854396072,1
20250614T224054 - df154,341,N2,False,0.5322276352919021,1
20250614T224054 - df154,342,N1,False,0.6294621536151404,1
20250614T224054 - df154,343,N2,False,0.6093635584652536,1
20250614T224054 - df154,344,N2,False,0.6674407093513132,1
20250614T224054 - df154,345,N2,True,0.6819855313876566,1
20250614T224054 - df154,346,N1,True,0.6785205402650876,1
20250614T224054 - df154,347,N1,False,0.6530756397996584,1
20250614T224054 - df154,348,N2,False,0.6333299063779358,1
20250614T224054 - df154,349,N2,True,0.6638474635554397,1
20250614T224054 - df154,350,N1,True,0.6755088609175011,1
20250614T224054 - df154,351,N1,True,0.6605854410302829,1
20250614T224054 - df154,352,N1,False,0.6830225729857713,1
20250614T224054 - df154,353,N2,True,0.5878075146064496,1
20250614T224054 - df154,354,N2,True,0.6400638764383518,1
20250614T224054 - df154,355,N1,True,0.656382531900891,1
20250614T224054 - df154,356,N2,False,0.6589360929782525,1
20250614T224054 - df154,357,N2,True,0.6534197014531132,1
20250614T224054 - df154,358,N2,False,0.6599970728311433,1
20250614T224054 - df154,359,N2,True,0.6547005198673067,1
20250614T224054 - df154,360,N1,False,0.6185636908495823,1
20250614T224054 - df154,361,N2,False,0.7028616263347651,1
20250614T224054 - df154,362,N2,False,0.6850427325827079,1
20250614T224054 - df154,363,N2,False,0.7024827199463699,1
20250614T224054 - df154,364,N2,True,0.541714731607133,1
20250614T224054 - df154,365,N1,True,0.6296002751164647,1
20250614T224054 - df154,366,N1,True,0.6545542544137333,1
20250614T224054 - df154,367,N1,False,0.6289140785590056,1
20250614T224054 - df154,368,N2,False,0.5869572662382063,1
20250614T224054 - df154,369,N2,False,0.605629649551693,1
20250614T224054 - df154,370,N2,False,0.5380559287958652,1
20250614T224054 - df154,371,N2,False,0.6875112409738828,1
20250614T224054 - df154,372,N2,False,0.6326883213343688,1
20250614T224054 - df154,373,N2,True,0.616271838695628,1
20250614T224054 - df154,374,N2,True,0.6675482604744744,1
20250614T224054 - df154,375,N1,True,0.6638415825890709,1
20250614T224054 - df154,376,N1,False,0.6979453940874084,1
20250614T224054 - df154,377,N2,False,0.6255324144316581,1
20250614T224054 - df154,378,N2,False,0.6523256020869392,1
20250614T224054 - df154,379,N2,True,0.662559724830965,1
20250614T224054 - df154,380,N2,True,0.6550622039651046,1
20250614T224054 - df154,381,N1,True,0.6404710695220487,1
20250614T224054 - df154,382,N1,False,0.6612356571956947,1
20250614T224054 - df154,383,N1,False,0.6986244681031215,1
20250614T224054 - df154,384,N2,True,0.622557839899603,1
20250614T224054 - df154,385,N2,True,0.6898744251226223,1
20250614T224054 - df154,386,N1,False,0.6114034343078805,1
20250614T224054 - df154,387,W,False,0.33834921432878096,0
20250614T224054 - df154,388,N1,False,0.5045145414760427,1
20250614T224054 - df154,389,N1,False,0.5995197192736487,1
20250614T224054 - df154,390,N2,False,0.5754595580385564,1
20250614T224054 - df154,391,N2,True,0.5772110137862704,1
20250614T224054 - df154,392,N2,True,0.5093018885168443,1
20250614T224054 - df154,393,N2,True,0.5959122763230612,1
20250614T224054 - df154,394,N1,True,0.6429840419934623,1
20250614T224054 - df154,395,N1,True,0.5877633245783483,1
20250614T224054 - df154,396,N1,False,0.6710701582054679,1
20250614T224054 - df154,397,N1,True,0.5772562277550637,1
20250614T224054 - df154,398,N2,False,0.5224041422470398,1
20250614T224054 - df154,399,N1,False,0.6098464757644959,1
20250614T224054 - df154,400,N2,False,0.6789385782823736,1
20250614T224054 - df154,401,N2,True,0.5527570910924766,1
20250614T224054 - df154,402,N1,True,0.6229351722028404,1
20250614T224054 - df154,403,N1,False,0.663362047377704,1
20250614T224054 - df154,404,N2,False,0.5828611910614936,1
20250614T224054 - df154,405,N2,True,0.5838796798025914,1
20250614T224054 - df154,406,N2,False,0.6431756201767865,1
20250614T224054 - df154,407,N1,False,0.6880849246479255,1
20250614T224054 - df154,408,N2,True,0.6967126471502629,1
20250614T224054 - df154,409,N1,True,0.5500377101378274,1
20250614T224054 - df154,410,N1,True,0.6352153483719116,1
20250614T224054 - df154,411,N1,True,0.6989107121823759,1
20250614T224054 - df154,412,N1,True,0.6969045489280689,1
20250614T224054 - df154,413,N1,False,0.552815781633613,1
20250614T224054 - df154,414,N1,True,0.6045328894503177,1
20250614T224054 - df154,415,N1,True,0.5942881966927042,1
20250614T224054 - df154,416,N1,False,0.6041166925824273,1
20250614T224054 - df154,417,N2,True,0.5219183714259451,1
20250614T224054 - df154,418,N1,False,0.6531864430480104,1
20250614T224054 - df154,419,N2,False,0.5851333453320496,1
20250614T224054 - df154,420,N2,False,0.7171305298928317,1
20250614T224054 - df154,421,N2,False,0.6132940470252141,1
20250614T224054 - df154,422,N2,True,0.5983585149684505,1
20250614T224054 - df154,423,N2,True,0.6040762588119857,1
20250614T224054 - df154,424,N1,True,0.5957242879265806,1
20250614T224054 - df154,425,N1,False,0.6545261852301878,1
20250614T224054 - df154,426,N1,False,0.6563991169079917,1
20250614T224054 - df154,427,N2,True,0.6287775322980669,1
20250614T224054 - df154,428,N1,True,0.6195733681913874,1
20250614T224054 - df154,429,N1,True,0.6358916629546375,1
20250614T224054 - df154,430,N1,False,0.6724679106269391,1
20250614T224054 - df154,431,N2,False,0.6345119382793716,1
20250614T224054 - df154,432,N2,False,0.6305228173550431,1
20250614T224054 - df154,433,N2,True,0.638611686746738,1
20250614T224054 - df154,434,N2,False,0.6377687851994472,1
20250614T224054 - df154,435,N1,True,0.6793135995735037,1
20250614T224054 - df154,436,W,False,0.4699259029753255,0
20250614T224054 - df154,437,W,False,0.3746533374254954,0
20250614T224054 - df154,438,N1,False,0.40925059659809093,0
20250614T224054 - df154,439,N1,False,0.37229647632630863,0
20250614T224054 - df154,440,N1,False,0.3658965302953083,0
20250614T224054 - df154,441,N2,False,0.30412437732983927,0
20250614T224054 - df154,442,N2,False,0.3403031639673027,0
20250614T224054 - df154,443,N2,False,0.31583250289437464,0
20250614T224054 - df154,444,N2,False,0.28787475135618323,0
20250614T224054 - df154,445,N2,False,0.31138010124260657,0
20250614T224054 - df154,446,N2,False,0.32309723421109704,0
20250614T224054 - df154,447,N2,False,0.2746248380007614,0
20250614T224054 - df154,448,N2,False,0.29449436106187193,0
20250614T224054 - df154,449,N2,False,0.2604007332850961,0
20250614T224054 - df154,450,N2,False,0.3004428744351816,0
20250614T224054 - df154,451,N2,False,0.3397159381094652,0
20250614T224054 - df154,452,N2,False,0.37857729536806883,0
20250614T224054 - df154,453,N2,False,0.4382459052347968,0
20250614T224054 - df154,454,N2,False,0.2992668068141637,0
20250614T224054 - df154,455,N2,False,0.3541912462686273,0
20250614T224054 - df154,456,REM,False,0.3839031334427704,0
20250614T224054 - df154,457,REM,False,0.3747921383654145,0
20250614T224054 - df154,458,REM,False,0.4667426305383257,0
20250614T224054 - df154,459,REM,False,0.41105460874619,0
20250614T224054 - df154,460,REM,False,0.44555681159445,0
20250614T224054 - df154,461,REM,False,0.4158644380416741,0
20250614T224054 - df154,462,REM,False,0.45731272092053615,0
20250614T224054 - df154,463,REM,False,0.4300572497240095,0
20250614T224054 - df154,464,REM,False,0.4934448362554811,0
20250614T224054 - df154,465,REM,True,0.5066369009344995,1
20250614T224054 - df154,466,REM,False,0.3874668683386784,0
20250614T224054 - df154,467,REM,True,0.41856837454311424,0
20250614T224054 - df154,468,REM,False,0.34485229300705883,0
20250614T224054 - df154,469,REM,False,0.3990557347993706,0
20250614T224054 - df154,470,REM,False,0.46412651018255585,0
20250614T224054 - df154,471,REM,True,0.51245577023744,1
20250614T224054 - df154,472,REM,False,0.4354811940062719,0
20250614T224054 - df154,473,REM,False,0.5208230988922754,1
20250614T224054 - df154,474,REM,False,0.38161220052351835,0
20250614T224054 - df154,475,REM,False,0.36335308244571374,0
20250614T224054 - df154,476,REM,False,0.36382339488120574,0
20250614T224054 - df154,477,REM,False,0.40782798540173393,0
20250614T224054 - df154,478,REM,False,0.49714842810058324,0
20250614T224054 - df154,479,REM,False,0.4170149100277679,0
20250614T224054 - df154,480,REM,False,0.3923351279708139,0
20250614T224054 - df154,481,REM,False,0.3406016859101424,0
20250614T224054 - df154,482,REM,True,0.2904424199064246,0
20250614T224054 - df154,483,REM,False,0.4064275409398215,0
20250614T224054 - df154,484,REM,False,0.3508832772383597,0
20250614T224054 - df154,485,REM,False,0.3150009582883098,0
20250614T224054 - df154,486,REM,False,0.4382548799620504,0
20250614T224054 - df154,487,REM,False,0.3547004748908579,0
20250614T224054 - df154,488,REM,False,0.32076854781522357,0
20250614T224054 - df154,489,REM,False,0.40802598041587224,0
20250614T224054 - df154,490,REM,True,0.4491991925743455,0
20250614T224054 - df154,491,REM,False,0.4284772866781227,0
20250614T224054 - df154,492,REM,False,0.32829329982223177,0
20250614T224054 - df154,493,REM,False,0.3866195854934214,0
20250614T224054 - df154,494,REM,False,0.3291044337294772,0
20250614T224054 - df154,495,REM,False,0.3738886815791494,0
20250614T224054 - df154,496,REM,True,0.4157132196837977,0
20250614T224054 - df154,497,REM,False,0.36590626751781874,0
20250614T224054 - df154,498,REM,False,0.3935808262890042,0
20250614T224054 - df154,499,REM,True,0.36846822611517943,0
20250614T224054 - df154,500,REM,False,0.3929155027681431,0
20250614T224054 - df154,501,REM,False,0.4046138902865486,0
20250614T224054 - df154,502,REM,False,0.40876658080365724,0
20250614T224054 - df154,503,REM,False,0.46235153398907497,0
20250614T224054 - df154,504,REM,True,0.4207606952558553,0
20250614T224054 - df154,505,REM,False,0.3965007511299974,0
20250614T224054 - df154,506,REM,True,0.3504729711142381,0
20250614T224054 - df154,507,REM,False,0.34685436189315844,0
20250614T224054 - df154,508,REM,False,0.3728402240786026,0
20250614T224054 - df154,509,REM,False,0.3174646364640259,0
20250614T224054 - df154,510,REM,False,0.30653967130799487,0
20250614T224054 - df154,511,REM,False,0.3644256670120918,0
20250614T224054 - df154,512,REM,False,0.3509106166419392,0
20250614T224054 - df154,513,REM,False,0.4021696151478617,0
20250614T224054 - df154,514,REM,False,0.37274721929870536,0
20250614T224054 - df154,515,REM,True,0.28098797978396134,0
20250614T224054 - df154,516,W,False,0.3829131886714698,0
20250614T224054 - df154,517,REM,False,0.48738801942829846,0
20250614T224054 - df154,518,REM,True,0.4521456811883363,0
20250614T224054 - df154,519,N1,True,0.5768662663438984,1
20250614T224054 - df154,520,N1,False,0.5379100738981729,1
20250614T224054 - df154,521,N1,True,0.6257273404971412,1
20250614T224054 - df154,522,N1,True,0.5578586864775545,1
20250614T224054 - df154,523,N1,False,0.5628371295488661,1
20250614T224054 - df154,524,N1,False,0.6100595315680863,1
20250614T224054 - df154,525,N1,False,0.611351919887733,1
20250614T224054 - df154,526,N2,False,0.5929189626979373,1
20250614T224054 - df154,527,N2,True,0.5761057077161773,1
20250614T224054 - df154,528,N1,True,0.46071478895354123,0
20250614T224054 - df154,529,N1,False,0.5846606844892076,1
20250614T224054 - df154,530,N2,False,0.5708197311198825,1
20250614T224054 - df154,531,N2,False,0.5476909537964321,1
20250614T224054 - df154,532,N2,False,0.5670406178405639,1
20250614T224054 - df154,533,N2,False,0.5675757245178392,1
20250614T224054 - df154,534,N2,False,0.5741279194371824,1
20250614T224054 - df154,535,N2,False,0.6039463775064158,1
20250614T224054 - df154,536,N2,False,0.551606265504807,1
20250614T224054 - df154,537,N2,False,0.5802018339905256,1
20250614T224054 - df154,538,N2,False,0.5847431017302585,1
20250614T224054 - df154,539,N2,False,0.582734029177776,1
20250614T224054 - df154,540,N2,False,0.5838833461915758,1
20250614T224054 - df154,541,N2,False,0.5866505340582252,1
20250614T224054 - df154,542,N2,True,0.5742288350280152,1
20250614T224054 - df154,543,N1,False,0.5934587588872506,1
20250614T224054 - df154,544,N2,True,0.536177733813497,1
20250614T224054 - df154,545,N1,False,0.6110111933586133,1
20250614T224054 - df154,546,N2,False,0.542350262493326,1
20250614T224054 - df154,547,N2,False,0.5527776709569721,1
20250614T224054 - df154,548,N2,False,0.5542245359744156,1
20250614T224054 - df154,549,N2,False,0.5437259884169904,1
20250614T224054 - df154,550,N2,False,0.5557373216529314,1
20250614T224054 - df154,551,N2,False,0.6161385660631852,1
20250614T224054 - df154,552,N2,False,0.5926853223968621,1
20250614T224054 - df154,553,N2,True,0.5408160265138895,1
20250614T224054 - df154,554,N2,False,0.4797726684925426,0
20250614T224054 - df154,555,N1,False,0.5438103339494363,1
20250614T224054 - df154,556,N2,False,0.5546753772607267,1
20250614T224054 - df154,557,N2,True,0.5311041991967896,1
20250614T224054 - df154,558,N2,True,0.5614049628168839,1
20250614T224054 - df154,559,N1,False,0.5693294632527002,1
20250614T224054 - df154,560,N1,True,0.623008016211299,1
20250614T224054 - df154,561,N1,True,0.6066981146962098,1
20250614T224054 - df154,562,N1,False,0.5930952033690199,1
20250614T224054 - df154,563,N2,False,0.5824858301206035,1
20250614T224054 - df154,564,N2,False,0.5835808568837038,1
20250614T224054 - df154,565,N2,False,0.54454164301227,1
20250614T224054 - df154,566,N2,False,0.576407785096381,1
20250614T224054 - df154,567,N2,True,0.5465123680258476,1
20250614T224054 - df154,568,N2,False,0.5807788556289369,1
20250614T224054 - df154,569,N1,False,0.6602628615105904,1
20250614T224054 - df154,570,N1,True,0.6264443880020371,1
20250614T224054 - df154,571,N1,True,0.5948600010532976,1
20250614T224054 - df154,572,N1,False,0.5648779864718476,1
20250614T224054 - df154,573,N2,False,0.5530150199121796,1
20250614T224054 - df154,574,N2,True,0.6022035769894569,1
20250614T224054 - df154,575,N2,True,0.572947842275015,1
20250614T224054 - df154,576,N1,False,0.6024158896768574,1
20250614T224054 - df154,577,N1,False,0.5754342503172255,1
20250614T224054 - df154,578,N2,True,0.5604834792496333,1
20250614T224054 - df154,579,N2,False,0.6369762181221125,1
20250614T224054 - df154,580,N1,False,0.5660941847715132,1
20250614T224054 - df154,581,N1,True,0.577039930331828,1
20250614T224054 - df154,582,N1,True,0.5828693609562705,1
20250614T224054 - df154,583,N1,False,0.5646440381548432,1
20250614T224054 - df154,584,N2,False,0.5685333254509227,1
20250614T224054 - df154,585,N2,False,0.5284755156399634,1
20250614T224054 - df154,586,N2,False,0.6123254261243994,1
20250614T224054 - df154,587,N2,True,0.5433557967151066,1
20250614T224054 - df154,588,N1,True,0.598473706711101,1
20250614T224054 - df154,589,N1,True,0.5981503577769839,1
20250614T224054 - df154,590,N1,True,0.5283214414103607,1
20250614T224054 - df154,591,N1,True,0.6151491555448378,1
20250614T224054 - df154,592,N1,False,0.5679291985566768,1
20250614T224054 - df154,593,N1,False,0.5896447582033478,1
20250614T224054 - df154,594,N2,False,0.5848887084081522,1
20250614T224054 - df154,595,N2,True,0.5488436557366768,1
20250614T224054 - df154,596,N1,False,0.5875761230385134,1
20250614T224054 - df154,597,N1,True,0.616500531795458,1
20250614T224054 - df154,598,N2,False,0.6527885839772088,1
20250614T224054 - df154,599,N1,False,0.589519514550768,1
20250614T224054 - df154,600,N2,False,0.5348143404041507,1
20250614T224054 - df154,601,N2,False,0.5346647832387985,1
20250614T224054 - df154,602,N2,False,0.5865457106887327,1
20250614T224054 - df154,603,N2,False,0.5922296522905717,1
20250614T224054 - df154,604,N2,True,0.5875375276078055,1
20250614T224054 - df154,605,N2,False,0.5727594254430377,1
20250614T224054 - df154,606,N1,False,0.5976031769203791,1
20250614T224054 - df154,607,N2,False,0.5549052633494562,1
20250614T224054 - df154,608,N2,False,0.6079942704520378,1
20250614T224054 - df154,609,N2,False,0.5727874213995147,1
20250614T224054 - df154,610,N2,False,0.5474861552366059,1
20250614T224054 - df154,611,N2,False,0.5798931737116222,1
20250614T224054 - df154,612,N2,True,0.608205411232999,1
20250614T224054 - df154,613,N2,True,0.6262980529404826,1
20250614T224054 - df154,614,N1,False,0.5716962870922518,1
20250614T224054 - df154,615,N1,False,0.5651316592609675,1
20250614T224054 - df154,616,N2,True,0.4982265416953162,0
20250614T224054 - df154,617,N2,False,0.5162314995877828,1
20250614T224054 - df154,618,N1,True,0.5975169962487693,1
20250614T224054 - df154,619,W,False,0.4040020170784206,0
20250614T224054 - df154,620,N1,True,0.4353751948711132,0
20250614T224054 - df154,621,N1,False,0.4431345910074141,0
20250614T224054 - df154,622,N1,False,0.4413896438518475,0
20250614T224054 - df154,623,N2,False,0.40013673849398174,0
20250614T224054 - df154,624,N2,False,0.338493549029724,0
20250614T224054 - df154,625,N2,False,0.3483710000846382,0
20250614T224054 - df154,626,N2,False,0.3514926043074045,0
20250614T224054 - df154,627,N2,False,0.3783976875820654,0
20250614T224054 - df154,628,N2,False,0.36813169766810655,0
20250614T224054 - df154,629,N2,False,0.36388901540011287,0
20250614T224054 - df154,630,N2,False,0.3556995032867701,0
20250614T224054 - df154,631,N2,False,0.3759406299200081,0
20250614T224054 - df154,632,N2,False,0.2865862986788686,0
20250614T224054 - df154,633,N2,False,0.4095874543983457,0
20250614T224054 - df154,634,N2,False,0.33165277754502176,0
20250614T224054 - df154,635,N2,False,0.3661082081606479,0
20250614T224054 - df154,636,N2,False,0.28721175873275856,0
20250614T224054 - df154,637,N2,False,0.312586254377754,0
20250614T224054 - df154,638,N2,False,0.33858926753378266,0
20250614T224054 - df154,639,N2,False,0.35990213662890336,0
20250614T224054 - df154,640,N2,True,0.29209740045284077,0
20250614T224054 - df154,641,REM,False,0.38223035086650314,0
20250614T224054 - df154,642,REM,False,0.41278225528089324,0
20250614T224054 - df154,643,REM,False,0.4109402951611196,0
20250614T224054 - df154,644,REM,False,0.4085636634233133,0
20250614T224054 - df154,645,REM,False,0.276055928772659,0
20250614T224054 - df154,646,REM,False,0.3500055710694589,0
20250614T224054 - df154,647,REM,False,0.4105976178716341,0
20250614T224054 - df154,648,REM,False,0.34729487243170853,0
20250614T224054 - df154,649,REM,False,0.3792818173794993,0
20250614T224054 - df154,650,REM,False,0.41595775008093144,0
20250614T224054 - df154,651,REM,False,0.38607361471727997,0
20250614T224054 - df154,652,REM,False,0.3666318779328913,0
20250614T224054 - df154,653,REM,False,0.32665182963214234,0
20250614T224054 - df154,654,REM,False,0.3606231579253417,0
20250614T224054 - df154,655,REM,False,0.4062361750343967,0
20250614T224054 - df154,656,REM,False,0.39140573838553167,0
20250614T224054 - df154,657,REM,True,0.41033095345400755,0
20250614T224054 - df154,658,REM,False,0.41393314011603477,0
20250614T224054 - df154,659,REM,False,0.3904195501502249,0
20250614T224054 - df154,660,REM,False,0.3867638886970431,0
20250614T224054 - df154,661,REM,False,0.403713404869562,0
20250614T224054 - df154,662,REM,False,0.34803552211529537,0
20250614T224054 - df154,663,REM,False,0.37805896382171267,0
20250614T224054 - df154,664,REM,False,0.42509001621092907,0
20250614T224054 - df154,665,REM,False,0.4284224700701269,0
20250614T224054 - df154,666,REM,False,0.433976218443322,0
20250614T224054 - df154,667,REM,False,0.386042360748462,0
20250614T224054 - df154,668,REM,True,0.42115408592125825,0
20250614T224054 - df154,669,REM,False,0.315509305067453,0
20250614T224054 - df154,670,REM,False,0.4322713405767339,0
20250614T224054 - df154,671,REM,False,0.3376913965263386,0
20250614T224054 - df154,672,REM,False,0.3613866833234667,0
20250614T224054 - df154,673,REM,False,0.3837852373169906,0
20250614T224054 - df154,674,REM,False,0.3710023129743311,0
20250614T224054 - df154,675,REM,False,0.3233409414533304,0
20250614T224054 - df154,676,REM,False,0.35371808628384843,0
20250614T224054 - df154,677,REM,False,0.4129689104899523,0
20250614T224054 - df154,678,REM,False,0.4202360563988286,0
20250614T224054 - df154,679,REM,False,0.320348502081773,0
20250614T224054 - df154,680,REM,False,0.3990315310318268,0
20250614T224054 - df154,681,REM,False,0.3798537879016372,0
20250614T224054 - df154,682,REM,False,0.33681979343759944,0
20250614T224054 - df154,683,REM,False,0.311846168651447,0
20250614T224054 - df154,684,REM,True,0.3539845258613687,0
20250614T224054 - df154,685,REM,False,0.4386995855372243,0
20250614T224054 - df154,686,REM,False,0.3926065457351303,0
20250614T224054 - df154,687,REM,False,0.4205955102291892,0
20250614T224054 - df154,688,REM,False,0.37861697203587963,0
20250614T224054 - df154,689,REM,False,0.3647398640404385,0
20250614T224054 - df154,690,REM,True,0.46826987647875923,0
20250614T224054 - df154,691,W,False,0.29098397350843075,0
20250614T224054 - df154,692,W,False,0.27858646718763375,0
20250614T224054 - df154,693,W,False,0.35489159651328966,0
20250614T224054 - df154,694,W,False,0.23487128856637657,0
20250614T224054 - df154,695,W,False,0.26964093196503236,0
20250614T224054 - df154,696,W,False,0.20509651063963047,0
20250614T224054 - df154,697,W,False,0.21507993321715646,0
20250614T224054 - df154,698,W,False,0.30719002903008785,0
20250614T224054 - df154,699,W,False,0.2411879858941601,0
20250614T224054 - df154,700,W,False,0.1440236654656584,0
20250614T224054 - df154,701,W,False,0.16530312086831064,0
20250614T224054 - df154,702,W,False,0.2126895377435717,0
20250614T224054 - df154,703,W,False,0.17514740903402404,0
20250614T224054 - df154,704,W,False,0.17257893628187207,0
20250614T224054 - df154,705,W,False,0.12692237496241524,0
20250614T224054 - df154,706,W,False,0.14853706264485725,0
20250614T224054 - df154,707,W,False,0.18854974034744484,0
20250614T224054 - df154,708,W,False,0.12429966304688683,0
20250614T224054 - df154,709,W,False,0.11174809082133018,0
20250614T224054 - df154,710,W,False,0.17932142278376553,0
20250614T224054 - df154,711,W,False,0.38579596599741195,0
20250614T224054 - df154,712,W,False,0.32930645387931734,0
20250614T224054 - df154,713,W,False,0.2755443593810514,0
20250614T224054 - df154,714,W,False,0.27186452583377435,0
20250614T224054 - df154,715,W,False,0.24493792871055245,0
20250614T224054 - df154,716,W,False,0.25862717481920144,0
20250614T224054 - df154,717,W,False,0.2557639483885427,0
20250614T224054 - df154,718,W,False,0.25414889662235934,0
20250614T224054 - df154,719,W,False,0.2421675423873281,0
20250614T224054 - df154,720,W,False,0.2742886625776749,0
20250614T224054 - df154,721,W,False,0.24805930951993066,0
20250614T224054 - df154,722,W,False,0.3396574879489265,0
20250614T224054 - df154,723,W,False,0.3420547396453222,0
20250614T224054 - df154,724,N1,True,0.44124089637748243,0
20250614T224054 - df154,725,N1,True,0.3958256327164849,0
20250614T224054 - df154,726,N1,False,0.37976529141488974,0
20250614T224054 - df154,727,N1,True,0.45076378339917034,0
20250614T224054 - df154,728,N1,True,0.45838819119021784,0
20250614T224054 - df154,729,N1,True,0.437283832092088,0
20250614T224054 - df154,730,N1,False,0.4537715783453759,0
20250614T224054 - df154,731,N1,True,0.45094491588563046,0
20250614T224054 - df154,732,N1,True,0.47051443203286963,0
20250614T224054 - df154,733,N1,True,0.42940355953259735,0
20250614T224054 - df154,734,N1,True,0.46534846263607305,0
20250614T224054 - df154,735,N1,False,0.41460869286571084,0
20250614T224054 - df154,736,N1,True,0.43509090098657743,0
20250614T224054 - df154,737,N1,False,0.3403814784537966,0
20250614T224054 - df154,738,N1,False,0.3233818340724827,0
20250614T224054 - df154,739,N1,False,0.3824891993957901,0
20250614T224054 - df154,740,N1,False,0.4447739469997574,0
20250614T224054 - df154,741,N1,False,0.46455150992627986,0
20250614T224054 - df154,742,N1,False,0.49319462594892066,0
20250614T224054 - df154,743,N1,False,0.4901214673003777,0
20250614T224054 - df154,744,N1,False,0.4831435118228458,0
20250614T224054 - df154,745,N1,False,0.45801259077893436,0
20250614T224054 - df154,746,N2,False,0.47180443919894616,0
20250614T224054 - df154,747,N2,True,0.4681451546783655,0
20250614T224054 - df154,748,N2,False,0.5290513138974842,1
20250614T224054 - df154,749,N1,False,0.5515095498377137,1
20250614T224054 - df154,750,N1,True,0.4732174179998829,0
20250614T224054 - df154,751,W,False,0.46298502664404473,0
20250614T224054 - df154,752,N1,False,0.4726528925786077,0
20250614T224054 - df154,753,N1,False,0.553570103953648,1
20250614T224054 - df154,754,N1,False,0.5011619276354,1
20250614T224054 - df154,755,N1,True,0.4604524640879656,0
20250614T224054 - df154,756,W,False,0.493996254857452,0
20250614T224054 - df154,757,W,False,0.5204279145977465,1
20250614T224054 - df154,758,N1,False,0.46825790959370467,0
20250614T224054 - df154,759,N1,False,0.4667856767619978,0
20250614T224054 - df154,760,N1,True,0.4728820130052884,0
20250614T224054 - df154,761,N1,False,0.4592945742355357,0
20250614T224054 - df154,762,N1,False,0.46614215097846057,0
20250614T224054 - df154,763,N1,False,0.4712926930401122,0
20250614T224054 - df154,764,N1,False,0.41306599459203447,0
20250614T224054 - df154,765,N1,False,0.39198192557458766,0
20250614T224054 - df154,766,N2,False,0.33897455713835956,0
20250614T224054 - df154,767,N2,False,0.32171988102993754,0
20250614T224054 - df154,768,N2,False,0.28953778590260404,0
20250614T224054 - df154,769,N2,False,0.39966283505667044,0
20250614T224054 - df154,770,N2,False,0.30704982958260735,0
20250614T224054 - df154,771,N2,False,0.2624867459882967,0
20250614T224054 - df154,772,N2,False,0.25852447999977074,0
20250614T224054 - df154,773,N2,False,0.3609668726229639,0
20250614T224054 - df154,774,N2,False,0.3496113823763832,0
20250614T224054 - df154,775,N2,False,0.17260777591536172,0
20250614T224054 - df154,776,N2,False,0.26765210808852224,0
20250614T224054 - df154,777,N2,False,0.2400012397040948,0
20250614T224054 - df154,778,N2,False,0.3437379360320901,0
20250614T224054 - df154,779,N2,False,0.3024566881268383,0
20250614T224054 - df154,780,N2,False,0.23209064301512342,0
20250614T224054 - df154,781,N2,False,0.26904401706126024,0
20250614T224054 - df154,782,N2,False,0.2879480067516266,0
20250614T224054 - df154,783,N2,False,0.30569690916686687,0
20250614T224054 - df154,784,N2,False,0.26509379609212547,0
20250614T224054 - df154,785,N2,False,0.24994581393660073,0
20250616T000636 - 5a8cd,0,N1,False,0.3610524010900457,0
20250616T000636 - 5a8cd,1,N1,True,0.3904440922648492,0
20250616T000636 - 5a8cd,2,N1,False,0.36833531526802515,0
20250616T000636 - 5a8cd,3,N1,True,0.45099491055473023,0
20250616T000636 - 5a8cd,4,N1,True,0.41098546619335147,0
20250616T000636 - 5a8cd,5,N1,False,0.4028714312795121,0
20250616T000636 - 5a8cd,6,N1,False,0.4259876396749673,0
20250616T000636 - 5a8cd,7,N2,False,0.3188637335313347,0
20250616T000636 - 5a8cd,8,N2,False,0.31501621845496464,0
20250616T000636 - 5a8cd,9,N2,False,0.4329805248616115,0
20250616T000636 - 5a8cd,10,N2,False,0.40717650187673426,0
20250616T000636 - 5a8cd,11,N2,True,0.2874818012092426,0
20250616T000636 - 5a8cd,12,N2,False,0.35021473689451527,0
20250616T000636 - 5a8cd,13,N2,False,0.3464303010395714,0
20250616T000636 - 5a8cd,14,N2,False,0.3936116368799547,0
20250616T000636 - 5a8cd,15,N2,False,0.3284269624312366,0
20250616T000636 - 5a8cd,16,N2,False,0.3607025323952462,0
20250616T000636 - 5a8cd,17,N2,False,0.33717826596967915,0
20250616T000636 - 5a8cd,18,N2,False,0.3425592340124917,0
20250616T000636 - 5a8cd,19,N2,False,0.33443562990303005,0
20250616T000636 - 5a8cd,20,N2,True,0.31605913507949657,0
20250616T000636 - 5a8cd,21,N1,True,0.39503414482657817,0
20250616T000636 - 5a8cd,22,N2,False,0.3698915938740843,0
20250616T000636 - 5a8cd,23,N2,True,0.3775119680109102,0
20250616T000636 - 5a8cd,24,N2,False,0.33329683205839133,0
20250616T000636 - 5a8cd,25,W,False,0.3498895499276984,0
20250616T000636 - 5a8cd,26,N1,False,0.3760994038509922,0
20250616T000636 - 5a8cd,27,N2,False,0.32234452933497015,0
20250616T000636 - 5a8cd,28,N2,False,0.3172495693372846,0
20250616T000636 - 5a8cd,29,N2,False,0.29523480097411015,0
20250616T000636 - 5a8cd,30,N2,False,0.3337050847125909,0
20250616T000636 - 5a8cd,31,N2,False,0.27883641657239394,0
20250616T000636 - 5a8cd,32,N2,False,0.2902286824645889,0
20250616T000636 - 5a8cd,33,N2,False,0.2910294794746949,0
20250616T000636 - 5a8cd,34,N2,False,0.28785876664578547,0
20250616T000636 - 5a8cd,35,N2,False,0.2843799236117376,0
20250616T000636 - 5a8cd,36,N2,False,0.2914945031211712,0
20250616T000636 - 5a8cd,37,N2,False,0.3412700573845726,0
20250616T000636 - 5a8cd,38,N2,False,0.29251450246160254,0
20250616T000636 - 5a8cd,39,N2,False,0.2784279011042547,0
20250616T000636 - 5a8cd,40,N2,False,0.3167875833648585,0
20250616T000636 - 5a8cd,41,N2,False,0.303704245175801,0
20250616T000636 - 5a8cd,42,N2,False,0.30440474538346796,0
20250616T000636 - 5a8cd,43,N3,False,0.29506928272594346,0
20250616T000636 - 5a8cd,44,N2,False,0.3494550244354485,0
20250616T000636 - 5a8cd,45,N3,False,0.27343071664176527,0
20250616T000636 - 5a8cd,46,N3,False,0.2949358506926928,0
20250616T000636 - 5a8cd,47,N3,False,0.27079468152461783,0
20250616T000636 - 5a8cd,48,N3,False,0.3199297976971453,0
20250616T000636 - 5a8cd,49,N3,False,0.2813362955713245,0
20250616T000636 - 5a8cd,50,N3,False,0.3014135068358884,0
20250616T000636 - 5a8cd,51,N3,False,0.34019501097664934,0
20250616T000636 - 5a8cd,52,N3,False,0.31848671184265526,0
20250616T000636 - 5a8cd,53,N3,False,0.3068777891292492,0
20250616T000636 - 5a8cd,54,N3,False,0.32914224046939317,0
20250616T000636 - 5a8cd,55,N3,False,0.26721046319941755,0
20250616T000636 - 5a8cd,56,N3,False,0.277202983281539,0
20250616T000636 - 5a8cd,57,N3,True,0.2865559050578695,0
20250616T000636 - 5a8cd,58,W,False,0.31495966139099485,0
20250616T000636 - 5a8cd,59,N2,False,0.31349126397301597,0
20250616T000636 - 5a8cd,60,N2,False,0.41065315828934096,0
20250616T000636 - 5a8cd,61,N2,False,0.4028595254432398,0
20250616T000636 - 5a8cd,62,N2,False,0.40013634872754694,0
20250616T000636 - 5a8cd,63,N2,True,0.4150435751054027,0
20250616T000636 - 5a8cd,64,N2,False,0.40031172403550963,0
20250616T000636 - 5a8cd,65,N3,False,0.38287096698390166,0
20250616T000636 - 5a8cd,66,N2,False,0.38302356572220764,0
20250616T000636 - 5a8cd,67,N3,False,0.35637124538301945,0
20250616T000636 - 5a8cd,68,N2,False,0.39401502148241535,0
20250616T000636 - 5a8cd,69,N3,False,0.3837707184593752,0
20250616T000636 - 5a8cd,70,N3,False,0.3779410549214893,0
20250616T000636 - 5a8cd,71,N3,False,0.39195773167519243,0
20250616T000636 - 5a8cd,72,N3,False,0.3889321010329488,0
20250616T000636 - 5a8cd,73,N3,False,0.39052712658891986,0
20250616T000636 - 5a8cd,74,N3,False,0.38625627795734857,0
20250616T000636 - 5a8cd,75,N3,False,0.3582677811333626,0
20250616T000636 - 5a8cd,76,N3,False,0.38995381523518646,0
20250616T000636 - 5a8cd,77,N3,False,0.3609060094732133,0
20250616T000636 - 5a8cd,78,N3,False,0.3724030215490752,0
20250616T000636 - 5a8cd,79,N3,False,0.38545206152432876,0
20250616T000636 - 5a8cd,80,N3,False,0.3688936777974828,0
20250616T000636 - 5a8cd,81,N3,False,0.35380751158575274,0
20250616T000636 - 5a8cd,82,N3,False,0.34480871405727115,0
20250616T000636 - 5a8cd,83,N3,False,0.38129744030991314,0
20250616T000636 - 5a8cd,84,N3,False,0.39925039150893676,0
20250616T000636 - 5a8cd,85,N3,False,0.36640773280212185,0
20250616T000636 - 5a8cd,86,N3,False,0.38194537563437914,0
20250616T000636 - 5a8cd,87,N3,False,0.3780219363862023,0
20250616T000636 - 5a8cd,88,N3,False,0.3648368263715653,0
20250616T000636 - 5a8cd,89,N3,False,0.37266417128297336,0
20250616T000636 - 5a8cd,90,N3,False,0.39687664649388976,0
20250616T000636 - 5a8cd,91,N3,False,0.3932324054318124,0
20250616T000636 - 5a8cd,92,N3,True,0.3691893483894067,0
20250616T000636 - 5a8cd,93,N3,True,0.4078668540901376,0
20250616T000636 - 5a8cd,94,N2,True,0.40864139750909456,0
20250616T000636 - 5a8cd,95,N2,False,0.36113039504382516,0
20250616T000636 - 5a8cd,96,N2,False,0.4349107469849595,0
20250616T000636 - 5a8cd,97,N2,False,0.428371844181399,0
20250616T000636 - 5a8cd,98,N2,True,0.4226165681518455,0
20250616T000636 - 5a8cd,99,N2,True,0.41476630916973656,0
20250616T000636 - 5a8cd,100,N3,True,0.40969744794071994,0
20250616T000636 - 5a8cd,101,N2,False,0.4070141039828664,0
20250616T000636 - 5a8cd,102,N2,True,0.465923720529869,0
20250616T000636 - 5a8cd,103,N2,True,0.39700958911435996,0
20250616T000636 - 5a8cd,104,N1,True,0.4417763312932731,0
20250616T000636 - 5a8cd,105,W,True,0.3408265892897593,0
20250616T000636 - 5a8cd,106,N1,False,0.390176527430141,0
20250616T000636 - 5a8cd,107,N2,False,0.4170812622187012,0
20250616T000636 - 5a8cd,108,N2,False,0.3853840195068042,0
20250616T000636 - 5a8cd,109,N2,False,0.39564862065193007,0
20250616T000636 - 5a8cd,110,N2,True,0.3961937904592545,0
20250616T000636 - 5a8cd,111,N1,False,0.31068329612470763,0
20250616T000636 - 5a8cd,112,N2,True,0.3080588907851243,0
20250616T000636 - 5a8cd,113,N2,False,0.36250819715619115,0
20250616T000636 - 5a8cd,114,N2,False,0.35674768650622923,0
20250616T000636 - 5a8cd,115,N2,False,0.3195647451262383,0
20250616T000636 - 5a8cd,116,N2,False,0.34536214581981334,0
20250616T000636 - 5a8cd,117,REM,False,0.4130016368982791,0
20250616T000636 - 5a8cd,118,REM,False,0.35211961375933676,0
20250616T000636 - 5a8cd,119,REM,False,0.3429880277277509,0
20250616T000636 - 5a8cd,120,REM,False,0.3797625274482951,0
20250616T000636 - 5a8cd,121,REM,False,0.34170003918983194,0
20250616T000636 - 5a8cd,122,REM,False,0.33837037725695135,0
20250616T000636 - 5a8cd,123,REM,False,0.3315241568717684,0
20250616T000636 - 5a8cd,124,REM,False,0.3778001937360542,0
20250616T000636 - 5a8cd,125,REM,False,0.36623910676500127,0
20250616T000636 - 5a8cd,126,REM,False,0.3767248185476014,0
20250616T000636 - 5a8cd,127,REM,False,0.35789729655436353,0
20250616T000636 - 5a8cd,128,REM,True,0.3637283432947312,0
20250616T000636 - 5a8cd,129,REM,False,0.40009664019270674,0
20250616T000636 - 5a8cd,130,REM,False,0.31537106785411245,0
20250616T000636 - 5a8cd,131,REM,False,0.36946904349296067,0
20250616T000636 - 5a8cd,132,REM,False,0.3342671391391729,0
20250616T000636 - 5a8cd,133,REM,False,0.33334558270557124,0
20250616T000636 - 5a8cd,134,REM,False,0.3354018672831712,0
20250616T000636 - 5a8cd,135,REM,False,0.3406169334036166,0
20250616T000636 - 5a8cd,136,REM,False,0.30080347266333357,0
20250616T000636 - 5a8cd,137,REM,False,0.3656991314759046,0
20250616T000636 - 5a8cd,138,REM,False,0.32067159773541354,0
20250616T000636 - 5a8cd,139,REM,True,0.3541247505814154,0
20250616T000636 - 5a8cd,140,REM,False,0.33696911587312656,0
20250616T000636 - 5a8cd,141,REM,False,0.326825595857184,0
20250616T000636 - 5a8cd,142,REM,False,0.3554034315513677,0
20250616T000636 - 5a8cd,143,REM,False,0.32233711900165724,0
20250616T000636 - 5a8cd,144,REM,False,0.3053968329057481,0
20250616T000636 - 5a8cd,145,REM,False,0.35534187856282,0
20250616T000636 - 5a8cd,146,REM,False,0.34036583473428267,0
20250616T000636 - 5a8cd,147,REM,True,0.35090940699816536,0
20250616T000636 - 5a8cd,148,REM,False,0.3692753235072399,0
20250616T000636 - 5a8cd,149,REM,False,0.3640779563866519,0
20250616T000636 - 5a8cd,150,REM,False,0.39497652356467017,0
20250616T000636 - 5a8cd,151,REM,False,0.3842660991990618,0
20250616T000636 - 5a8cd,152,REM,False,0.3144421657600559,0
20250616T000636 - 5a8cd,153,REM,False,0.3389537966160256,0
20250616T000636 - 5a8cd,154,REM,False,0.4007980381127424,0
20250616T000636 - 5a8cd,155,REM,False,0.3577180531912111,0
20250616T000636 - 5a8cd,156,REM,False,0.3635562165368775,0
20250616T000636 - 5a8cd,157,REM,False,0.37205403217938504,0
20250616T000636 - 5a8cd,158,REM,False,0.3538398950368947,0
20250616T000636 - 5a8cd,159,REM,True,0.3637493281452,0
20250616T000636 - 5a8cd,160,REM,False,0.38516834039074405,0
20250616T000636 - 5a8cd,161,REM,False,0.322054882926486,0
20250616T000636 - 5a8cd,162,REM,False,0.38517551131620115,0
20250616T000636 - 5a8cd,163,REM,True,0.2955452218678855,0
20250616T000636 - 5a8cd,164,REM,False,0.34897341447242775,0
20250616T000636 - 5a8cd,165,REM,False,0.32332938996454447,0
20250616T000636 - 5a8cd,166,REM,False,0.32354801656300075,0
20250616T000636 - 5a8cd,167,REM,False,0.38693454347963957,0
20250616T000636 - 5a8cd,168,REM,False,0.3645309678783881,0
20250616T000636 - 5a8cd,169,REM,False,0.35976597807187133,0
20250616T000636 - 5a8cd,170,REM,False,0.3680365065294701,0
20250616T000636 - 5a8cd,171,REM,False,0.3609553496045316,0
20250616T000636 - 5a8cd,172,REM,False,0.3649005066945394,0
20250616T000636 - 5a8cd,173,REM,True,0.367348166753135,0
20250616T000636 - 5a8cd,174,W,True,0.33713121034508203,0
20250616T000636 - 5a8cd,175,REM,False,0.3182687337851251,0
20250616T000636 - 5a8cd,176,REM,False,0.33842651849870875,0
20250616T000636 - 5a8cd,177,REM,True,0.30536199971712935,0
20250616T000636 - 5a8cd,178,REM,False,0.2820773527307867,0
20250616T000636 - 5a8cd,179,N1,False,0.3508749933106411,0
20250616T000636 - 5a8cd,180,N1,False,0.3637308487156073,0
20250616T000636 - 5a8cd,181,N2,False,0.3055675680001736,0
20250616T000636 - 5a8cd,182,N2,True,0.3955725534837726,0
20250616T000636 - 5a8cd,183,N1,True,0.33457193150912645,0
20250616T000636 - 5a8cd,184,N1,False,0.37111079391641183,0
20250616T000636 - 5a8cd,185,N1,True,0.3217009480751466,0
20250616T000636 - 5a8cd,186,N1,False,0.3122019525363085,0
20250616T000636 - 5a8cd,187,N2,False,0.2659232385983988,0
20250616T000636 - 5a8cd,188,N2,False,0.298408539456486,0
20250616T000636 - 5a8cd,189,N2,True,0.35406814188533525,0
20250616T000636 - 5a8cd,190,N2,False,0.2806213790485664,0
20250616T000636 - 5a8cd,191,N2,False,0.32018035676472606,0
20250616T000636 - 5a8cd,192,N2,False,0.3186358157494211,0
20250616T000636 - 5a8cd,193,N2,False,0.31869925748546035,0
20250616T000636 - 5a8cd,194,N2,False,0.3401382268158515,0
20250616T000636 - 5a8cd,195,N2,False,0.3120939169597678,0
20250616T000636 - 5a8cd,196,N2,False,0.37117390736038147,0
20250616T000636 - 5a8cd,197,N2,False,0.34736182390945863,0
20250616T000636 - 5a8cd,198,N2,False,0.3787317915668703,0
20250616T000636 - 5a8cd,199,N2,False,0.3484319685590421,0
20250616T000636 - 5a8cd,200,N2,False,0.3433803179444531,0
20250616T000636 - 5a8cd,201,N2,False,0.34189513303861724,0
20250616T000636 - 5a8cd,202,N2,False,0.3354773180299586,0
20250616T000636 - 5a8cd,203,N2,False,0.3749022250005322,0
20250616T000636 - 5a8cd,204,N2,False,0.3599434857229169,0
20250616T000636 - 5a8cd,205,N2,False,0.3698756535184771,0
20250616T000636 - 5a8cd,206,N2,True,0.39251001628317844,0
20250616T000636 - 5a8cd,207,N2,False,0.3868495833350233,0
20250616T000636 - 5a8cd,208,N2,False,0.3253463305443467,0
20250616T000636 - 5a8cd,209,N2,False,0.375732314063497,0
20250616T000636 - 5a8cd,210,N2,False,0.35366711972337245,0
20250616T000636 - 5a8cd,211,N2,False,0.3801076122119981,0
20250616T000636 - 5a8cd,212,N2,False,0.3910758430132815,0
20250616T000636 - 5a8cd,213,N2,False,0.33113699787246276,0
20250616T000636 - 5a8cd,214,N2,False,0.36788079452838107,0
20250616T000636 - 5a8cd,215,N2,False,0.3758992871927086,0
20250616T000636 - 5a8cd,216,N2,False,0.392147123435208,0
20250616T000636 - 5a8cd,217,N3,False,0.3725815973696788,0
20250616T000636 - 5a8cd,218,N2,False,0.3422149509841569,0
20250616T000636 - 5a8cd,219,N3,False,0.29828189193004645,0
20250616T000636 - 5a8cd,220,N3,False,0.39565727362531405,0
20250616T000636 - 5a8cd,221,N3,False,0.3626423296213099,0
20250616T000636 - 5a8cd,222,N3,False,0.3333437494941466,0
20250616T000636 - 5a8cd,223,N3,False,0.34392660406723097,0
20250616T000636 - 5a8cd,224,N3,False,0.33792400318944615,0
20250616T000636 - 5a8cd,225,N3,False,0.35645105139604427,0
20250616T000636 - 5a8cd,226,N3,False,0.29851934038859357,0
20250616T000636 - 5a8cd,227,N3,False,0.3189913388076434,0
20250616T000636 - 5a8cd,228,N3,False,0.3704538873677891,0
20250616T000636 - 5a8cd,229,N3,False,0.309972830664041,0
20250616T000636 - 5a8cd,230,N3,False,0.3330099703253083,0
20250616T000636 - 5a8cd,231,N3,False,0.36552527822800895,0
20250616T000636 - 5a8cd,232,N3,False,0.3053254746932265,0
20250616T000636 - 5a8cd,233,N3,False,0.3574419892612418,0
20250616T000636 - 5a8cd,234,N3,False,0.317392181524683,0
20250616T000636 - 5a8cd,235,N3,False,0.34453356902239773,0
20250616T000636 - 5a8cd,236,N3,False,0.3508444120128913,0
20250616T000636 - 5a8cd,237,N3,False,0.35882062878916643,0
20250616T000636 - 5a8cd,238,N3,False,0.32835548499659706,0
20250616T000636 - 5a8cd,239,N3,False,0.34448599132388763,0
20250616T000636 - 5a8cd,240,N3,False,0.33791602839094187,0
20250616T000636 - 5a8cd,241,N3,False,0.3551772265554887,0
20250616T000636 - 5a8cd,242,N3,False,0.3225568367205192,0
20250616T000636 - 5a8cd,243,N3,True,0.3550806432945282,0
20250616T000636 - 5a8cd,244,N3,True,0.33213933230849313,0
20250616T000636 - 5a8cd,245,N2,True,0.3875748869238596,0
20250616T000636 - 5a8cd,246,W,True,0.3996100844332296,0
20250616T000636 - 5a8cd,247,N2,True,0.36205062773932234,0
20250616T000636 - 5a8cd,248,N2,True,0.3481645075358818,0
20250616T000636 - 5a8cd,249,W,True,0.3677488774709881,0
20250616T000636 - 5a8cd,250,N2,True,0.3081516839346803,0
20250616T000636 - 5a8cd,251,N2,True,0.40069011348936473,0
20250616T000636 - 5a8cd,252,N2,True,0.4388779582722904,0
20250616T000636 - 5a8cd,253,N2,True,0.4304080154534525,0
20250616T000636 - 5a8cd,254,N2,False,0.44184640959769744,0
20250616T000636 - 5a8cd,255,N2,True,0.44305787429553817,0
20250616T000636 - 5a8cd,256,N2,True,0.4092917586062518,0
20250616T000636 - 5a8cd,257,N2,True,0.48659561909022536,0
20250616T000636 - 5a8cd,258,N2,False,0.4792537311505127,0
20250616T000636 - 5a8cd,259,N2,True,0.37400594427324935,0
20250616T000636 - 5a8cd,260,N2,True,0.3974231933689403,0
20250616T000636 - 5a8cd,261,N2,False,0.47552110301714146,0
20250616T000636 - 5a8cd,262,N3,False,0.43643335641588377,0
20250616T000636 - 5a8cd,263,N2,True,0.3778064918799186,0
20250616T000636 - 5a8cd,264,N2,True,0.4171597259490499,0
20250616T000636 - 5a8cd,265,N2,True,0.37796500567390817,0
20250616T000636 - 5a8cd,266,W,True,0.34279144433524217,0
20250616T000636 - 5a8cd,267,N2,True,0.4262249648926748,0
20250616T000636 - 5a8cd,268,N2,True,0.3136620344731268,0
20250616T000636 - 5a8cd,269,N2,False,0.40678684001806525,0
20250616T000636 - 5a8cd,270,N2,True,0.43387742717684596,0
20250616T000636 - 5a8cd,271,N2,True,0.4021213389596287,0
20250616T000636 - 5a8cd,272,N2,True,0.39310257863456344,0
20250616T000636 - 5a8cd,273,W,False,0.33038194283243966,0
20250616T000636 - 5a8cd,274,W,False,0.3602197338029317,0
20250616T000636 - 5a8cd,275,W,False,0.40745396304963705,0
20250616T000636 - 5a8cd,276,W,True,0.258481145476029,0
20250616T000636 - 5a8cd,277,N2,False,0.4298866811595986,0
20250616T000636 - 5a8cd,278,N2,True,0.47454507892287473,0
20250616T000636 - 5a8cd,279,N2,True,0.43552735130965503,0
20250616T000636 - 5a8cd,280,N1,False,0.49913440935946574,0
20250616T000636 - 5a8cd,281,N2,True,0.5470553464641522,1
20250616T000636 - 5a8cd,282,N2,False,0.4310106750695363,0
20250616T000636 - 5a8cd,283,N2,True,0.4242970385421515,0
20250616T000636 - 5a8cd,284,N2,True,0.4011064324658487,0
20250616T000636 - 5a8cd,285,W,True,0.35920532798861665,0
20250616T000636 - 5a8cd,286,N1,True,0.5095323053868953,1
20250616T000636 - 5a8cd,287,W,False,0.44142396607070156,0
20250616T000636 - 5a8cd,288,W,False,0.3677750319628914,0
20250616T000636 - 5a8cd,289,W,True,0.39544702696348627,0
20250616T000636 - 5a8cd,290,N1,False,0.39862565550383244,0
20250616T000636 - 5a8cd,291,N1,True,0.4317374684511841,0
20250616T000636 - 5a8cd,292,N1,True,0.45621328608960376,0
20250616T000636 - 5a8cd,293,W,False,0.3732694624794008,0
20250616T000636 - 5a8cd,294,N1,True,0.46936825402618654,0
20250616T000636 - 5a8cd,295,W,False,0.39125589784566583,0
20250616T000636 - 5a8cd,296,W,False,0.4002726490300382,0
20250616T000636 - 5a8cd,297,N1,False,0.4312923134550894,0
20250616T000636 - 5a8cd,298,N2,False,0.4168008640333935,0
20250616T000636 - 5a8cd,299,N2,False,0.40144637744600375,0
20250616T000636 - 5a8cd,300,N2,True,0.3406892475664266,0
20250616T000636 - 5a8cd,301,W,False,0.35010564940724825,0
20250616T000636 - 5a8cd,302,N2,False,0.4066018359792718,0
20250616T000636 - 5a8cd,303,N2,True,0.37724676371042176,0
20250616T000636 - 5a8cd,304,W,True,0.3268435319415663,0
20250616T000636 - 5a8cd,305,N1,True,0.5033146257250326,1
20250616T000636 - 5a8cd,306,N1,True,0.4518488939592929,0
20250616T000636 - 5a8cd,307,W,False,0.28202548396441135,0
20250616T000636 - 5a8cd,308,N2,False,0.3533421589696276,0
20250616T000636 - 5a8cd,309,N2,False,0.3748526922354518,0
20250616T000636 - 5a8cd,310,N2,True,0.35966563300518567,0
20250616T000636 - 5a8cd,311,N2,False,0.39323048918977166,0
20250616T000636 - 5a8cd,312,N2,False,0.30065273102449713,0
20250616T000636 - 5a8cd,313,N2,True,0.3350162898752808,0
20250616T000636 - 5a8cd,314,N2,False,0.27921525371878536,0
20250616T000636 - 5a8cd,315,N2,False,0.3643391440652157,0
20250616T000636 - 5a8cd,316,N2,False,0.2989153331846494,0
20250616T000636 - 5a8cd,317,N2,False,0.3174892332468234,0
20250616T000636 - 5a8cd,318,N2,False,0.26532331606237136,0
20250616T000636 - 5a8cd,319,N2,False,0.36955233887015476,0
20250616T000636 - 5a8cd,320,N2,False,0.24587186590703872,0
20250616T000636 - 5a8cd,321,N2,True,0.3049204814159481,0
20250616T000636 - 5a8cd,322,N2,True,0.3415524987751863,0
20250616T000636 - 5a8cd,323,N2,False,0.34483068186235727,0
20250616T000636 - 5a8cd,324,N2,False,0.273463279524153,0
20250616T000636 - 5a8cd,325,N2,True,0.3028323195788786,0
20250616T000636 - 5a8cd,326,N2,False,0.3586279635192992,0
20250616T000636 - 5a8cd,327,N2,False,0.3377997228540773,0
20250616T000636 - 5a8cd,328,N2,True,0.2631676363877936,0
20250616T000636 - 5a8cd,329,N2,False,0.36719670482621014,0
20250616T000636 - 5a8cd,330,N2,False,0.37323552669852766,0
20250616T000636 - 5a8cd,331,N2,False,0.268369009829277,0
20250616T000636 - 5a8cd,332,N2,False,0.21874654854278852,0
20250616T000636 - 5a8cd,333,N2,True,0.3395562448842365,0
20250616T000636 - 5a8cd,334,N2,False,0.37981382544109216,0
20250616T000636 - 5a8cd,335,N2,False,0.28577909207040036,0
20250616T000636 - 5a8cd,336,N2,True,0.3084840572231511,0
20250616T000636 - 5a8cd,337,N2,True,0.31128219824056397,0
20250616T000636 - 5a8cd,338,N2,False,0.34833280873638794,0
20250616T000636 - 5a8cd,339,N2,False,0.30013795584184133,0
20250616T000636 - 5a8cd,340,N2,False,0.31241977027723183,0
20250616T000636 - 5a8cd,341,N2,False,0.21775221442294565,0
20250616T000636 - 5a8cd,342,N2,False,0.2831745522965652,0
20250616T000636 - 5a8cd,343,N2,False,0.32248755142285446,0
20250616T000636 - 5a8cd,344,N2,False,0.2964195685881878,0
20250616T000636 - 5a8cd,345,N2,False,0.18577170866052978,0
20250616T000636 - 5a8cd,346,N3,False,0.17270191483532077,0
20250616T000636 - 5a8cd,347,N2,False,0.1984280451807657,0
20250616T000636 - 5a8cd,348,N3,False,0.22647688029699725,0
20250616T000636 - 5a8cd,349,N3,False,0.2532705893592464,0
20250616T000636 - 5a8cd,350,N3,False,0.2410034311424414,0
20250616T000636 - 5a8cd,351,N3,True,0.26901855115897094,0
20250616T000636 - 5a8cd,352,N3,False,0.31873522137535004,0
20250616T000636 - 5a8cd,353,N2,False,0.3220915935570288,0
20250616T000636 - 5a8cd,354,N3,False,0.24721092124781666,0
20250616T000636 - 5a8cd,355,N3,False,0.2685123041283514,0
20250616T000636 - 5a8cd,356,N3,False,0.28054967955981863,0
20250616T000636 - 5a8cd,357,N3,False,0.2363453106224238,0
20250616T000636 - 5a8cd,358,N3,False,0.17985717474928312,0
20250616T000636 - 5a8cd,359,N3,False,0.2748924281080029,0
20250616T000636 - 5a8cd,360,N3,True,0.28614225226719187,0
20250616T000636 - 5a8cd,361,N3,False,0.35551281556417513,0
20250616T000636 - 5a8cd,362,N3,False,0.310265856471867,0
20250616T000636 - 5a8cd,363,N2,False,0.21710088022421764,0
20250616T000636 - 5a8cd,364,N3,True,0.2973739769098721,0
20250616T000636 - 5a8cd,365,W,True,0.34103609360224113,0
20250616T000636 - 5a8cd,366,N2,True,0.397659391909023,0
20250616T000636 - 5a8cd,367,N1,True,0.43150234374745094,0
20250616T000636 - 5a8cd,368,N2,True,0.40384273732882436,0
20250616T000636 - 5a8cd,369,N1,True,0.43035093972368466,0
20250616T000636 - 5a8cd,370,W,False,0.38786577618931767,0
20250616T000636 - 5a8cd,371,N2,False,0.4027872534729335,0
20250616T000636 - 5a8cd,372,N2,False,0.36540913366327443,0
20250616T000636 - 5a8cd,373,N2,True,0.36729345592163687,0
20250616T000636 - 5a8cd,374,N2,False,0.3404181678593783,0
20250616T000636 - 5a8cd,375,N2,False,0.3405532137243828,0
20250616T000636 - 5a8cd,376,N2,False,0.3829627905321339,0
20250616T000636 - 5a8cd,377,N2,False,0.35147775785126556,0
20250616T000636 - 5a8cd,378,N2,False,0.3803340823458925,0
20250616T000636 - 5a8cd,379,N2,False,0.3598772537366668,0
20250616T000636 - 5a8cd,380,REM,False,0.40115373438805607,0
20250616T000636 - 5a8cd,381,REM,False,0.32235652342105675,0
20250616T000636 - 5a8cd,382,REM,False,0.32965544464403185,0
20250616T000636 - 5a8cd,383,REM,False,0.35521946492128215,0
20250616T000636 - 5a8cd,384,REM,True,0.32782919291463597,0
20250616T000636 - 5a8cd,385,REM,False,0.3378248364109395,0
20250616T000636 - 5a8cd,386,REM,False,0.32908437006177876,0
20250616T000636 - 5a8cd,387,REM,True,0.41517662947308653,0
20250616T000636 - 5a8cd,388,REM,True,0.32903721942545855,0
20250616T000636 - 5a8cd,389,REM,False,0.30677959750680694,0
20250616T000636 - 5a8cd,390,REM,True,0.3579471367648894,0
20250616T000636 - 5a8cd,391,REM,False,0.31017777590442797,0
20250616T000636 - 5a8cd,392,REM,False,0.31768299265148936,0
20250616T000636 - 5a8cd,393,REM,True,0.32517094419530396,0
20250616T000636 - 5a8cd,394,REM,True,0.3422949976357899,0
20250616T000636 - 5a8cd,395,REM,False,0.3332393615842267,0
20250616T000636 - 5a8cd,396,REM,False,0.2959338703911821,0
20250616T000636 - 5a8cd,397,REM,False,0.32356944542266364,0
20250616T000636 - 5a8cd,398,REM,False,0.26253976344423813,0
20250616T000636 - 5a8cd,399,REM,False,0.36057519207941413,0
20250616T000636 - 5a8cd,400,REM,False,0.3357442451632485,0
20250616T000636 - 5a8cd,401,REM,False,0.3511036097208606,0
20250616T000636 - 5a8cd,402,REM,True,0.3404175822974837,0
20250616T000636 - 5a8cd,403,REM,False,0.3278582316222715,0
20250616T000636 - 5a8cd,404,REM,False,0.4076496608018994,0
20250616T000636 - 5a8cd,405,REM,True,0.38714329450759244,0
20250616T000636 - 5a8cd,406,REM,True,0.3139094954487121,0
20250616T000636 - 5a8cd,407,W,False,0.39490294099407813,0
20250616T000636 - 5a8cd,408,N1,False,0.3127533295994122,0
20250616T000636 - 5a8cd,409,N2,False,0.28398310444140895,0
20250616T000636 - 5a8cd,410,N2,True,0.2987460942210286,0
20250616T000636 - 5a8cd,411,N2,False,0.348521860005343,0
20250616T000636 - 5a8cd,412,N2,False,0.2870358885646539,0
20250616T000636 - 5a8cd,413,N2,False,0.3191519185568661,0
20250616T000636 - 5a8cd,414,N2,False,0.3907964364981198,0
20250616T000636 - 5a8cd,415,N2,False,0.31846632792275004,0
20250616T000636 - 5a8cd,416,N2,True,0.294464281351047,0
20250616T000636 - 5a8cd,417,N2,False,0.3079488451000525,0
20250616T000636 - 5a8cd,418,N2,False,0.2835785550968488,0
20250616T000636 - 5a8cd,419,REM,False,0.4035259355443845,0
20250616T000636 - 5a8cd,420,REM,False,0.4010526786419231,0
20250616T000636 - 5a8cd,421,REM,False,0.3154280786390917,0
20250616T000636 - 5a8cd,422,REM,False,0.294609324699983,0
20250616T000636 - 5a8cd,423,REM,False,0.337830807876786,0
20250616T000636 - 5a8cd,424,REM,False,0.29547109284880024,0
20250616T000636 - 5a8cd,425,REM,True,0.3522342495078138,0
20250616T000636 - 5a8cd,426,REM,True,0.3259320102154898,0
20250616T000636 - 5a8cd,427,W,False,0.39338187800611846,0
20250616T000636 - 5a8cd,428,REM,False,0.37857278599097405,0
20250616T000636 - 5a8cd,429,REM,False,0.3512895094881829,0
20250616T000636 - 5a8cd,430,REM,False,0.32954325931421763,0
20250616T000636 - 5a8cd,431,REM,False,0.3115653926190467,0
20250616T000636 - 5a8cd,432,REM,False,0.3404794456612912,0
20250616T000636 - 5a8cd,433,REM,False,0.30750403148357763,0
20250616T000636 - 5a8cd,434,REM,False,0.35216986946596096,0
20250616T000636 - 5a8cd,435,REM,False,0.32723877850140526,0
20250616T000636 - 5a8cd,436,REM,True,0.3296962947140545,0
20250616T000636 - 5a8cd,437,REM,False,0.38894592520602644,0
20250616T000636 - 5a8cd,438,N1,True,0.3699057947891095,0
20250616T000636 - 5a8cd,439,N1,True,0.32167395873178456,0
20250616T000636 - 5a8cd,440,W,True,0.35367835544243303,0
20250616T000636 - 5a8cd,441,N1,True,0.4355075481658801,0
20250616T000636 - 5a8cd,442,N2,True,0.4286191167675569,0
20250616T000636 - 5a8cd,443,W,True,0.4001001289959374,0
20250616T000636 - 5a8cd,444,N1,True,0.446516974606293,0
20250616T000636 - 5a8cd,445,N2,True,0.41980690146485367,0
20250616T000636 - 5a8cd,446,W,True,0.4180981780898523,0
20250616T000636 - 5a8cd,447,N1,True,0.43794962363429035,0
20250616T000636 - 5a8cd,448,N1,False,0.43440870811983606,0
20250616T000636 - 5a8cd,449,N2,True,0.4009013982823324,0
20250616T000636 - 5a8cd,450,N2,False,0.3755421974649756,0
20250616T000636 - 5a8cd,451,N2,True,0.3461252978719402,0
20250616T000636 - 5a8cd,452,N2,True,0.3192404677382141,0
20250616T000636 - 5a8cd,453,N2,True,0.46603158368695047,0
20250616T000636 - 5a8cd,454,W,False,0.31097993293933973,0
20250616T000636 - 5a8cd,455,W,False,0.36838811701128743,0
20250616T000636 - 5a8cd,456,W,False,0.3399129779173469,0
20250616T000636 - 5a8cd,457,W,False,0.2879009306610344,0
20250616T000636 - 5a8cd,458,W,False,0.3111498962905658,0
20250616T000636 - 5a8cd,459,W,False,0.2529317944078911,0
20250616T000636 - 5a8cd,460,W,False,0.3252819288508028,0
20250616T000636 - 5a8cd,461,W,False,0.28700273986640984,0
20250616T000636 - 5a8cd,462,W,False,0.2102529870079373,0
20250616T000636 - 5a8cd,463,W,False,0.1767787354886097,0
20250616T000636 - 5a8cd,464,W,False,0.15697232727598237,0
20250616T000636 - 5a8cd,465,W,False,0.19990681739074373,0
20250616T000636 - 5a8cd,466,W,False,0.3253270773498841,0
20250616T000636 - 5a8cd,467,W,False,0.338533609088187,0
20250616T000636 - 5a8cd,468,W,False,0.3081368622667494,0
20250616T000636 - 5a8cd,469,W,False,0.33478522699354796,0
20250616T000636 - 5a8cd,470,W,False,0.3859874656035499,0
20250616T000636 - 5a8cd,471,W,False,0.37659977373019904,0
20250616T000636 - 5a8cd,472,N1,False,0.4187228920850818,0
20250616T000636 - 5a8cd,473,N1,False,0.41957401011832657,0
20250616T000636 - 5a8cd,474,N1,True,0.4317249887928426,0
20250616T000636 - 5a8cd,475,N1,True,0.44969291860144217,0
20250616T000636 - 5a8cd,476,W,True,0.36984914582903455,0
20250616T000636 - 5a8cd,477,N1,True,0.5259896824459591,1
20250616T000636 - 5a8cd,478,W,False,0.36243789027082385,0
20250616T000636 - 5a8cd,479,N1,True,0.4871647808580839,0
20250616T000636 - 5a8cd,480,N1,True,0.4890276325200611,0
20250616T000636 - 5a8cd,481,W,False,0.41383726829546236,0
20250616T000636 - 5a8cd,482,N1,True,0.566216041099936,1
20250616T000636 - 5a8cd,483,N1,True,0.4018153617059268,0
20250616T000636 - 5a8cd,484,W,False,0.3563211179133861,0
20250616T000636 - 5a8cd,485,N1,True,0.4229749666237654,0
20250616T000636 - 5a8cd,486,N1,True,0.35801320040743134,0
20250616T000636 - 5a8cd,487,N1,True,0.38575506451351566,0
20250616T000636 - 5a8cd,488,N1,False,0.362204256126806,0
20250616T000636 - 5a8cd,489,N2,False,0.4274325225115423,0
20250616T000636 - 5a8cd,490,N2,False,0.39957757028059887,0
20250616T000636 - 5a8cd,491,N2,False,0.38747124796509874,0
20250616T000636 - 5a8cd,492,N2,False,0.358057659332908,0
20250616T000636 - 5a8cd,493,N2,False,0.33506557876588317,0
20250616T000636 - 5a8cd,494,N2,False,0.33054969990652905,0
20250616T000636 - 5a8cd,495,N2,False,0.3255064724369731,0
20250616T000636 - 5a8cd,496,N2,False,0.31306333828541444,0
20250616T000636 - 5a8cd,497,N2,False,0.3581908580830971,0
20250616T000636 - 5a8cd,498,N2,False,0.30559527499218375,0
20250616T000636 - 5a8cd,499,N2,False,0.34628619635405705,0
20250616T000636 - 5a8cd,500,N2,False,0.3578570853021244,0
20250616T000636 - 5a8cd,501,N2,False,0.3587877037721189,0
20250616T000636 - 5a8cd,502,N3,False,0.3513390465416352,0
20250616T000636 - 5a8cd,503,N2,False,0.3493384812165463,0
20250616T000636 - 5a8cd,504,N2,False,0.3699887692808229,0
20250616T000636 - 5a8cd,505,N2,False,0.3717389064428093,0
20250616T000636 - 5a8cd,506,N3,False,0.3580877070244459,0
20250616T000636 - 5a8cd,507,N2,False,0.37039295797706084,0
20250616T000636 - 5a8cd,508,N3,False,0.34988414214327596,0
20250616T000636 - 5a8cd,509,N2,False,0.34583278783069504,0
20250616T000636 - 5a8cd,510,N2,False,0.34948703628259137,0
20250616T000636 - 5a8cd,511,N2,False,0.3384595044302725,0
20250616T000636 - 5a8cd,512,N3,True,0.346481989671937,0
20250616T000636 - 5a8cd,513,N2,True,0.30791144311048424,0
20250616T000636 - 5a8cd,514,N1,True,0.35285311682274895,0
20250616T000636 - 5a8cd,515,N2,False,0.397990040339773,0
20250616T000636 - 5a8cd,516,W,True,0.3654002056526507,0
20250616T000636 - 5a8cd,517,N1,False,0.42703117827531073,0
20250616T000636 - 5a8cd,518,W,True,0.373184787733114,0
20250616T000636 - 5a8cd,519,N2,False,0.417028661776156,0
20250616T000636 - 5a8cd,520,N2,True,0.4433256898599966,0
20250616T000636 - 5a8cd,521,N2,True,0.40499277646514087,0
20250616T000636 - 5a8cd,522,N2,False,0.3552463759758097,0
20250616T000636 - 5a8cd,523,N2,False,0.3983292819265597,0
20250616T000636 - 5a8cd,524,N2,False,0.3274497623342112,0
20250616T000636 - 5a8cd,525,N2,False,0.3346173711254757,0
20250616T000636 - 5a8cd,526,N2,True,0.425820788364641,0
20250616T000636 - 5a8cd,527,N2,False,0.4002673974727444,0
20250616T000636 - 5a8cd,528,W,True,0.357851191372743,0
20250616T000636 - 5a8cd,529,N1,True,0.4838710428331311,0
20250616T000636 - 5a8cd,530,N1,True,0.4990768347140899,0
20250616T000636 - 5a8cd,531,N2,False,0.4757056584280349,0
20250616T000636 - 5a8cd,532,N2,True,0.49564217732910926,0
20250616T000636 - 5a8cd,533,N2,True,0.4645283075739657,0
20250616T000636 - 5a8cd,534,N2,True,0.4617889426204779,0
20250616T000636 - 5a8cd,535,N2,True,0.4569788762860039,0
20250616T000636 - 5a8cd,536,W,False,0.4438457331913274,0
20250616T000636 - 5a8cd,537,N2,True,0.449068447119288,0
20250616T000636 - 5a8cd,538,N2,True,0.4967578970736401,0
20250616T000636 - 5a8cd,539,N2,True,0.3776540010794775,0
20250616T000636 - 5a8cd,540,N2,False,0.4598617977723961,0
20250616T000636 - 5a8cd,541,N2,True,0.4563388083682102,0
20250616T000636 - 5a8cd,542,W,False,0.3797433322874431,0
20250616T000636 - 5a8cd,543,W,True,0.3087781156135245,0
20250616T000636 - 5a8cd,544,N1,False,0.37698494450240055,0
20250616T000636 - 5a8cd,545,N2,True,0.3340913650436319,0
20250616T000636 - 5a8cd,546,N2,True,0.4146184850080804,0
20250616T000636 - 5a8cd,547,W,True,0.3414819972921454,0
20250616T000636 - 5a8cd,548,W,True,0.41948798265046383,0
20250616T000636 - 5a8cd,549,N2,True,0.3890289422349808,0
20250616T000636 - 5a8cd,550,N1,False,0.39594851743294834,0
20250616T000636 - 5a8cd,551,W,True,0.4123828179598666,0
20250616T000636 - 5a8cd,552,N2,True,0.37984113202701003,0
20250616T000636 - 5a8cd,553,N2,True,0.3326192439809074,0
20250616T000636 - 5a8cd,554,N2,True,0.305326592168345,0
20250616T000636 - 5a8cd,555,N2,True,0.4613538268365017,0
20250616T000636 - 5a8cd,556,N2,False,0.5327424125711125,1
20250616T000636 - 5a8cd,557,N2,True,0.49646058041297875,0
20250616T000636 - 5a8cd,558,N2,True,0.4921661714039082,0
20250616T000636 - 5a8cd,559,W,False,0.40948320587878484,0
20250616T000636 - 5a8cd,560,N2,False,0.4809003857790287,0
20250616T000636 - 5a8cd,561,N2,False,0.525194154290552,1
20250616T000636 - 5a8cd,562,N2,False,0.5344407029578777,1
20250616T000636 - 5a8cd,563,N2,False,0.49803163731655226,0
20250616T000636 - 5a8cd,564,N2,True,0.45367068512397013,0
20250616T000636 - 5a8cd,565,N2,True,0.4806010748168076,0
20250616T000636 - 5a8cd,566,W,True,0.428792668645657,0
20250616T000636 - 5a8cd,567,N1,False,0.4424468438206231,0
20250616T000636 - 5a8cd,568,N2,True,0.4060594376109149,0
20250616T000636 - 5a8cd,569,W,False,0.3317431260490538,0
20250616T000636 - 5a8cd,570,W,False,0.3089713935639173,0
20250616T000636 - 5a8cd,571,W,True,0.3483097298709133,0
20250616T000636 - 5a8cd,572,N1,True,0.34099242207330194,0
20250616T000636 - 5a8cd,573,W,True,0.3830326920883963,0
20250616T000636 - 5a8cd,574,N1,False,0.4441468885129407,0
20250616T000636 - 5a8cd,575,N2,True,0.44301099769760804,0
20250616T000636 - 5a8cd,576,N2,True,0.4137504055637106,0
20250616T000636 - 5a8cd,577,N2,False,0.3986020745841443,0
20250616T000636 - 5a8cd,578,W,False,0.3313671300920545,0
20250616T000636 - 5a8cd,579,W,False,0.29076989933577496,0
20250616T000636 - 5a8cd,580,W,False,0.3716860543782908,0
20250616T000636 - 5a8cd,581,W,False,0.3399646662680908,0
20250616T000636 - 5a8cd,582,W,False,0.2673705374118299,0
20250616T000636 - 5a8cd,583,W,False,0.41457910035835044,0
20250616T000636 - 5a8cd,584,N1,True,0.5346671942011951,1
20250616T000636 - 5a8cd,585,N1,True,0.47030839232114374,0
20250616T000636 - 5a8cd,586,N1,True,0.4715899133621133,0
20250616T000636 - 5a8cd,587,N1,False,0.48140773578988366,0
20250616T000636 - 5a8cd,588,N1,True,0.5639546941395177,1
20250616T000636 - 5a8cd,589,N1,True,0.48199241470502635,0
20250616T000636 - 5a8cd,590,W,True,0.38514400949327104,0
20250616T000636 - 5a8cd,591,W,True,0.45025831518856124,0
20250616T000636 - 5a8cd,592,N1,False,0.45267065341541773,0
20250616T000636 - 5a8cd,593,N1,True,0.5004729480602195,1
20250616T000636 - 5a8cd,594,W,True,0.4790875376577833,0
20250616T000636 - 5a8cd,595,W,True,0.3804667417782291,0
20250616T000636 - 5a8cd,596,N1,False,0.487822909853611,0
20250616T000636 - 5a8cd,597,W,False,0.37310381073665155,0
20250616T000636 - 5a8cd,598,N1,True,0.3842811739030552,0
20250616T000636 - 5a8cd,599,N1,False,0.46159743479975046,0
20250616T000636 - 5a8cd,600,W,False,0.31719889103722276,0
20250616T000636 - 5a8cd,601,W,False,0.3028841921706299,0
20250616T000636 - 5a8cd,602,W,True,0.3245383345648283,0
20250616T000636 - 5a8cd,603,N1,False,0.322978023871942,0
20250616T000636 - 5a8cd,604,N1,True,0.41495501220778797,0
20250616T000636 - 5a8cd,605,N1,False,0.35944989191617366,0
20250616T000636 - 5a8cd,606,REM,False,0.4221069210082409,0
20250616T000636 - 5a8cd,607,REM,False,0.37297425887284164,0
20250616T000636 - 5a8cd,608,REM,False,0.37071700738601415,0
20250616T000636 - 5a8cd,609,REM,False,0.4097200607361671,0
20250616T000636 - 5a8cd,610,REM,False,0.3180628939505481,0
20250616T000636 - 5a8cd,611,REM,False,0.2765295153220278,0
20250616T000636 - 5a8cd,612,REM,True,0.37012217112256435,0
20250616T000636 - 5a8cd,613,REM,False,0.39258972571697576,0
20250616T000636 - 5a8cd,614,REM,False,0.33178772377601007,0
20250616T000636 - 5a8cd,615,REM,False,0.34093570123748473,0
20250616T000636 - 5a8cd,616,REM,False,0.29914775814530903,0
20250616T000636 - 5a8cd,617,REM,False,0.3246797495474971,0
20250616T000636 - 5a8cd,618,REM,False,0.33205388372120737,0
20250616T000636 - 5a8cd,619,REM,False,0.3174972339181088,0
20250616T000636 - 5a8cd,620,REM,True,0.332472898797756,0
20250616T000636 - 5a8cd,621,REM,False,0.3770817277110973,0
20250616T000636 - 5a8cd,622,REM,False,0.41374427385116136,0
20250616T000636 - 5a8cd,623,REM,True,0.3188226513076089,0
20250616T000636 - 5a8cd,624,REM,False,0.3246646797662939,0
20250616T000636 - 5a8cd,625,REM,False,0.38639874350340797,0
20250616T000636 - 5a8cd,626,REM,False,0.4086980910214589,0
20250616T000636 - 5a8cd,627,REM,False,0.3622573762975514,0
20250616T000636 - 5a8cd,628,REM,False,0.37608313601357357,0
20250616T000636 - 5a8cd,629,REM,True,0.33635131329997486,0
20250616T000636 - 5a8cd,630,REM,False,0.33546386393708505,0
20250616T000636 - 5a8cd,631,REM,False,0.3436631759945775,0
20250616T000636 - 5a8cd,632,REM,False,0.35542278537934585,0
20250616T000636 - 5a8cd,633,REM,True,0.36403271613929133,0
20250616T000636 - 5a8cd,634,REM,False,0.38538645030838153,0
20250616T000636 - 5a8cd,635,N1,False,0.30334620304319343,0
20250616T000636 - 5a8cd,636,N2,True,0.3106174376878808,0
20250616T000636 - 5a8cd,637,N2,False,0.3043152755779403,0
20250616T000636 - 5a8cd,638,N2,True,0.2491783651799224,0
20250616T000636 - 5a8cd,639,N2,False,0.3138070218709391,0
20250616T000636 - 5a8cd,640,N2,False,0.2871763416709506,0
20250616T000636 - 5a8cd,641,N2,False,0.28473266378271544,0
20250616T000636 - 5a8cd,642,N2,False,0.2955405071362955,0
20250616T000636 - 5a8cd,643,N2,True,0.2970748332770414,0
20250616T000636 - 5a8cd,644,N1,False,0.30660187165035024,0
20250616T000636 - 5a8cd,645,N2,False,0.2661166263903324,0
20250616T000636 - 5a8cd,646,N2,False,0.31125384232039005,0
20250616T000636 - 5a8cd,647,REM,False,0.2857037865935613,0
20250616T000636 - 5a8cd,648,REM,False,0.30329702062964725,0
20250616T000636 - 5a8cd,649,REM,False,0.2870398148205058,0
20250616T000636 - 5a8cd,650,REM,False,0.28715850396638865,0
20250616T000636 - 5a8cd,651,REM,False,0.2710120357627029,0
20250616T000636 - 5a8cd,652,REM,False,0.2688420140894989,0
20250616T000636 - 5a8cd,653,REM,False,0.2954351246716669,0
20250616T000636 - 5a8cd,654,REM,False,0.30893556743235523,0
20250616T000636 - 5a8cd,655,REM,True,0.34024326522070075,0
20250616T000636 - 5a8cd,656,REM,False,0.2873454190215474,0
20250616T000636 - 5a8cd,657,N1,False,0.3478920054956833,0
20250616T000636 - 5a8cd,658,N2,False,0.26991808893337127,0
20250616T000636 - 5a8cd,659,N2,False,0.28753664128359857,0
20250616T000636 - 5a8cd,660,N2,False,0.30824025858723714,0
20250616T000636 - 5a8cd,661,N2,True,0.3500091109561306,0
20250616T000636 - 5a8cd,662,W,False,0.36875141123416283,0
20250616T000636 - 5a8cd,663,N1,True,0.3490603851384874,0
20250616T000636 - 5a8cd,664,N1,True,0.4308745509716455,0
20250616T000636 - 5a8cd,665,N2,False,0.48771942599155155,0
20250616T000636 - 5a8cd,666,N2,True,0.5594612299303063,1
20250616T000636 - 5a8cd,667,N2,False,0.4731349662513226,0
20250616T000636 - 5a8cd,668,N2,True,0.5199550260915675,1
20250616T000636 - 5a8cd,669,N2,True,0.4483849241607515,0
20250616T000636 - 5a8cd,670,W,True,0.4133348328243519,0
20250616T000636 - 5a8cd,671,N2,True,0.41961954763269094,0
20250616T000636 - 5a8cd,672,W,True,0.37525033958443876,0
20250616T000636 - 5a8cd,673,W,False,0.4460206759727847,0
20250616T000636 - 5a8cd,674,N2,True,0.4913143275955884,0
20250616T000636 - 5a8cd,675,N2,True,0.41455302963701723,0
20250616T000636 - 5a8cd,676,N2,True,0.3778251086456957,0
20250616T000636 - 5a8cd,677,W,False,0.3317132689576107,0
20250616T000636 - 5a8cd,678,W,True,0.2843394961458575,0
20250616T000636 - 5a8cd,679,N1,True,0.42001667184472086,0
20250616T000636 - 5a8cd,680,W,False,0.3445974239795467,0
20250616T000636 - 5a8cd,681,W,False,0.3411470062167217,0
20250616T000636 - 5a8cd,682,W,False,0.3697460194043105,0
20250616T000636 - 5a8cd,683,W,False,0.343212594918567,0
20250616T000636 - 5a8cd,684,W,False,0.3509052335914504,0
20250616T000636 - 5a8cd,685,W,False,0.32339755430390055,0
20250616T000636 - 5a8cd,686,W,False,0.3583835816978139,0
20250616T000636 - 5a8cd,687,W,False,0.26642164469711765,0
20250616T000636 - 5a8cd,688,N1,False,0.3974051010795327,0
20250616T000636 - 5a8cd,689,N1,True,0.4116402696842215,0
20250616T000636 - 5a8cd,690,N1,True,0.379808514234781,0
20250616T000636 - 5a8cd,691,W,False,0.3670076811065707,0
20250616T000636 - 5a8cd,692,W,False,0.3847366388461101,0
20250616T000636 - 5a8cd,693,W,False,0.3850169849610394,0
20250616T000636 - 5a8cd,694,N1,False,0.4607119094000833,0
20250616T000636 - 5a8cd,695,N1,True,0.3295062666507454,0
20250616T000636 - 5a8cd,696,N1,True,0.47164190416086876,0
20250616T000636 - 5a8cd,697,N1,False,0.48520953272146355,0
20250616T000636 - 5a8cd,698,N1,True,0.3627113119148309,0
20250616T000636 - 5a8cd,699,W,False,0.32996567711805114,0
20250916T231544 - dba60,0,W,False,0.16613887303589292,0
20250916T231544 - dba60,1,W,False,0.1635157541743432,0
20250916T231544 - dba60,2,W,False,0.26913825714943346,0
20250916T231544 - dba60,3,W,False,0.11665366625448391,0
20250916T231544 - dba60,4,W,False,0.09759176317021287,0
20250916T231544 - dba60,5,W,False,0.11799398313775988,0
20250916T231544 - dba60,6,W,False,0.10144336705660956,0
20250916T231544 - dba60,7,W,False,0.1361850343244427,0
20250916T231544 - dba60,8,W,False,0.08446824498067168,0
20250916T231544 - dba60,9,W,False,0.09128931806901833,0
20250916T231544 - dba60,10,W,False,0.09856873508276029,0
20250916T231544 - dba60,11,W,False,0.10064794532278873,0
20250916T231544 - dba60,12,W,False,0.11574683908413014,0
20250916T231544 - dba60,13,W,False,0.09075742354474876,0
20250916T231544 - dba60,14,W,False,0.138132486119623,0
20250916T231544 - dba60,15,W,False,0.22753018608058817,0
20250916T231544 - dba60,16,W,False,0.09571341692563512,0
20250916T231544 - dba60,17,W,False,0.1771816528825794,0
20250916T231544 - dba60,18,W,False,0.25371132537013613,0
20250916T231544 - dba60,19,W,False,0.1346388398719148,0
20250916T231544 - dba60,20,W,False,0.11841391531492357,0
20250916T231544 - dba60,21,W,False,0.13078668087210643,0
20250916T231544 - dba60,22,W,False,0.21289868406230736,0
20250916T231544 - dba60,23,W,False,0.16339402989481802,0
20250916T231544 - dba60,24,W,False,0.12824187394033712,0
20250916T231544 - dba60,25,W,False,0.11701902381048279,0
20250916T231544 - dba60,26,W,False,0.10655498104398871,0
20250916T231544 - dba60,27,W,False,0.09363595596628603,0
20250916T231544 - dba60,28,W,False,0.09291822734332199,0
20250916T231544 - dba60,29,W,False,0.17010723568641126,0
20250916T231544 - dba60,30,W,False,0.1529951682435939,0
20250916T231544 - dba60,31,W,False,0.06699531777863636,0
20250916T231544 - dba60,32,W,False,0.06506050969249094,0
20250916T231544 - dba60,33,W,False,0.11707911893300889,0
20250916T231544 - dba60,34,W,False,0.1820580113882251,0
20250916T231544 - dba60,35,W,False,0.20754940996463223,0
20250916T231544 - dba60,36,W,False,0.07071627190728093,0
20250916T231544 - dba60,37,W,False,0.10819550355785085,0
20250916T231544 - dba60,38,W,False,0.09131680862496204,0
20250916T231544 - dba60,39,W,False,0.14288472244247008,0
20250916T231544 - dba60,40,W,False,0.14165395120408492,0
20250916T231544 - dba60,41,W,False,0.10363131612869309,0
20250916T231544 - dba60,42,W,False,0.08917805512269586,0
20250916T231544 - dba60,43,W,False,0.16833698325341487,0
20250916T231544 - dba60,44,W,False,0.07703794472603813,0
20250916T231544 - dba60,45,W,False,0.07553459822135618,0
20250916T231544 - dba60,46,W,False,0.07475431020782657,0
20250916T231544 - dba60,47,W,False,0.3929588762886921,0
20250916T231544 - dba60,48,W,False,0.12414719481954982,0
20250916T231544 - dba60,49,W,False,0.11902566946946473,0
20250916T231544 - dba60,50,W,False,0.13489012806138284,0
20250916T231544 - dba60,51,W,False,0.17435266363412544,0
20250916T231544 - dba60,52,W,False,0.23271912094841757,0
20250916T231544 - dba60,53,W,False,0.12803023696085808,0
20250916T231544 - dba60,54,W,False,0.18357384282379663,0
20250916T231544 - dba60,55,W,False,0.18263669742468497,0
20250916T231544 - dba60,56,W,False,0.0633981587520477,0
20250916T231544 - dba60,57,W,False,0.16592025390967735,0
20250916T231544 - dba60,58,W,False,0.13994823021443303,0
20250916T231544 - dba60,59,W,False,0.20249138033031705,0
20250916T231544 - dba60,60,W,False,0.17728754432822988,0
20250916T231544 - dba60,61,W,False,0.16743713024857843,0
20250916T231544 - dba60,62,W,False,0.0910881747862361,0
20250916T231544 - dba60,63,W,False,0.12407332125320464,0
20250916T231544 - dba60,64,W,False,0.11402218058174363,0
20250916T231544 - dba60,65,W,False,0.19185265029991325,0
20250916T231544 - dba60,66,W,False,0.15888701774674674,0
20250916T231544 - dba60,67,W,False,0.07520560112281485,0
20250916T231544 - dba60,68,W,False,0.1931610486322438,0
20250916T231544 - dba60,69,W,False,0.1869411972557304,0
20250916T231544 - dba60,70,W,False,0.18027737107700179,0
20250916T231544 - dba60,71,W,False,0.09883814141534555,0
20250916T231544 - dba60,72,W,False,0.23203154000715742,0
20250916T231544 - dba60,73,W,False,0.18615835995236193,0
20250916T231544 - dba60,74,W,False,0.1559774462229471,0
20250916T231544 - dba60,75,W,False,0.22024608890025366,0
20250916T231544 - dba60,76,W,False,0.1705304899353553,0
20250916T231544 - dba60,77,W,False,0.08296075083756183,0
20250916T231544 - dba60,78,W,False,0.1688451645187157,0
20250916T231544 - dba60,79,W,False,0.09828944024690987,0
20250916T231544 - dba60,80,W,False,0.06354111183287482,0
20250916T231544 - dba60,81,W,False,0.07602333756506778,0
20250916T231544 - dba60,82,W,False,0.23775180001180046,0
20250916T231544 - dba60,83,W,False,0.0919964603479056,0
20250916T231544 - dba60,84,W,False,0.07373714339935294,0
20250916T231544 - dba60,85,W,False,0.1716591229821519,0
20250916T231544 - dba60,86,W,False,0.20307189299537662,0
20250916T231544 - dba60,87,W,False,0.15975751021294216,0
20250916T231544 - dba60,88,W,False,0.18681235832627618,0
20250916T231544 - dba60,89,W,False,0.17480628210539156,0
20250916T231544 - dba60,90,W,False,0.15649289334061,0
20250916T231544 - dba60,91,W,False,0.14327364487227107,0
20250916T231544 - dba60,92,W,False,0.10306272617694967,0
20250916T231544 - dba60,93,W,False,0.10788658624324374,0
20250916T231544 - dba60,94,W,False,0.16389954949099284,0
20250916T231544 - dba60,95,W,False,0.10055322487882222,0
20250916T231544 - dba60,96,W,False,0.21913635495245973,0
20250916T231544 - dba60,97,W,False,0.13387126182247758,0
20250916T231544 - dba60,98,W,False,0.1635848107937774,0
20250916T231544 - dba60,99,W,False,0.20123523213762795,0
20250916T231544 - dba60,100,W,False,0.18965645146370957,0
20250916T231544 - dba60,101,W,False,0.21059094876507678,0
20250916T231544 - dba60,102,W,False,0.11513704755183479,0
20250916T231544 - dba60,103,W,False,0.1824572034851159,0
20250916T231544 - dba60,104,W,False,0.11715610114810705,0
20250916T231544 - dba60,105,W,False,0.13503475634371667,0
20250916T231544 - dba60,106,W,False,0.20548828207392877,0
20250916T231544 - dba60,107,W,False,0.16152335306962573,0
20250916T231544 - dba60,108,W,False,0.21713437723494095,0
20250916T231544 - dba60,109,W,False,0.1535813146548629,0
20250916T231544 - dba60,110,W,False,0.13855286426816912,0
20250916T231544 - dba60,111,W,False,0.08511095309632623,0
20250916T231544 - dba60,112,W,False,0.15218767880296344,0
20250916T231544 - dba60,113,W,False,0.11055139558169237,0
20250916T231544 - dba60,114,W,False,0.12181790760760944,0
20250916T231544 - dba60,115,W,False,0.11098059351727833,0
20250916T231544 - dba60,116,W,False,0.19530758278325122,0
20250916T231544 - dba60,117,W,False,0.18539768004399051,0
20250916T231544 - dba60,118,W,False,0.09006284067428515,0
20250916T231544 - dba60,119,W,False,0.10042373118877639,0
20250916T231544 - dba60,120,W,False,0.14551797780639747,0
20250916T231544 - dba60,121,W,False,0.2136459008116515,0
20250916T231544 - dba60,122,W,False,0.14972133911311564,0
20250916T231544 - dba60,123,W,False,0.1728446941150709,0
20250916T231544 - dba60,124,W,False,0.14833752180088375,0
20250916T231544 - dba60,125,W,False,0.10026565725614905,0
20250916T231544 - dba60,126,W,False,0.12768206217080302,0
20250916T231544 - dba60,127,W,False,0.20170270560950962,0
20250916T231544 - dba60,128,W,False,0.11806059257400024,0
20250916T231544 - dba60,129,W,False,0.1420407171955382,0
20250916T231544 - dba60,130,W,False,0.21659587696023952,0
20250916T231544 - dba60,131,W,False,0.08582955280031988,0
20250916T231544 - dba60,132,W,False,0.11727047083248063,0
20250916T231544 - dba60,133,W,False,0.08331138033031234,0
20250916T231544 - dba60,134,W,False,0.17994434565982215,0
20250916T231544 - dba60,135,W,False,0.17876040328911966,0
20250916T231544 - dba60,136,W,False,0.12378116940037785,0
20250916T231544 - dba60,137,W,False,0.1469675112791436,0
20250916T231544 - dba60,138,W,False,0.06169879186153496,0
20250916T231544 - dba60,139,W,False,0.08062726673220694,0
20250916T231544 - dba60,140,W,False,0.08169095298821775,0
20250916T231544 - dba60,141,W,False,0.11880913033253039,0
20250916T231544 - dba60,142,W,False,0.18342700644396376,0
20250916T231544 - dba60,143,W,False,0.10871143880079603,0
20250916T231544 - dba60,144,W,False,0.10262517757548968,0
20250916T231544 - dba60,145,W,False,0.13815688128088546,0
20250916T231544 - dba60,146,W,False,0.10938715954629358,0
20250916T231544 - dba60,147,W,False,0.10862164061013671,0
20250916T231544 - dba60,148,W,False,0.14138617560053543,0
20250916T231544 - dba60,149,W,False,0.1433476545190749,0
20250916T231544 - dba60,150,W,False,0.1968587698657578,0
20250916T231544 - dba60,151,W,False,0.10677907401008487,0
20250916T231544 - dba60,152,W,False,0.11879010868216118,0
20250916T231544 - dba60,153,W,False,0.16432986173593378,0
20250916T231544 - dba60,154,W,False,0.15298377647036632,0
20250916T231544 - dba60,155,W,False,0.1400805563351069,0
20250916T231544 - dba60,156,W,False,0.1564937839933154,0
20250916T231544 - dba60,157,W,False,0.1317294954650985,0
20250916T231544 - dba60,158,W,False,0.09857048894228612,0
20250916T231544 - dba60,159,W,False,0.14692676947207114,0
20250916T231544 - dba60,160,W,False,0.1733680532664655,0
20250916T231544 - dba60,161,W,False,0.09600482812517054,0
20250916T231544 - dba60,162,W,False,0.2023850038591964,0
20250916T231544 - dba60,163,W,False,0.1688565205767599,0
20250916T231544 - dba60,164,W,False,0.1299470496931133,0
20250916T231544 - dba60,165,W,False,0.18157141669752178,0
20250916T231544 - dba60,166,W,False,0.1250754029428506,0
20250916T231544 - dba60,167,W,False,0.11000374096852376,0
20250916T231544 - dba60,168,W,False,0.15358005027973398,0
20250916T231544 - dba60,169,W,False,0.20059118194224568,0
20250916T231544 - dba60,170,W,False,0.08883473058559774,0
20250916T231544 - dba60,171,W,False,0.07719782811203346,0
20250916T231544 - dba60,172,W,False,0.14970569521430005,0
20250916T231544 - dba60,173,W,False,0.18506228294592958,0
20250916T231544 - dba60,174,W,False,0.20113612464922362,0
20250916T231544 - dba60,175,W,False,0.12942950272020387,0
20250916T231544 - dba60,176,W,False,0.20250938871533106,0
20250916T231544 - dba60,177,W,False,0.18619473248006105,0
20250916T231544 - dba60,178,W,False,0.13395097241021056,0
20250916T231544 - dba60,179,W,False,0.10203241161742525,0
20250916T231544 - dba60,180,W,False,0.14849961518660032,0
20250916T231544 - dba60,181,W,False,0.11485321527244252,0
20250916T231544 - dba60,182,W,False,0.13033471396148819,0
20250916T231544 - dba60,183,W,False,0.10574706538747014,0
20250916T231544 - dba60,184,W,False,0.17722353119814066,0
20250916T231544 - dba60,185,W,False,0.16344463471138593,0
20250916T231544 - dba60,186,W,False,0.09887871424697046,0
20250916T231544 - dba60,187,W,False,0.09189796602906618,0
20250916T231544 - dba60,188,W,False,0.1625518360650437,0
20250916T231544 - dba60,189,W,False,0.1765523763460582,0
20250916T231544 - dba60,190,W,False,0.15773816666375953,0
20250916T231544 - dba60,191,W,False,0.13091505412096033,0
20250916T231544 - dba60,192,W,False,0.1181399674641524,0
20250916T231544 - dba60,193,W,False,0.17196451348013345,0
20250916T231544 - dba60,194,W,False,0.09917626817432193,0
20250916T231544 - dba60,195,W,False,0.16846982277303738,0
20250916T231544 - dba60,196,W,False,0.14398894788883437,0
20250916T231544 - dba60,197,W,False,0.1336579277540402,0
20250916T231544 - dba60,198,W,False,0.1459044187377657,0
20250916T231544 - dba60,199,W,False,0.14761015932772023,0
20250916T231544 - dba60,200,W,False,0.14310962716472292,0
20250916T231544 - dba60,201,W,False,0.1302838823467121,0
20250916T231544 - dba60,202,W,False,0.11977470362981413,0
20250916T231544 - dba60,203,W,False,0.11080822315187513,0
20250916T231544 - dba60,204,W,False,0.12436196382589838,0
20250916T231544 - dba60,205,W,False,0.2027514797729465,0
20250916T231544 - dba60,206,W,False,0.13859268537555922,0
20250916T231544 - dba60,207,W,False,0.11027116853072647,0
20250916T231544 - dba60,208,W,False,0.12154502509592961,0
20250916T231544 - dba60,209,W,False,0.1780211333881113,0
20250916T231544 - dba60,210,W,False,0.2663096097249414,0
20250916T231544 - dba60,211,W,False,0.14999516324187842,0
20250916T231544 - dba60,212,W,False,0.22517513348439486,0
20250916T231544 - dba60,213,W,False,0.11406843434390446,0
20250916T231544 - dba60,214,W,False,0.16192441071970656,0
20250916T231544 - dba60,215,W,False,0.18542138373488903,0
20250916T231544 - dba60,216,W,False,0.06606985017911887,0
20250916T231544 - dba60,217,W,False,0.1934151740844454,0
20250916T231544 - dba60,218,W,False,0.16188598837586976,0
20250916T231544 - dba60,219,W,False,0.158189811636269,0
20250916T231544 - dba60,220,W,False,0.1658937641466946,0
20250916T231544 - dba60,221,W,False,0.23341564146809599,0
20250916T231544 - dba60,222,W,False,0.21499053028200635,0
20250916T231544 - dba60,223,W,False,0.18783265086596565,0
20250916T231544 - dba60,224,W,False,0.17592664083418558,0
20250916T231544 - dba60,225,W,False,0.10199204633400306,0
20250916T231544 - dba60,226,W,False,0.1074668381789979,0
20250916T231544 - dba60,227,W,False,0.16082467996801558,0
20250916T231544 - dba60,228,W,False,0.09996294783812461,0
20250916T231544 - dba60,229,W,False,0.1503571384555239,0
20250916T231544 - dba60,230,W,False,0.24765653647645056,0
20250916T231544 - dba60,231,W,False,0.1578473616964195,0
20250916T231544 - dba60,232,W,False,0.16179008641748513,0
20250916T231544 - dba60,233,W,False,0.08074189671435449,0
20250916T231544 - dba60,234,W,False,0.13573783073225454,0
20250916T231544 - dba60,235,W,False,0.12519811491493013,0
20250916T231544 - dba60,236,W,False,0.1837923939406815,0
20250916T231544 - dba60,237,W,False,0.15068214657306928,0
20250916T231544 - dba60,238,W,False,0.12695999301003164,0
20250916T231544 - dba60,239,W,False,0.17513275020830035,0
20250916T231544 - dba60,240,W,False,0.15923879927770293,0
20250916T231544 - dba60,241,N1,False,0.2830472127740438,0
20250916T231544 - dba60,242,N1,False,0.2522112861248673,0
20250916T231544 - dba60,243,N1,True,0.256083893339303,0
20250916T231544 - dba60,244,N1,False,0.29586449127727993,0
20250916T231544 - dba60,245,N2,False,0.21572279375899156,0
20250916T231544 - dba60,246,N2,True,0.18924648462007654,0
20250916T231544 - dba60,247,N2,True,0.2451444651761884,0
20250916T231544 - dba60,248,N1,False,0.2873967543116549,0
20250916T231544 - dba60,249,N2,True,0.23620511017580076,0
20250916T231544 - dba60,250,N1,False,0.2868293415322477,0
20250916T231544 - dba60,251,N1,True,0.2890415369876055,0
20250916T231544 - dba60,252,N2,False,0.2073809750924612,0
20250916T231544 - dba60,253,N2,False,0.2156419552050738,0
20250916T231544 - dba60,254,N2,False,0.19819019569526833,0
20250916T231544 - dba60,255,N2,False,0.16087287078888046,0
20250916T231544 - dba60,256,N2,False,0.172607196238522,0
20250916T231544 - dba60,257,N2,False,0.16441794034216703,0
20250916T231544 - dba60,258,N2,False,0.1452277004632325,0
20250916T231544 - dba60,259,N2,False,0.17926370124106608,0
20250916T231544 - dba60,260,N2,False,0.17602407143127852,0
20250916T231544 - dba60,261,N2,False,0.19852954431590725,0
20250916T231544 - dba60,262,N2,False,0.19165346330763033,0
20250916T231544 - dba60,263,N2,False,0.17685246655285106,0
20250916T231544 - dba60,264,N2,False,0.20589461963079916,0
20250916T231544 - dba60,265,N2,True,0.20199729997137136,0
20250916T231544 - dba60,266,W,False,0.19962108580636762,0
20250916T231544 - dba60,267,N2,False,0.20644350575617046,0
20250916T231544 - dba60,268,N3,False,0.22045917007903346,0
20250916T231544 - dba60,269,N2,False,0.19522204980928443,0
20250916T231544 - dba60,270,N3,False,0.1879132126968447,0
20250916T231544 - dba60,271,N2,False,0.2889227749331675,0
20250916T231544 - dba60,272,N2,False,0.1763560752231533,0
20250916T231544 - dba60,273,N2,False,0.15584941290145216,0
20250916T231544 - dba60,274,N2,False,0.16682906882845241,0
20250916T231544 - dba60,275,N3,False,0.1799282716406089,0
20250916T231544 - dba60,276,N2,False,0.28807359515452746,0
20250916T231544 - dba60,277,N3,False,0.1869806372931465,0
20250916T231544 - dba60,278,N2,False,0.1765923093407127,0
20250916T231544 - dba60,279,N3,False,0.14326350845455907,0
20250916T231544 - dba60,280,N3,False,0.1629035342205147,0
20250916T231544 - dba60,281,N2,False,0.19817188226062968,0
20250916T231544 - dba60,282,N3,False,0.16083932226361217,0
20250916T231544 - dba60,283,N3,False,0.1782746310988083,0
20250916T231544 - dba60,284,N2,False,0.17978619001379742,0
20250916T231544 - dba60,285,N2,False,0.1377968192013455,0
20250916T231544 - dba60,286,N2,False,0.1654887259547243,0
20250916T231544 - dba60,287,N3,False,0.18076735666886498,0
20250916T231544 - dba60,288,N3,False,0.14895742508830415,0
20250916T231544 - dba60,289,N2,False,0.1562765666526324,0
20250916T231544 - dba60,290,N2,False,0.16683905174779187,0
20250916T231544 - dba60,291,N2,False,0.15827779055066313,0
20250916T231544 - dba60,292,N3,True,0.1756581826012265,0
20250916T231544 - dba60,293,N2,True,0.21798319911834876,0
20250916T231544 - dba60,294,N1,True,0.2996488202635125,0
20250916T231544 - dba60,295,N2,False,0.24152879526196167,0
20250916T231544 - dba60,296,W,False,0.26400132852113545,0
20250916T231544 - dba60,297,W,False,0.1520719326691273,0
20250916T231544 - dba60,298,W,False,0.20478029958408542,0
20250916T231544 - dba60,299,N1,True,0.33784583413091546,0
20250916T231544 - dba60,300,N1,True,0.341524237116886,0
20250916T231544 - dba60,301,W,True,0.3066460908995658,0
20250916T231544 - dba60,302,N1,False,0.25206909081050666,0
20250916T231544 - dba60,303,W,False,0.32599889978121943,0
20250916T231544 - dba60,304,W,True,0.3111772968629189,0
20250916T231544 - dba60,305,N1,False,0.3807429256789986,0
20250916T231544 - dba60,306,N1,True,0.45963711565582466,0
20250916T231544 - dba60,307,N1,True,0.4096204725604969,0
20250916T231544 - dba60,308,N2,True,0.2691744048301322,0
20250916T231544 - dba60,309,N1,False,0.32876051590948463,0
20250916T231544 - dba60,310,N1,True,0.35028669764648085,0
20250916T231544 - dba60,311,N2,True,0.22264627991380434,0
20250916T231544 - dba60,312,N1,False,0.32688028110390116,0
20250916T231544 - dba60,313,N1,False,0.33939143399043004,0
20250916T231544 - dba60,314,N2,False,0.22794388299930352,0
20250916T231544 - dba60,315,N2,False,0.2280561605788786,0
20250916T231544 - dba60,316,N2,False,0.2477982337432063,0
20250916T231544 - dba60,317,N2,False,0.24062793191198176,0
20250916T231544 - dba60,318,N2,False,0.2178097431667153,0
20250916T231544 - dba60,319,N2,False,0.23202577730945148,0
20250916T231544 - dba60,320,N2,False,0.2743676612752046,0
20250916T231544 - dba60,321,N2,False,0.21119434976688997,0
20250916T231544 - dba60,322,N2,False,0.21550408074813496,0
20250916T231544 - dba60,323,N2,False,0.23729336303558823,0
20250916T231544 - dba60,324,N2,False,0.1987116049938471,0
20250916T231544 - dba60,325,N2,False,0.18580099193447236,0
20250916T231544 - dba60,326,N2,False,0.19443159587545786,0
20250916T231544 - dba60,327,N3,False,0.19921655706001165,0
20250916T231544 - dba60,328,N2,False,0.22068422041424596,0
20250916T231544 - dba60,329,N2,False,0.2236515340484443,0
20250916T231544 - dba60,330,N2,False,0.20175388909434067,0
20250916T231544 - dba60,331,N2,False,0.15404902738095083,0
20250916T231544 - dba60,332,N3,False,0.1328909280742838,0
20250916T231544 - dba60,333,N3,False,0.2004962729912438,0
20250916T231544 - dba60,334,N2,False,0.20920420715390103,0
20250916T231544 - dba60,335,N3,False,0.17309750850646718,0
20250916T231544 - dba60,336,N2,False,0.19397072367261728,0
20250916T231544 - dba60,337,N3,False,0.2080345144600891,0
20250916T231544 - dba60,338,N2,False,0.19578481447443857,0
20250916T231544 - dba60,339,N3,False,0.21476190657818017,0
20250916T231544 - dba60,340,N2,False,0.22508468876638527,0
20250916T231544 - dba60,341,N3,True,0.17902496723364605,0
20250916T231544 - dba60,342,N2,False,0.2076926662067542,0
20250916T231544 - dba60,343,N2,False,0.2383315027804355,0
20250916T231544 - dba60,344,N2,False,0.18479710733511134,0
20250916T231544 - dba60,345,N3,False,0.1734469552919364,0
20250916T231544 - dba60,346,N2,False,0.16198869378790068,0
20250916T231544 - dba60,347,N3,False,0.21973435617305778,0
20250916T231544 - dba60,348,N3,False,0.22412516594005377,0
20250916T231544 - dba60,349,N3,False,0.23841772332978117,0
20250916T231544 - dba60,350,N2,False,0.23425582363390426,0
20250916T231544 - dba60,351,N3,False,0.21323228104252095,0
20250916T231544 - dba60,352,N3,False,0.20769109011538947,0
20250916T231544 - dba60,353,N2,False,0.2512593981438125,0
20250916T231544 - dba60,354,N3,False,0.20280663374318864,0
20250916T231544 - dba60,355,N3,False,0.22794250378854805,0
20250916T231544 - dba60,356,N3,False,0.2440601000566656,0
20250916T231544 - dba60,357,N2,False,0.21046310381777494,0
20250916T231544 - dba60,358,N3,False,0.21902415356711713,0
20250916T231544 - dba60,359,N3,False,0.1677438779664798,0
20250916T231544 - dba60,360,N3,False,0.19927920053518888,0
20250916T231544 - dba60,361,N2,False,0.2491718684034782,0
20250916T231544 - dba60,362,N3,True,0.1840472643619511,0
20250916T231544 - dba60,363,N2,False,0.21786376666131904,0
20250916T231544 - dba60,364,N2,False,0.20997334124083364,0
20250916T231544 - dba60,365,N3,False,0.19281132794306274,0
20250916T231544 - dba60,366,N3,False,0.2121179962201073,0
20250916T231544 - dba60,367,N3,False,0.19721708878895378,0
20250916T231544 - dba60,368,N2,False,0.21121991636152893,0
20250916T231544 - dba60,369,N3,False,0.17677672650666854,0
20250916T231544 - dba60,370,N3,False,0.16292787014063362,0
20250916T231544 - dba60,371,N2,False,0.15386947818626537,0
20250916T231544 - dba60,372,N3,False,0.16592590793796622,0
20250916T231544 - dba60,373,N2,False,0.176346567634874,0
20250916T231544 - dba60,374,N3,False,0.13600974872224647,0
20250916T231544 - dba60,375,N3,True,0.1497998556809463,0
20250916T231544 - dba60,376,N2,False,0.14864319396787767,0
20250916T231544 - dba60,377,N3,False,0.14319900323632997,0
20250916T231544 - dba60,378,N3,False,0.17404676140761058,0
20250916T231544 - dba60,379,N3,False,0.15562178500141072,0
20250916T231544 - dba60,380,N3,False,0.16867642871654773,0
20250916T231544 - dba60,381,N3,False,0.12185792539301352,0
20250916T231544 - dba60,382,N3,False,0.14541447637667054,0
20250916T231544 - dba60,383,N3,False,0.1691253893599588,0
20250916T231544 - dba60,384,N3,False,0.16308125604827522,0
20250916T231544 - dba60,385,N3,False,0.18521379004728078,0
20250916T231544 - dba60,386,N3,False,0.17957498796251667,0
20250916T231544 - dba60,387,N3,False,0.1715836167369808,0
20250916T231544 - dba60,388,N3,False,0.16129432108658445,0
20250916T231544 - dba60,389,N3,False,0.16922375142811075,0
20250916T231544 - dba60,390,N3,False,0.13367680857323497,0
20250916T231544 - dba60,391,N3,False,0.14709098734121479,0
20250916T231544 - dba60,392,N3,True,0.1587453249076556,0
20250916T231544 - dba60,393,N2,False,0.1727338921157698,0
20250916T231544 - dba60,394,N3,False,0.21227979055020893,0
20250916T231544 - dba60,395,N2,False,0.17189065757823463,0
20250916T231544 - dba60,396,N2,False,0.14012610597691486,0
20250916T231544 - dba60,397,N2,False,0.18440406135322746,0
20250916T231544 - dba60,398,N3,False,0.16889785102178892,0
20250916T231544 - dba60,399,N3,False,0.16841000117494975,0
20250916T231544 - dba60,400,N2,False,0.16687944549360914,0
20250916T231544 - dba60,401,N3,False,0.1760661096477898,0
20250916T231544 - dba60,402,N3,False,0.16134580804596754,0
20250916T231544 - dba60,403,N3,False,0.14850044917432684,0
20250916T231544 - dba60,404,N3,False,0.16392473428731416,0
20250916T231544 - dba60,405,N3,False,0.13684113978211523,0
20250916T231544 - dba60,406,N3,False,0.14187301042406264,0
20250916T231544 - dba60,407,N3,False,0.1214430784094543,0
20250916T231544 - dba60,408,N3,False,0.10484328064059546,0
20250916T231544 - dba60,409,N3,False,0.140409781064333,0
20250916T231544 - dba60,410,N2,False,0.13661031533773943,0
20250916T231544 - dba60,411,N3,False,0.13580650898623253,0
20250916T231544 - dba60,412,N2,False,0.14341781339255916,0
20250916T231544 - dba60,413,N3,False,0.11569033809395396,0
20250916T231544 - dba60,414,N3,False,0.16015584152019835,0
20250916T231544 - dba60,415,N3,False,0.14438737169552923,0
20250916T231544 - dba60,416,N2,False,0.1388955105736394,0
20250916T231544 - dba60,417,N2,False,0.27478722480511114,0
20250916T231544 - dba60,418,N3,True,0.2642235958549076,0
20250916T231544 - dba60,419,W,True,0.1795712705480446,0
20250916T231544 - dba60,420,N1,False,0.2815392410546119,0
20250916T231544 - dba60,421,W,False,0.31253024725684003,0
20250916T231544 - dba60,422,W,False,0.3097247937556741,0
20250916T231544 - dba60,423,W,False,0.2672528665956563,0
20250916T231544 - dba60,424,W,False,0.33084245644218124,0
20250916T231544 - dba60,425,W,True,0.3513191967046968,0
20250916T231544 - dba60,426,N1,True,0.3328833590627836,0
20250916T231544 - dba60,427,N1,True,0.3901179591467281,0
20250916T231544 - dba60,428,N1,False,0.36867918562399266,0
20250916T231544 - dba60,429,W,True,0.35683902035298326,0
20250916T231544 - dba60,430,N1,False,0.34681935655778884,0
20250916T231544 - dba60,431,N1,True,0.3643553639800227,0
20250916T231544 - dba60,432,N1,True,0.37250362446116514,0
20250916T231544 - dba60,433,N1,False,0.38584335755957183,0
20250916T231544 - dba60,434,N2,True,0.2223708532161487,0
20250916T231544 - dba60,435,N2,True,0.2591949336796458,0
20250916T231544 - dba60,436,N1,True,0.3402661956306018,0
20250916T231544 - dba60,437,N1,False,0.36867208388710926,0
20250916T231544 - dba60,438,N1,True,0.42465054095326044,0
20250916T231544 - dba60,439,N1,True,0.3754205984500253,0
20250916T231544 - dba60,440,N2,True,0.28020433466873473,0
20250916T231544 - dba60,441,N1,False,0.2977701873817888,0
20250916T231544 - dba60,442,N1,True,0.36575438982391517,0
20250916T231544 - dba60,443,N1,True,0.2577456826159216,0
20250916T231544 - dba60,444,N1,True,0.3500513849575962,0
20250916T231544 - dba60,445,N1,True,0.3005276066295167,0
20250916T231544 - dba60,446,N2,True,0.3611633145316673,0
20250916T231544 - dba60,447,N1,False,0.3922820986683643,0
20250916T231544 - dba60,448,N2,True,0.32675959084016815,0
20250916T231544 - dba60,449,W,False,0.2243572065359775,0
20250916T231544 - dba60,450,W,True,0.32843848353647737,0
20250916T231544 - dba60,451,N1,True,0.37106461929156226,0
20250916T231544 - dba60,452,N1,True,0.4380101090574437,0
20250916T231544 - dba60,453,N2,True,0.3802120550562688,0
20250916T231544 - dba60,454,N2,True,0.25060019135744194,0
20250916T231544 - dba60,455,N1,False,0.4177019262117718,0
20250916T231544 - dba60,456,N2,False,0.22966194226094735,0
20250916T231544 - dba60,457,N2,True,0.24776055531434615,0
20250916T231544 - dba60,458,N1,False,0.33519040640972564,0
20250916T231544 - dba60,459,N2,True,0.33848773076934857,0
20250916T231544 - dba60,460,N2,True,0.3122868024483601,0
20250916T231544 - dba60,461,N1,False,0.361098575200655,0
20250916T231544 - dba60,462,N1,False,0.4128227396929638,0
20250916T231544 - dba60,463,N2,True,0.37179542428236756,0
20250916T231544 - dba60,464,N2,False,0.35417565256906824,0
20250916T231544 - dba60,465,W,True,0.30142876577797667,0
20250916T231544 - dba60,466,N1,False,0.39691575406787616,0
20250916T231544 - dba60,467,N1,True,0.3663735363248975,0
20250916T231544 - dba60,468,N1,True,0.45257447875490153,0
20250916T231544 - dba60,469,N1,True,0.3832346133365174,0
20250916T231544 - dba60,470,N2,True,0.26638521863599895,0
20250916T231544 - dba60,471,N1,True,0.288772843830569,0
20250916T231544 - dba60,472,W,False,0.19823975740352764,0
20250916T231544 - dba60,473,W,False,0.4282091053613608,0
20250916T231544 - dba60,474,W,True,0.23901357546666413,0
20250916T231544 - dba60,475,N1,False,0.29955488819165754,0
20250916T231544 - dba60,476,W,False,0.4069498020404489,0
20250916T231544 - dba60,477,W,False,0.3175090334182431,0
20250916T231544 - dba60,478,N2,True,0.34268356914117026,0
20250916T231544 - dba60,479,N1,True,0.4414094586972513,0
20250916T231544 - dba60,480,N2,False,0.30176180004559683,0
20250916T231544 - dba60,481,N2,False,0.30096355127579866,0
20250916T231544 - dba60,482,N2,False,0.2520105960794103,0
20250916T231544 - dba60,483,N2,False,0.3497353089510695,0
20250916T231544 - dba60,484,N2,False,0.3384838553413394,0
20250916T231544 - dba60,485,REM,True,0.4815770366855208,0
20250916T231544 - dba60,486,REM,True,0.5467644852523366,1
20250916T231544 - dba60,487,REM,True,0.5811212213071788,1
20250916T231544 - dba60,488,REM,False,0.590795200231753,1
20250916T231544 - dba60,489,REM,True,0.599623232730588,1
20250916T231544 - dba60,490,REM,True,0.2692990273291594,0
20250916T231544 - dba60,491,REM,True,0.5960747625225704,1
20250916T231544 - dba60,492,REM,False,0.6087431443549441,1
20250916T231544 - dba60,493,REM,True,0.4985235544531313,0
20250916T231544 - dba60,494,REM,False,0.3834323301486233,0
20250916T231544 - dba60,495,REM,True,0.5864666262771717,1
20250916T231544 - dba60,496,REM,True,0.5032703806997478,1
20250916T231544 - dba60,497,REM,False,0.598694504666962,1
20250916T231544 - dba60,498,REM,False,0.3660181350905194,0
20250916T231544 - dba60,499,REM,True,0.6127745774015729,1
20250916T231544 - dba60,500,REM,True,0.6339995675738593,1
20250916T231544 - dba60,501,REM,False,0.477758331049825,0
20250916T231544 - dba60,502,REM,True,0.28560885382050627,0
20250916T231544 - dba60,503,W,True,0.37001217762502747,0
20250916T231544 - dba60,504,REM,True,0.5027559541746566,1
20250916T231544 - dba60,505,REM,False,0.2904517504730195,0
20250916T231544 - dba60,506,REM,True,0.4393386396172099,0
20250916T231544 - dba60,507,REM,False,0.4581498532858101,0
20250916T231544 - dba60,508,REM,True,0.6363018942428943,1
20250916T231544 - dba60,509,REM,False,0.5129276425796307,1
20250916T231544 - dba60,510,REM,True,0.5414778240003683,1
20250916T231544 - dba60,511,REM,False,0.47765011057753165,0
20250916T231544 - dba60,512,REM,False,0.5559152929205675,1
20250916T231544 - dba60,513,REM,False,0.5360578007838408,1
20250916T231544 - dba60,514,REM,False,0.5145604443604354,1
20250916T231544 - dba60,515,REM,True,0.5391207884129796,1
20250916T231544 - dba60,516,REM,False,0.3711781901023324,0
20250916T231544 - dba60,517,REM,False,0.5852040103281478,1
20250916T231544 - dba60,518,REM,True,0.37085484502492894,0
20250916T231544 - dba60,519,REM,True,0.36646041997373674,0
20250916T231544 - dba60,520,REM,False,0.33426599055736117,0
20250916T231544 - dba60,521,REM,True,0.39643411384771526,0
20250916T231544 - dba60,522,REM,True,0.38968514047639957,0
20250916T231544 - dba60,523,REM,False,0.29233801841227497,0
20250916T231544 - dba60,524,REM,False,0.2228296096344017,0
20250916T231544 - dba60,525,REM,False,0.33766741723984106,0
20250916T231544 - dba60,526,REM,True,0.4114986190439499,0
20250916T231544 - dba60,527,REM,True,0.5611288210661208,1
20250916T231544 - dba60,528,REM,False,0.4092542548665928,0
20250916T231544 - dba60,529,REM,True,0.5623534063314761,1
20250916T231544 - dba60,530,REM,False,0.40427919100179033,0
20250916T231544 - dba60,531,REM,True,0.5775501353312543,1
20250916T231544 - dba60,532,REM,True,0.3642884063244773,0
20250916T231544 - dba60,533,W,False,0.219189959518219,0
20250916T231544 - dba60,534,N1,False,0.3615876674868682,0
20250916T231544 - dba60,535,N1,True,0.287541388383787,0
20250916T231544 - dba60,536,N1,False,0.35546305978169024,0
20250916T231544 - dba60,537,N1,False,0.33358191011408983,0
20250916T231544 - dba60,538,N2,True,0.46935611013561734,0
20250916T231544 - dba60,539,N2,False,0.5397366555962398,1
20250916T231544 - dba60,540,N1,True,0.4143715023562599,0
20250916T231544 - dba60,541,N1,False,0.42105959433423074,0
20250916T231544 - dba60,542,N2,False,0.3675684519181048,0
20250916T231544 - dba60,543,N2,True,0.2980597718626076,0
20250916T231544 - dba60,544,N2,False,0.4060498153942389,0
20250916T231544 - dba60,545,N1,True,0.4366639603372359,0
20250916T231544 - dba60,546,N1,True,0.3927545901555826,0
20250916T231544 - dba60,547,N1,False,0.4149553006113692,0
20250916T231544 - dba60,548,N1,True,0.4242481069108649,0
20250916T231544 - dba60,549,N1,False,0.3531796847218159,0
20250916T231544 - dba60,550,N1,True,0.4552491074681649,0
20250916T231544 - dba60,551,N2,False,0.3190845222289887,0
20250916T231544 - dba60,552,N1,True,0.3553157824947262,0
20250916T231544 - dba60,553,N1,False,0.39466030867126245,0
20250916T231544 - dba60,554,N1,False,0.34332101483097055,0
20250916T231544 - dba60,555,N2,False,0.30677708677277093,0
20250916T231544 - dba60,556,N2,True,0.2619175672749368,0
20250916T231544 - dba60,557,N2,False,0.3203747107205658,0
20250916T231544 - dba60,558,N2,True,0.370638215498237,0
20250916T231544 - dba60,559,N1,False,0.47501023826304917,0
20250916T231544 - dba60,560,N1,True,0.5364856290861739,1
20250916T231544 - dba60,561,N2,False,0.3300803373254073,0
20250916T231544 - dba60,562,N1,False,0.313920112708206,0
20250916T231544 - dba60,563,N2,False,0.2278712909261118,0
20250916T231544 - dba60,564,N2,False,0.32920298610257015,0
20250916T231544 - dba60,565,N2,False,0.2941584745637926,0
20250916T231544 - dba60,566,N2,True,0.24059765128605679,0
20250916T231544 - dba60,567,N2,False,0.24932705310158063,0
20250916T231544 - dba60,568,N2,False,0.29134714162522946,0
20250916T231544 - dba60,569,N2,True,0.1922966033968456,0
20250916T231544 - dba60,570,N2,False,0.29602757828451604,0
20250916T231544 - dba60,571,N1,False,0.37136780534273556,0
20250916T231544 - dba60,572,N2,False,0.1892527833618685,0
20250916T231544 - dba60,573,N2,True,0.3032670203514385,0
20250916T231544 - dba60,574,N2,False,0.2772858600080222,0
20250916T231544 - dba60,575,N1,False,0.3181779638121202,0
20250916T231544 - dba60,576,N2,False,0.13794429089533577,0
20250916T231544 - dba60,577,N2,False,0.2010355571607731,0
20250916T231544 - dba60,578,N2,False,0.21943296139463897,0
20250916T231544 - dba60,579,N2,False,0.29012309475398235,0
20250916T231544 - dba60,580,N2,False,0.21140348432500425,0
20250916T231544 - dba60,581,N2,False,0.16181774990345268,0
20250916T231544 - dba60,582,N2,False,0.21248670363892966,0
20250916T231544 - dba60,583,N2,False,0.1819817558075201,0
20250916T231544 - dba60,584,N2,False,0.21725022392221008,0
20250916T231544 - dba60,585,N2,False,0.1769011140495908,0
20250916T231544 - dba60,586,N2,False,0.26834975243991865,0
20250916T231544 - dba60,587,N2,False,0.11538954229458945,0
20250916T231544 - dba60,588,N3,False,0.18123388635377777,0
20250916T231544 - dba60,589,N2,False,0.15246509319945278,0
20250916T231544 - dba60,590,N2,False,0.20617964619950033,0
20250916T231544 - dba60,591,N2,False,0.1359229405487009,0
20250916T231544 - dba60,592,N2,False,0.16649194524098793,0
20250916T231544 - dba60,593,N2,False,0.21810198833321098,0
20250916T231544 - dba60,594,N2,True,0.17588395230917783,0
20250916T231544 - dba60,595,N2,False,0.25242555516552767,0
20250916T231544 - dba60,596,N2,False,0.21798608579259443,0
20250916T231544 - dba60,597,N2,False,0.20617353875791142,0
20250916T231544 - dba60,598,N2,False,0.15979899894428842,0
20250916T231544 - dba60,599,N2,False,0.2066910747697462,0
20250916T231544 - dba60,600,N2,False,0.21862303843131656,0
20250916T231544 - dba60,601,N2,False,0.1419218808123706,0
20250916T231544 - dba60,602,N2,False,0.126798686953034,0
20250916T231544 - dba60,603,N3,False,0.1126357302388132,0
20250916T231544 - dba60,604,N2,False,0.1334388674348388,0
20250916T231544 - dba60,605,N2,False,0.18522647976269385,0
20250916T231544 - dba60,606,N2,False,0.1491988473369625,0
20250916T231544 - dba60,607,N2,False,0.20480468949156155,0
20250916T231544 - dba60,608,N2,True,0.22436267054637998,0
20250916T231544 - dba60,609,N2,False,0.24671932068006103,0
20250916T231544 - dba60,610,N3,False,0.17108228039908766,0
20250916T231544 - dba60,611,N2,False,0.14491452283403183,0
20250916T231544 - dba60,612,N2,False,0.1405586780875131,0
20250916T231544 - dba60,613,N2,False,0.14271739815154189,0
20250916T231544 - dba60,614,N3,False,0.14078824405912566,0
20250916T231544 - dba60,615,N2,False,0.12594185311749675,0
20250916T231544 - dba60,616,N2,False,0.1486520553988867,0
20250916T231544 - dba60,617,N2,False,0.16834151286183408,0
20250916T231544 - dba60,618,N3,False,0.14886887196769907,0
20250916T231544 - dba60,619,N2,False,0.14619372245989568,0
20250916T231544 - dba60,620,N2,False,0.13755276128685665,0
20250916T231544 - dba60,621,N3,False,0.12810981069102445,0
20250916T231544 - dba60,622,N2,False,0.14943140927643822,0
20250916T231544 - dba60,623,N3,False,0.07152939834523951,0
20250916T231544 - dba60,624,N3,False,0.1638003920184078,0
20250916T231544 - dba60,625,N2,True,0.19049784010412374,0
20250916T231544 - dba60,626,N2,False,0.18105992892521275,0
20250916T231544 - dba60,627,N3,False,0.2276268365327487,0
20250916T231544 - dba60,628,N3,False,0.14320096836903468,0
20250916T231544 - dba60,629,N2,False,0.1300526836736414,0
20250916T231544 - dba60,630,N3,False,0.1258953750727678,0
20250916T231544 - dba60,631,N3,False,0.2163067014333238,0
20250916T231544 - dba60,632,N3,False,0.14816782436523465,0
20250916T231544 - dba60,633,N2,False,0.16641710124547834,0
20250916T231544 - dba60,634,N3,False,0.11219630647394034,0
20250916T231544 - dba60,635,N2,False,0.16431679905367527,0
20250916T231544 - dba60,636,N3,False,0.11513389723032316,0
20250916T231544 - dba60,637,N3,False,0.2298430361074445,0
20250916T231544 - dba60,638,N2,False,0.1244113091958544,0
20250916T231544 - dba60,639,N3,False,0.09169057870559877,0
20250916T231544 - dba60,640,N3,False,0.08271601029159824,0
20250916T231544 - dba60,641,N3,False,0.12737879951044687,0
20250916T231544 - dba60,642,N3,True,0.1743800899530839,0
20250916T231544 - dba60,643,N2,False,0.11737512563634912,0
20250916T231544 - dba60,644,N3,True,0.22714684802648363,0
20250916T231544 - dba60,645,N2,False,0.21914954270345477,0
20250916T231544 - dba60,646,N2,False,0.11886939279843305,0
20250916T231544 - dba60,647,N3,False,0.09180319526153152,0
20250916T231544 - dba60,648,N3,False,0.09622792149432517,0
20250916T231544 - dba60,649,N3,False,0.07529690897965721,0
20250916T231544 - dba60,650,N3,False,0.09918997479411634,0
20250916T231544 - dba60,651,N2,False,0.1260325613858495,0
20250916T231544 - dba60,652,N3,False,0.09247779727432576,0
20250916T231544 - dba60,653,N3,False,0.16742680928796919,0
20250916T231544 - dba60,654,N2,True,0.2391318236628035,0
20250916T231544 - dba60,655,N2,True,0.21368428427138114,0
20250916T231544 - dba60,656,N1,False,0.3640305941771435,0
20250916T231544 - dba60,657,W,False,0.25663070558882334,0
20250916T231544 - dba60,658,W,False,0.37614968904891555,0
20250916T231544 - dba60,659,W,False,0.34118620255110604,0
20250916T231544 - dba60,660,W,True,0.4183440360486276,0
20250916T231544 - dba60,661,N1,True,0.31412358795114914,0
20250916T231544 - dba60,662,N1,True,0.38181515429167767,0
20250916T231544 - dba60,663,N1,False,0.3786916118651009,0
20250916T231544 - dba60,664,N1,True,0.4553745256281627,0
20250916T231544 - dba60,665,N1,False,0.4831334403758422,0
20250916T231544 - dba60,666,N2,False,0.26706566597716086,0
20250916T231544 - dba60,667,N2,False,0.2612017829182418,0
20250916T231544 - dba60,668,N2,False,0.25756162359967666,0
20250916T231544 - dba60,669,N2,False,0.23023078506804606,0
20250916T231544 - dba60,670,N2,False,0.2141580485082211,0
20250916T231544 - dba60,671,N2,False,0.21896980711176192,0
20250916T231544 - dba60,672,N2,False,0.17559658818926838,0
20250916T231544 - dba60,673,N2,False,0.2235449507707598,0
20250916T231544 - dba60,674,N2,False,0.2600068292845683,0
20250916T231544 - dba60,675,N2,False,0.2338026780382675,0
20250916T231544 - dba60,676,N2,False,0.271826874124266,0
20250916T231544 - dba60,677,N2,False,0.23207754150887616,0
20250916T231544 - dba60,678,N2,False,0.17376933219578083,0
20250916T231544 - dba60,679,N2,False,0.21240348442846732,0
20250916T231544 - dba60,680,N2,False,0.23489129893522026,0
20250916T231544 - dba60,681,N2,False,0.2058758135753749,0
20250916T231544 - dba60,682,N2,False,0.24526067386507625,0
20250916T231544 - dba60,683,N2,True,0.25764718166552664,0
20250916T231544 - dba60,684,N2,False,0.23770206358620868,0
20250916T231544 - dba60,685,N1,True,0.3393014803754518,0
20250916T231544 - dba60,686,N2,False,0.2174952264609532,0
20250916T231544 - dba60,687,N1,True,0.3767210118044895,0
20250916T231544 - dba60,688,N1,False,0.2410585694261535,0
20250916T231544 - dba60,689,N2,False,0.24313023790942104,0
20250916T231544 - dba60,690,N2,False,0.30613846142088275,0
20250916T231544 - dba60,691,N2,False,0.2637417641859547,0
20250916T231544 - dba60,692,N2,False,0.3039774945002448,0
20250916T231544 - dba60,693,N2,False,0.2665490446973144,0
20250916T231544 - dba60,694,N2,False,0.2867806641735508,0
20250916T231544 - dba60,695,N2,False,0.2881982992685225,0
20250916T231544 - dba60,696,N2,False,0.3021984979572445,0
20250916T231544 - dba60,697,N2,False,0.2543829600258961,0
20250916T231544 - dba60,698,N2,False,0.27558877140892546,0
20250916T231544 - dba60,699,N2,False,0.3274985389608371,0
20250916T231544 - dba60,700,N2,False,0.27978377351012507,0
20250916T231544 - dba60,701,N2,False,0.2869503275251122,0
20250916T231544 - dba60,702,N2,True,0.28674026420096,0
20250916T231544 - dba60,703,N2,False,0.36241459056646264,0
20250916T231544 - dba60,704,N2,False,0.29847472005266595,0
20250916T231544 - dba60,705,N2,False,0.2602238751325011,0
20250916T231544 - dba60,706,N2,False,0.31484837786825065,0
20250916T231544 - dba60,707,N2,False,0.30345323177650585,0
20250916T231544 - dba60,708,N2,False,0.31387680903307996,0
20250916T231544 - dba60,709,N2,False,0.2952784101408095,0
20250916T231544 - dba60,710,N2,False,0.29497470014169613,0
20250916T231544 - dba60,711,N2,False,0.32142442730048243,0
20250916T231544 - dba60,712,N2,True,0.3263186302465083,0
20250916T231544 - dba60,713,N2,False,0.288488870397673,0
20250916T231544 - dba60,714,N2,False,0.29743460670840993,0
20250916T231544 - dba60,715,N2,False,0.3242868750129599,0
20250916T231544 - dba60,716,N2,False,0.32129807021031875,0
20250916T231544 - dba60,717,N2,False,0.28365344258577385,0
20250916T231544 - dba60,718,N2,False,0.37063633510595395,0
20250916T231544 - dba60,719,N2,True,0.33460264287591385,0
20250916T231544 - dba60,720,N1,True,0.3169070140725907,0
20250916T233539 - d0f84,0,W,False,0.2755066495761454,0
20250916T233539 - d0f84,1,W,False,0.22533225825209982,0
20250916T233539 - d0f84,2,W,False,0.2866551492368892,0
20250916T233539 - d0f84,3,W,False,0.19988491100403516,0
20250916T233539 - d0f84,4,W,False,0.30614808672226457,0
20250916T233539 - d0f84,5,W,False,0.24283914038946622,0
20250916T233539 - d0f84,6,W,False,0.21085617005781562,0
20250916T233539 - d0f84,7,W,False,0.13988231239640564,0
20250916T233539 - d0f84,8,W,False,0.2247217996085825,0
20250916T233539 - d0f84,9,W,False,0.2205095165943338,0
20250916T233539 - d0f84,10,W,False,0.26424279191314476,0
20250916T233539 - d0f84,11,W,False,0.2585337606442146,0
20250916T233539 - d0f84,12,W,False,0.23905260471105158,0
20250916T233539 - d0f84,13,W,False,0.2493207242775873,0
20250916T233539 - d0f84,14,W,False,0.3144932946555203,0
20250916T233539 - d0f84,15,W,False,0.28351866417334987,0
20250916T233539 - d0f84,16,W,False,0.26784899531376777,0
20250916T233539 - d0f84,17,W,False,0.27109314024320663,0
20250916T233539 - d0f84,18,W,False,0.20478599507070874,0
20250916T233539 - d0f84,19,W,False,0.19065757301021352,0
20250916T233539 - d0f84,20,W,False,0.18985701351371786,0
20250916T233539 - d0f84,21,W,False,0.2360818782162214,0
20250916T233539 - d0f84,22,W,False,0.20304400920664606,0
20250916T233539 - d0f84,23,W,False,0.23868439082731027,0
20250916T233539 - d0f84,24,W,False,0.27352396511001176,0
20250916T233539 - d0f84,25,W,False,0.19234786025467765,0
20250916T233539 - d0f84,26,W,False,0.18436523955890244,0
20250916T233539 - d0f84,27,W,False,0.21995303312018755,0
20250916T233539 - d0f84,28,W,False,0.20858001948477578,0
20250916T233539 - d0f84,29,W,False,0.24674639410573682,0
20250916T233539 - d0f84,30,W,False,0.1748752566935789,0
20250916T233539 - d0f84,31,W,False,0.3203118881251856,0
20250916T233539 - d0f84,32,W,False,0.31817086839022896,0
20250916T233539 - d0f84,33,W,False,0.3158305516060382,0
20250916T233539 - d0f84,34,W,False,0.16849739325546736,0
20250916T233539 - d0f84,35,W,False,0.18611275125139312,0
20250916T233539 - d0f84,36,W,False,0.1382037893015992,0
20250916T233539 - d0f84,37,W,False,0.22734638283033184,0
20250916T233539 - d0f84,38,W,False,0.1891083875401505,0
20250916T233539 - d0f84,39,W,False,0.1575778771494404,0
20250916T233539 - d0f84,40,W,False,0.18891523462053797,0
20250916T233539 - d0f84,41,W,False,0.1733497616459962,0
20250916T233539 - d0f84,42,W,False,0.17829193381568742,0
20250916T233539 - d0f84,43,W,False,0.20469061569988456,0
20250916T233539 - d0f84,44,W,False,0.20574152017683087,0
20250916T233539 - d0f84,45,W,False,0.2542042510367292,0
20250916T233539 - d0f84,46,W,False,0.15651876734536702,0
20250916T233539 - d0f84,47,W,False,0.15514792116353335,0
20250916T233539 - d0f84,48,W,False,0.23270761659360403,0
20250916T233539 - d0f84,49,W,False,0.1975475467706996,0
20250916T233539 - d0f84,50,W,False,0.295279086367471,0
20250916T233539 - d0f84,51,W,False,0.3642713514904883,0
20250916T233539 - d0f84,52,W,False,0.4707749710106422,0
20250916T233539 - d0f84,53,W,False,0.314715153223007,0
20250916T233539 - d0f84,54,W,False,0.24880834249173367,0
20250916T233539 - d0f84,55,W,False,0.25808844473168785,0
20250916T233539 - d0f84,56,W,False,0.2968254880833603,0
20250916T233539 - d0f84,57,W,False,0.30931226512560406,0
20250916T233539 - d0f84,58,W,False,0.4619022811364384,0
20250916T233539 - d0f84,59,W,True,0.37644556666628354,0
20250916T233539 - d0f84,60,N1,False,0.453241578078481,0
20250916T233539 - d0f84,61,W,False,0.5358962444188731,1
20250916T233539 - d0f84,62,W,False,0.3881917702995055,0
20250916T233539 - d0f84,63,W,False,0.4034671783719901,0
20250916T233539 - d0f84,64,W,False,0.3496595742473582,0
20250916T233539 - d0f84,65,W,False,0.2543383043210411,0
20250916T233539 - d0f84,66,N1,True,0.3890723737261644,0
20250916T233539 - d0f84,67,W,False,0.37878892497262606,0
20250916T233539 - d0f84,68,W,False,0.4698714405623972,0
20250916T233539 - d0f84,69,N1,True,0.4131947810037516,0
20250916T233539 - d0f84,70,W,True,0.34694193416023006,0
20250916T233539 - d0f84,71,N1,False,0.43889927671561174,0
20250916T233539 - d0f84,72,N1,True,0.47695128455141855,0
20250916T233539 - d0f84,73,W,False,0.30140439461466845,0
20250916T233539 - d0f84,74,W,False,0.34160744798472237,0
20250916T233539 - d0f84,75,N1,False,0.38374955126319304,0
20250916T233539 - d0f84,76,N1,False,0.26262645271477153,0
20250916T233539 - d0f84,77,N1,False,0.32058550644602557,0
20250916T233539 - d0f84,78,N1,False,0.3195765089996325,0
20250916T233539 - d0f84,79,N1,False,0.3018143515440871,0
20250916T233539 - d0f84,80,N2,False,0.3188647671874806,0
20250916T233539 - d0f84,81,N2,False,0.24854797425089703,0
20250916T233539 - d0f84,82,N2,False,0.23962808595505805,0
20250916T233539 - d0f84,83,N2,False,0.2447643117742025,0
20250916T233539 - d0f84,84,N2,False,0.271598814292682,0
20250916T233539 - d0f84,85,N2,False,0.26024839634063685,0
20250916T233539 - d0f84,86,N2,False,0.23979116134418885,0
20250916T233539 - d0f84,87,N2,False,0.26034185697245993,0
20250916T233539 - d0f84,88,N2,False,0.31470291734372646,0
20250916T233539 - d0f84,89,N2,False,0.35388292111902897,0
20250916T233539 - d0f84,90,N2,False,0.2533790560805654,0
20250916T233539 - d0f84,91,N2,False,0.23797232453169476,0
20250916T233539 - d0f84,92,N2,False,0.2184162517053664,0
20250916T233539 - d0f84,93,N2,False,0.18209947040880792,0
20250916T233539 - d0f84,94,N2,False,0.20274579805434417,0
20250916T233539 - d0f84,95,N2,False,0.1948936626580514,0
20250916T233539 - d0f84,96,N2,False,0.27233834891923736,0
20250916T233539 - d0f84,97,N2,False,0.3088901008731609,0
20250916T233539 - d0f84,98,N2,False,0.19146505862797078,0
20250916T233539 - d0f84,99,N2,False,0.187314617096601,0
20250916T233539 - d0f84,100,N2,False,0.21585445479338045,0
20250916T233539 - d0f84,101,N2,False,0.19774565263857175,0
20250916T233539 - d0f84,102,N2,False,0.18393475750767926,0
20250916T233539 - d0f84,103,N2,False,0.1994485486960457,0
20250916T233539 - d0f84,104,N2,False,0.17755864805309404,0
20250916T233539 - d0f84,105,N2,False,0.27385656924962637,0
20250916T233539 - d0f84,106,N2,False,0.26809314831667774,0
20250916T233539 - d0f84,107,N3,False,0.1980787047296915,0
20250916T233539 - d0f84,108,N2,False,0.20002867645920866,0
20250916T233539 - d0f84,109,N2,False,0.2673808755038242,0
20250916T233539 - d0f84,110,N2,False,0.13927739116928853,0
20250916T233539 - d0f84,111,N2,False,0.1538605655334742,0
20250916T233539 - d0f84,112,N2,False,0.16842885495685206,0
20250916T233539 - d0f84,113,N2,False,0.1634829571641797,0
20250916T233539 - d0f84,114,N2,False,0.14808476052730934,0
20250916T233539 - d0f84,115,N2,False,0.13103867109489242,0
20250916T233539 - d0f84,116,N2,False,0.24653767060690812,0
20250916T233539 - d0f84,117,N2,False,0.17003762236540587,0
20250916T233539 - d0f84,118,N2,False,0.1491966223734659,0
20250916T233539 - d0f84,119,N2,False,0.15320406333035735,0
20250916T233539 - d0f84,120,N2,False,0.08370410427931638,0
20250916T233539 - d0f84,121,N3,False,0.13169444554092474,0
20250916T233539 - d0f84,122,N3,False,0.12639565033289263,0
20250916T233539 - d0f84,123,N2,False,0.17126241514536417,0
20250916T233539 - d0f84,124,N3,False,0.14848267435039192,0
20250916T233539 - d0f84,125,N2,False,0.14320935656593928,0
20250916T233539 - d0f84,126,N2,False,0.14787155433221957,0
20250916T233539 - d0f84,127,N2,False,0.16150767426907053,0
20250916T233539 - d0f84,128,N2,False,0.14991981862321127,0
20250916T233539 - d0f84,129,N2,False,0.1327324092141238,0
20250916T233539 - d0f84,130,N2,False,0.1258776721295301,0
20250916T233539 - d0f84,131,N2,False,0.15787901949748537,0
20250916T233539 - d0f84,132,N2,False,0.12838979399295541,0
20250916T233539 - d0f84,133,N2,False,0.12463567109109733,0
20250916T233539 - d0f84,134,N2,False,0.1372870439159738,0
20250916T233539 - d0f84,135,N2,False,0.1579142506387288,0
20250916T233539 - d0f84,136,N2,False,0.20140911495610175,0
20250916T233539 - d0f84,137,N2,False,0.09930215648928316,0
20250916T233539 - d0f84,138,N2,False,0.12252436758102915,0
20250916T233539 - d0f84,139,N3,False,0.14013219862518653,0
20250916T233539 - d0f84,140,N3,False,0.11879834267523917,0
20250916T233539 - d0f84,141,N2,False,0.21089478562573902,0
20250916T233539 - d0f84,142,N2,False,0.20365615145093774,0
20250916T233539 - d0f84,143,N2,False,0.1571128947734594,0
20250916T233539 - d0f84,144,N2,False,0.15765354668978593,0
20250916T233539 - d0f84,145,N2,False,0.13851315351248134,0
20250916T233539 - d0f84,146,N2,False,0.1759055391156259,0
20250916T233539 - d0f84,147,N3,False,0.2105806768305542,0
20250916T233539 - d0f84,148,N2,False,0.12787317252497682,0
20250916T233539 - d0f84,149,N2,False,0.15060150846323334,0
20250916T233539 - d0f84,150,N2,False,0.19679776029753535,0
20250916T233539 - d0f84,151,N3,False,0.25319925520592584,0
20250916T233539 - d0f84,152,N2,False,0.12753759453173,0
20250916T233539 - d0f84,153,N2,False,0.14781807884508555,0
20250916T233539 - d0f84,154,N2,False,0.10710058618355038,0
20250916T233539 - d0f84,155,N2,False,0.15821354262959259,0
20250916T233539 - d0f84,156,N3,False,0.1771445609684474,0
20250916T233539 - d0f84,157,N3,False,0.25076866409095794,0
20250916T233539 - d0f84,158,N2,False,0.1991045906770551,0
20250916T233539 - d0f84,159,N2,False,0.17778344311579083,0
20250916T233539 - d0f84,160,N2,False,0.18957613216173577,0
20250916T233539 - d0f84,161,N2,False,0.13381457039971378,0
20250916T233539 - d0f84,162,N2,False,0.18652576617704697,0
20250916T233539 - d0f84,163,N2,False,0.14117708111623314,0
20250916T233539 - d0f84,164,N2,True,0.18071720782361234,0
20250916T233539 - d0f84,165,W,False,0.2611983238111556,0
20250916T233539 - d0f84,166,W,False,0.21965799688794926,0
20250916T233539 - d0f84,167,W,False,0.2602326727057268,0
20250916T233539 - d0f84,168,W,True,0.22067411002135526,0
20250916T233539 - d0f84,169,N1,True,0.3758701969066749,0
20250916T233539 - d0f84,170,N1,False,0.3508636223706753,0
20250916T233539 - d0f84,171,N1,True,0.3313248670463089,0
20250916T233539 - d0f84,172,N1,True,0.36696163859562214,0
20250916T233539 - d0f84,173,N1,True,0.3533700635430562,0
20250916T233539 - d0f84,174,W,False,0.4169309302197069,0
20250916T233539 - d0f84,175,N1,False,0.40390519524764423,0
20250916T233539 - d0f84,176,N1,True,0.40399401436032095,0
20250916T233539 - d0f84,177,N1,False,0.36912595247477376,0
20250916T233539 - d0f84,178,W,False,0.4308297542002179,0
20250916T233539 - d0f84,179,W,True,0.27958841547721724,0
20250916T233539 - d0f84,180,N1,True,0.4479654147525015,0
20250916T233539 - d0f84,181,N1,True,0.502958614156951,1
20250916T233539 - d0f84,182,N1,False,0.535941346150373,1
20250916T233539 - d0f84,183,N1,False,0.43257602844453397,0
20250916T233539 - d0f84,184,N1,False,0.4342456580739271,0
20250916T233539 - d0f84,185,N1,False,0.35181180836195547,0
20250916T233539 - d0f84,186,N2,False,0.3351177020459508,0
20250916T233539 - d0f84,187,N2,True,0.29751557946089136,0
20250916T233539 - d0f84,188,W,True,0.42029424298420925,0
20250916T233539 - d0f84,189,N1,True,0.4108723570945838,0
20250916T233539 - d0f84,190,N1,False,0.5058008254379717,1
20250916T233539 - d0f84,191,W,False,0.1920678484061437,0
20250916T233539 - d0f84,192,W,False,0.21053936794693912,0
20250916T233539 - d0f84,193,W,False,0.2261709809550314,0
20250916T233539 - d0f84,194,N1,False,0.30200077814900017,0
20250916T233539 - d0f84,195,N1,False,0.24389911163677425,0
20250916T233539 - d0f84,196,N1,False,0.23052766491560706,0
20250916T233539 - d0f84,197,N1,False,0.2264371083537914,0
20250916T233539 - d0f84,198,N1,False,0.23826240561446102,0
20250916T233539 - d0f84,199,N1,False,0.20800937882851053,0
20250916T233539 - d0f84,200,N1,False,0.19596851993173955,0
20250916T233539 - d0f84,201,N2,False,0.1647305441531973,0
20250916T233539 - d0f84,202,N2,False,0.243972716757524,0
20250916T233539 - d0f84,203,REM,False,0.21380556105570256,0
20250916T233539 - d0f84,204,REM,False,0.18230825115773105,0
20250916T233539 - d0f84,205,REM,False,0.2509083334670451,0
20250916T233539 - d0f84,206,REM,False,0.2529087462930865,0
20250916T233539 - d0f84,207,REM,False,0.24576648273875784,0
20250916T233539 - d0f84,208,REM,True,0.20208144771639477,0
20250916T233539 - d0f84,209,REM,False,0.2815860292619132,0
20250916T233539 - d0f84,210,REM,False,0.2268527818584967,0
20250916T233539 - d0f84,211,REM,False,0.20832641404034571,0
20250916T233539 - d0f84,212,REM,False,0.1681739990191188,0
20250916T233539 - d0f84,213,REM,True,0.19987364019500603,0
20250916T233539 - d0f84,214,REM,False,0.240457106612614,0
20250916T233539 - d0f84,215,REM,False,0.23990112738085986,0
20250916T233539 - d0f84,216,REM,False,0.17029232908060593,0
20250916T233539 - d0f84,217,REM,False,0.17066298978564456,0
20250916T233539 - d0f84,218,REM,False,0.1969476746180466,0
20250916T233539 - d0f84,219,REM,True,0.22120686883651255,0
20250916T233539 - d0f84,220,REM,False,0.21250506609168873,0
20250916T233539 - d0f84,221,REM,False,0.23667953939560768,0
20250916T233539 - d0f84,222,REM,True,0.22782989293363254,0
20250916T233539 - d0f84,223,REM,True,0.30180403644879233,0
20250916T233539 - d0f84,224,REM,False,0.251218188611846,0
20250916T233539 - d0f84,225,REM,False,0.2131098039613136,0
20250916T233539 - d0f84,226,REM,False,0.21564869304110906,0
20250916T233539 - d0f84,227,REM,False,0.23339837407946362,0
20250916T233539 - d0f84,228,REM,False,0.2194921813741602,0
20250916T233539 - d0f84,229,REM,False,0.1523485238701482,0
20250916T233539 - d0f84,230,REM,False,0.1604449877345465,0
20250916T233539 - d0f84,231,REM,False,0.17421557106238056,0
20250916T233539 - d0f84,232,REM,False,0.16959046572805284,0
20250916T233539 - d0f84,233,REM,False,0.2858251745333477,0
20250916T233539 - d0f84,234,REM,False,0.21361173306372178,0
20250916T233539 - d0f84,235,REM,False,0.13921724932459734,0
20250916T233539 - d0f84,236,REM,False,0.18394745427545373,0
20250916T233539 - d0f84,237,REM,True,0.14428868654481186,0
20250916T233539 - d0f84,238,REM,False,0.188102787877403,0
20250916T233539 - d0f84,239,REM,True,0.23585908627492128,0
20250916T233539 - d0f84,240,REM,False,0.2998872422503187,0
20250916T233539 - d0f84,241,W,False,0.23557264275025386,0
20250916T233539 - d0f84,242,W,False,0.14608824888119554,0
20250916T233539 - d0f84,243,N1,False,0.27622894276697685,0
20250916T233539 - d0f84,244,N1,False,0.3356902214751117,0
20250916T233539 - d0f84,245,N1,False,0.3738460875586601,0
20250916T233539 - d0f84,246,N1,False,0.3531610806328132,0
20250916T233539 - d0f84,247,N1,False,0.31007721644473496,0
20250916T233539 - d0f84,248,N1,False,0.30795416593242225,0
20250916T233539 - d0f84,249,N1,False,0.3469473319843626,0
20250916T233539 - d0f84,250,N1,False,0.2806702347530642,0
20250916T233539 - d0f84,251,N1,False,0.23918413429433527,0
20250916T233539 - d0f84,252,N1,False,0.2707766400465058,0
20250916T233539 - d0f84,253,N1,False,0.2987450001165319,0
20250916T233539 - d0f84,254,N1,False,0.22060966440914195,0
20250916T233539 - d0f84,255,N2,False,0.28106231226430983,0
20250916T233539 - d0f84,256,N2,False,0.23864070695961775,0
20250916T233539 - d0f84,257,N2,False,0.23213608711986417,0
20250916T233539 - d0f84,258,N2,False,0.21686770478015804,0
20250916T233539 - d0f84,259,N2,False,0.20178117436844537,0
20250916T233539 - d0f84,260,N2,False,0.2437132658579248,0
20250916T233539 - d0f84,261,N2,False,0.20022958656288073,0
20250916T233539 - d0f84,262,N2,False,0.23366583010697176,0
20250916T233539 - d0f84,263,N2,False,0.1787582782159649,0
20250916T233539 - d0f84,264,N2,False,0.24406878189836578,0
20250916T233539 - d0f84,265,N2,False,0.16822090094897704,0
20250916T233539 - d0f84,266,N2,False,0.1397092612248079,0
20250916T233539 - d0f84,267,N2,False,0.18812275654202928,0
20250916T233539 - d0f84,268,N2,False,0.18497212952362638,0
20250916T233539 - d0f84,269,N2,False,0.17340248904768432,0
20250916T233539 - d0f84,270,N2,False,0.14861397197281706,0
20250916T233539 - d0f84,271,N2,False,0.12628657528553677,0
20250916T233539 - d0f84,272,N2,False,0.2046114495723144,0
20250916T233539 - d0f84,273,N2,False,0.18784175350244997,0
20250916T233539 - d0f84,274,N2,False,0.17104604153474956,0
20250916T233539 - d0f84,275,N2,False,0.17347380268330034,0
20250916T233539 - d0f84,276,N2,False,0.1565395723667081,0
20250916T233539 - d0f84,277,N2,False,0.17810626741195457,0
20250916T233539 - d0f84,278,N2,False,0.12621867822349658,0
20250916T233539 - d0f84,279,N2,False,0.1479277127209757,0
20250916T233539 - d0f84,280,N2,False,0.10685322720499808,0
20250916T233539 - d0f84,281,N2,False,0.2025100661849967,0
20250916T233539 - d0f84,282,N2,False,0.15391660352409275,0
20250916T233539 - d0f84,283,N2,False,0.11288005640240623,0
20250916T233539 - d0f84,284,N2,False,0.11224662134452679,0
20250916T233539 - d0f84,285,N2,False,0.17127553503001292,0
20250916T233539 - d0f84,286,N2,False,0.13763535610781447,0
20250916T233539 - d0f84,287,N2,False,0.1500663506671079,0
20250916T233539 - d0f84,288,N2,False,0.1331478773800588,0
20250916T233539 - d0f84,289,N2,False,0.10459767274258577,0
20250916T233539 - d0f84,290,N2,False,0.12386543279888325,0
20250916T233539 - d0f84,291,N2,False,0.12490762148300721,0
20250916T233539 - d0f84,292,N2,False,0.13280697773195974,0
20250916T233539 - d0f84,293,N2,False,0.10049947004656733,0
20250916T233539 - d0f84,294,N2,False,0.09228316890799274,0
20250916T233539 - d0f84,295,N2,False,0.08619065664442703,0
20250916T233539 - d0f84,296,N2,False,0.15457162522286927,0
20250916T233539 - d0f84,297,N2,False,0.1134125108787967,0
20250916T233539 - d0f84,298,N2,False,0.15511566134312638,0
20250916T233539 - d0f84,299,N3,False,0.20525111198476295,0
20250916T233539 - d0f84,300,N2,False,0.12179966140923103,0
20250916T233539 - d0f84,301,N2,False,0.11907413807863543,0
20250916T233539 - d0f84,302,N2,False,0.11297728923811898,0
20250916T233539 - d0f84,303,N2,False,0.16058011557513516,0
20250916T233539 - d0f84,304,N2,True,0.09114332556817475,0
20250916T233539 - d0f84,305,N2,False,0.3388054354839724,0
20250916T233539 - d0f84,306,W,False,0.30675831331606085,0
20250916T233539 - d0f84,307,W,True,0.2863410109090098,0
20250916T233539 - d0f84,308,N1,True,0.3855252654753088,0
20250916T233539 - d0f84,309,N1,True,0.3343915364015592,0
20250916T233539 - d0f84,310,N1,False,0.35194607790740884,0
20250916T233539 - d0f84,311,N1,True,0.3693773483111374,0
20250916T233539 - d0f84,312,N1,True,0.4213375656882344,0
20250916T233539 - d0f84,313,N1,False,0.3954040776562029,0
20250916T233539 - d0f84,314,W,False,0.28961061735047733,0
20250916T233539 - d0f84,315,W,True,0.3090546416622848,0
20250916T233539 - d0f84,316,N1,False,0.4215963825435772,0
20250916T233539 - d0f84,317,N1,True,0.5142702018179283,1
20250916T233539 - d0f84,318,N1,False,0.4286750690787979,0
20250916T233539 - d0f84,319,N1,True,0.5042507426620961,1
20250916T233539 - d0f84,320,N1,False,0.4347992208639627,0
20250916T233539 - d0f84,321,W,True,0.33866968010284837,0
20250916T233539 - d0f84,322,N1,True,0.5425362650813025,1
20250916T233539 - d0f84,323,N1,True,0.4742796237830679,0
20250916T233539 - d0f84,324,N1,True,0.6231637780659534,1
20250916T233539 - d0f84,325,N1,False,0.5716605073848529,1
20250916T233539 - d0f84,326,W,True,0.5338266168814391,1
20250916T233539 - d0f84,327,N1,False,0.45096103947188004,0
20250916T233539 - d0f84,328,W,False,0.25853830292460944,0
20250916T233539 - d0f84,329,N1,True,0.3330733382093969,0
20250916T233539 - d0f84,330,N1,False,0.47736643069868584,0
20250916T233539 - d0f84,331,N1,True,0.3967321762249554,0
20250916T233539 - d0f84,332,N1,True,0.4180572294017836,0
20250916T233539 - d0f84,333,N1,False,0.48443393000383117,0
20250916T233539 - d0f84,334,N1,False,0.3547830665403524,0
20250916T233539 - d0f84,335,N1,False,0.2595084975142823,0
20250916T233539 - d0f84,336,N1,True,0.36072845890304395,0
20250916T233539 - d0f84,337,W,False,0.3132847230111584,0
20250916T233539 - d0f84,338,W,True,0.1983389881468293,0
20250916T233539 - d0f84,339,N1,False,0.5102432195085617,1
20250916T233539 - d0f84,340,W,True,0.3163998229737993,0
20250916T233539 - d0f84,341,N1,False,0.5076441928054102,1
20250916T233539 - d0f84,342,W,True,0.2989990637386508,0
20250916T233539 - d0f84,343,N1,False,0.43399667958576255,0
20250916T233539 - d0f84,344,N1,True,0.5065827079460423,1
20250916T233539 - d0f84,345,W,False,0.3873218923086184,0
20250916T233539 - d0f84,346,N1,True,0.41390306261763443,0
20250916T233539 - d0f84,347,N1,False,0.3967000564479274,0
20250916T233539 - d0f84,348,W,False,0.2835133773112744,0
20250916T233539 - d0f84,349,W,True,0.187153908554845,0
20250916T233539 - d0f84,350,N1,True,0.42527603311959056,0
20250916T233539 - d0f84,351,N1,True,0.49742045694129916,0
20250916T233539 - d0f84,352,N1,True,0.42963782227038183,0
20250916T233539 - d0f84,353,N1,False,0.41585156921628796,0
20250916T233539 - d0f84,354,N1,True,0.5125299643539983,1
20250916T233539 - d0f84,355,N1,False,0.3971762691344495,0
20250916T233539 - d0f84,356,N2,True,0.3439228219111473,0
20250916T233539 - d0f84,357,N1,False,0.4414488224440186,0
20250916T233539 - d0f84,358,N1,False,0.49087756626341156,0
20250916T233539 - d0f84,359,N2,False,0.3389055884424939,0
20250916T233539 - d0f84,360,N2,False,0.3189646921632913,0
20250916T233539 - d0f84,361,N2,False,0.24844947211933044,0
20250916T233539 - d0f84,362,N2,False,0.2549000380151303,0
20250916T233539 - d0f84,363,N2,False,0.3147319050244053,0
20250916T233539 - d0f84,364,N2,False,0.2950914173857724,0
20250916T233539 - d0f84,365,N2,False,0.3091147354674579,0
20250916T233539 - d0f84,366,N2,False,0.28123243605387305,0
20250916T233539 - d0f84,367,N2,False,0.2593726693762096,0
20250916T233539 - d0f84,368,N2,False,0.3698379474777926,0
20250916T233539 - d0f84,369,N2,False,0.24018282922468803,0
20250916T233539 - d0f84,370,N2,True,0.29537558849910256,0
20250916T233539 - d0f84,371,N2,False,0.28878696079600635,0
20250916T233539 - d0f84,372,W,False,0.2076481365696226,0
20250916T233539 - d0f84,373,W,False,0.25348159340227205,0
20250916T233539 - d0f84,374,W,False,0.25423028371829604,0
20250916T233539 - d0f84,375,W,False,0.25460023324624625,0
20250916T233539 - d0f84,376,W,False,0.1414480245978373,0
20250916T233539 - d0f84,377,W,False,0.19289199302555246,0
20250916T233539 - d0f84,378,W,False,0.2548808503200797,0
20250916T233539 - d0f84,379,W,False,0.18226424799706298,0
20250916T233539 - d0f84,380,W,False,0.13845463407258557,0
20250916T233539 - d0f84,381,W,False,0.1736197846825062,0
20250916T233539 - d0f84,382,W,False,0.19377527074962797,0
20250916T233539 - d0f84,383,W,False,0.1956176709403557,0
20250916T233539 - d0f84,384,W,False,0.16482920204472845,0
20250916T233539 - d0f84,385,W,False,0.20298312257677897,0
20250916T233539 - d0f84,386,W,False,0.20392806419814147,0
20250916T233539 - d0f84,387,W,False,0.19366318995228599,0
20250916T233539 - d0f84,388,W,False,0.18140900135341578,0
20250916T233539 - d0f84,389,W,False,0.20401819843198155,0
20250916T233539 - d0f84,390,W,False,0.11924906212502254,0
20250916T233539 - d0f84,391,W,False,0.19002331242032208,0
20250916T233539 - d0f84,392,W,False,0.1781020714551987,0
20250916T233539 - d0f84,393,W,False,0.24364321000459507,0
20250916T233539 - d0f84,394,W,False,0.2424553229282065,0
20250916T233539 - d0f84,395,W,False,0.18494652211865464,0
20250916T233539 - d0f84,396,W,False,0.19826791118777984,0
20250916T233539 - d0f84,397,W,False,0.2267666834910307,0
20250916T233539 - d0f84,398,W,False,0.20445758378932283,0
20250916T233539 - d0f84,399,W,False,0.20527628641548185,0
20250916T233539 - d0f84,400,W,False,0.21780071434402054,0
20250916T233539 - d0f84,401,W,False,0.17924281250589807,0
20250916T233539 - d0f84,402,W,False,0.17558998116005597,0
20250916T233539 - d0f84,403,W,False,0.15819729028368468,0
20250916T233539 - d0f84,404,W,False,0.12565772372120196,0
20250916T233539 - d0f84,405,W,False,0.16675584818445255,0
20250916T233539 - d0f84,406,W,False,0.2143400356276067,0
20250916T233539 - d0f84,407,W,False,0.28994982135976644,0
20250916T233539 - d0f84,408,W,False,0.3002548637464056,0
20250916T233539 - d0f84,409,W,False,0.1935129673603867,0
20250916T233539 - d0f84,410,W,False,0.17741126603009813,0
20250916T233539 - d0f84,411,W,False,0.18244217356175824,0
20250916T233539 - d0f84,412,W,False,0.19155994705617085,0
20250916T233539 - d0f84,413,W,False,0.2005419045030263,0
20250916T233539 - d0f84,414,W,False,0.18324431798170016,0
20250916T233539 - d0f84,415,W,False,0.15979286686125405,0
20250916T233539 - d0f84,416,W,False,0.30551452155387576,0
20250916T233539 - d0f84,417,W,False,0.2160202046488255,0
20250916T233539 - d0f84,418,W,False,0.19376670086297484,0
20250916T233539 - d0f84,419,W,False,0.19520882561038033,0
20250916T233539 - d0f84,420,W,False,0.19677913330154204,0
20250916T233539 - d0f84,421,W,False,0.1530662742247884,0
20250916T233539 - d0f84,422,W,False,0.17640106245177375,0
20250916T233539 - d0f84,423,W,False,0.19232477233371795,0
20250916T233539 - d0f84,424,W,False,0.1958767055759151,0
20250916T233539 - d0f84,425,W,False,0.15453833583734344,0
20250916T233539 - d0f84,426,W,False,0.1879201803369689,0
20250916T233539 - d0f84,427,W,False,0.15345847922768974,0
20250916T233539 - d0f84,428,W,False,0.19136473322344114,0
20250916T233539 - d0f84,429,W,False,0.3214141377584721,0
20250916T233539 - d0f84,430,W,False,0.3068183539185636,0
20250916T233539 - d0f84,431,W,False,0.14989726822812538,0
20250916T233539 - d0f84,432,W,False,0.1833418815046017,0
20250916T233539 - d0f84,433,W,False,0.15034965745751866,0
20250916T233539 - d0f84,434,W,False,0.1530497957248741,0
20250916T233539 - d0f84,435,W,False,0.15869804783270516,0
20250916T233539 - d0f84,436,W,False,0.16755247203749332,0
20250916T233539 - d0f84,437,W,False,0.12753089438736265,0
20250916T233539 - d0f84,438,W,False,0.1355233062004714,0
20250916T233539 - d0f84,439,W,False,0.16130315246483498,0
20250916T233539 - d0f84,440,W,False,0.11649382634550759,0
20250916T233539 - d0f84,441,W,False,0.12942057148086733,0
20250916T233539 - d0f84,442,W,False,0.14135294773155319,0
20250916T233539 - d0f84,443,W,False,0.16699090767155936,0
20250916T233539 - d0f84,444,W,False,0.16433013270766575,0
20250916T233539 - d0f84,445,W,False,0.13774769302053824,0
20250916T233539 - d0f84,446,W,False,0.1053690341886948,0
20250916T233539 - d0f84,447,W,False,0.10649865363151134,0
20250916T233539 - d0f84,448,W,False,0.13930217232166917,0
20250916T233539 - d0f84,449,W,False,0.13729353576318878,0
20250916T233539 - d0f84,450,W,False,0.11801182182901383,0
20250916T233539 - d0f84,451,W,False,0.11660726984050598,0
20250916T233539 - d0f84,452,W,False,0.13417085347605595,0
20250916T233539 - d0f84,453,W,False,0.12133050787753344,0
20250916T233539 - d0f84,454,W,False,0.11451897900726461,0
20250916T233539 - d0f84,455,W,False,0.151826308050535,0
20250916T233539 - d0f84,456,W,False,0.13282727607838754,0
20250916T233539 - d0f84,457,W,False,0.1590559416270931,0
20250916T233539 - d0f84,458,W,False,0.18485407208446297,0
20250916T233539 - d0f84,459,W,False,0.12715162238320737,0
20250916T233539 - d0f84,460,W,False,0.14313338339740686,0
20250916T233539 - d0f84,461,W,False,0.1369818364122909,0
20250916T233539 - d0f84,462,W,False,0.15871067458254462,0
20250916T233539 - d0f84,463,W,False,0.11993283018656546,0
20250916T233539 - d0f84,464,W,False,0.1367808891767525,0
20250916T233539 - d0f84,465,W,False,0.15006751121913597,0
20250916T233539 - d0f84,466,W,False,0.10541814614042216,0
20250916T233539 - d0f84,467,W,False,0.12002537742759552,0
20250916T233539 - d0f84,468,W,False,0.1495512113117708,0
20250916T233539 - d0f84,469,W,False,0.10944591933829032,0
20250916T233539 - d0f84,470,W,False,0.08803883946429743,0
20250916T233539 - d0f84,471,W,False,0.1703655863307336,0
20250916T233539 - d0f84,472,W,False,0.13920813426557946,0
20250916T233539 - d0f84,473,W,False,0.10089753469338143,0
20250916T233539 - d0f84,474,W,False,0.1195620012078083,0
20250916T233539 - d0f84,475,W,False,0.13787721189159682,0
20250916T233539 - d0f84,476,W,False,0.10710060308179799,0
20250916T233539 - d0f84,477,W,False,0.18617768270992843,0
20250916T233539 - d0f84,478,W,False,0.13870897367316978,0
20250916T233539 - d0f84,479,W,False,0.09535092267264104,0
20250916T233539 - d0f84,480,W,False,0.11079091971664164,0
20250916T233539 - d0f84,481,W,False,0.13641957956092043,0
20250916T233539 - d0f84,482,W,False,0.16985658721377545,0
20250916T233539 - d0f84,483,W,False,0.10599695958585531,0
20250916T233539 - d0f84,484,W,False,0.12360648519871933,0
20250916T233539 - d0f84,485,W,False,0.1285933178132445,0
20250916T233539 - d0f84,486,W,False,0.1878241636998839,0
20250916T233539 - d0f84,487,W,False,0.1254202235477707,0
20250916T233539 - d0f84,488,W,False,0.12790892201409396,0
20250916T233539 - d0f84,489,W,False,0.11403750650839369,0
20250916T233539 - d0f84,490,W,False,0.11209405469911195,0
20250916T233539 - d0f84,491,W,False,0.14003033360285846,0
20250916T233539 - d0f84,492,W,False,0.07497113159762453,0
20250916T233539 - d0f84,493,W,False,0.1264341457727464,0
20250916T233539 - d0f84,494,W,False,0.1317977026367366,0
20250916T233539 - d0f84,495,W,False,0.1555207701958941,0
20250916T233539 - d0f84,496,W,False,0.08840270271481657,0
20250916T233539 - d0f84,497,W,False,0.1381047571166258,0
20250916T233539 - d0f84,498,W,False,0.0960152078770771,0
20250916T233539 - d0f84,499,W,False,0.08766639700880507,0
20250916T233539 - d0f84,500,W,False,0.11305353294048355,0
20250916T233539 - d0f84,501,W,False,0.06985353575733287,0
20250916T233539 - d0f84,502,W,False,0.11824829952356364,0
20250916T233539 - d0f84,503,W,False,0.1520588995035632,0
20250916T233539 - d0f84,504,W,False,0.1473063120549109,0
20250916T233539 - d0f84,505,W,False,0.14002362477169628,0
20250916T233539 - d0f84,506,W,False,0.17111605800266158,0
20250916T233539 - d0f84,507,W,False,0.07137724693058427,0
20250916T233539 - d0f84,508,W,False,0.14196725750643893,0
20250916T233539 - d0f84,509,W,False,0.10170978973804007,0
20250916T233539 - d0f84,510,W,False,0.11040803741069626,0
20250916T233539 - d0f84,511,W,False,0.0582125379265184,0
20250916T233539 - d0f84,512,W,False,0.09851946747538033,0
20250916T233539 - d0f84,513,W,False,0.06993557438196764,0
20250916T233539 - d0f84,514,W,False,0.07239817800523665,0
20250916T233539 - d0f84,515,W,False,0.11562604454980237,0
20250916T233539 - d0f84,516,W,False,0.11540735318436711,0
20250916T233539 - d0f84,517,W,False,0.1372647553032954,0
20250916T233539 - d0f84,518,W,False,0.24457742838604307,0
20250916T233539 - d0f84,519,W,False,0.13349099918790786,0
20250916T233539 - d0f84,520,W,False,0.1502408228803247,0
20250916T233539 - d0f84,521,W,False,0.26188876226165925,0
20250916T233539 - d0f84,522,W,False,0.28267002008232067,0
20250916T233539 - d0f84,523,W,False,0.14986280967547538,0
20250916T233539 - d0f84,524,W,False,0.13287581147207517,0
20250916T233539 - d0f84,525,W,False,0.1545869845455965,0
20250916T233539 - d0f84,526,W,False,0.26287455380570135,0
20250916T233539 - d0f84,527,W,False,0.26757081561165386,0
20250916T233539 - d0f84,528,W,False,0.2307577691722954,0
20250916T233539 - d0f84,529,W,False,0.2190805180313334,0
20250916T233539 - d0f84,530,W,False,0.18076061746535296,0
20250916T233539 - d0f84,531,W,False,0.16626560083236797,0
20250916T233539 - d0f84,532,W,False,0.2848064985681327,0
20250916T233539 - d0f84,533,W,False,0.26771578638461563,0
20250916T233539 - d0f84,534,W,False,0.3548548399939568,0
20250916T233539 - d0f84,535,W,False,0.19839499729668197,0
20250916T233539 - d0f84,536,W,False,0.17174258075110785,0
20250916T233539 - d0f84,537,W,False,0.19691949017744798,0
20250916T233539 - d0f84,538,W,False,0.16066268332385647,0
20250916T233539 - d0f84,539,W,False,0.190475175684381,0
20250916T233539 - d0f84,540,W,False,0.1899125533369471,0
20250916T233539 - d0f84,541,W,False,0.16340732478900413,0
20250916T233539 - d0f84,542,W,False,0.16936937003965868,0
20250916T233539 - d0f84,543,W,False,0.3734631308460895,0
20250916T233539 - d0f84,544,W,False,0.21644475268732374,0
20250916T233539 - d0f84,545,W,False,0.26416167549909586,0
20250916T233539 - d0f84,546,W,False,0.15462586455168043,0
20250916T233539 - d0f84,547,W,False,0.14762279858714916,0
20250916T233539 - d0f84,548,W,False,0.15039178953281382,0
20250916T233539 - d0f84,549,W,False,0.18098474351920454,0
20250916T233539 - d0f84,550,W,False,0.24392446980502402,0
20250916T233539 - d0f84,551,W,False,0.17395180879567185,0
20250916T233539 - d0f84,552,W,False,0.2743991293383479,0
20250916T233539 - d0f84,553,W,False,0.25546328215255676,0
20250916T233539 - d0f84,554,W,False,0.24286204873204564,0
20250916T233539 - d0f84,555,W,False,0.24382046951124206,0
20250916T233539 - d0f84,556,W,False,0.19419815746570954,0
20250916T233539 - d0f84,557,W,False,0.25512591940408164,0
20250916T233539 - d0f84,558,N1,False,0.3108619331300767,0
20250916T233539 - d0f84,559,N1,False,0.26054567441017285,0
20250916T233539 - d0f84,560,N1,True,0.3865384368035242,0
20250916T233539 - d0f84,561,W,True,0.2151909254016305,0
20250916T233539 - d0f84,562,N1,False,0.3368470002085003,0
20250916T233539 - d0f84,563,W,False,0.306198220362915,0
20250916T233539 - d0f84,564,N1,True,0.3571442402784127,0
20250916T233539 - d0f84,565,W,False,0.29118200544825734,0
20250916T233539 - d0f84,566,N1,True,0.41021112097519663,0
20250916T233539 - d0f84,567,N1,False,0.3502160763987044,0
20250916T233539 - d0f84,568,W,False,0.39374716500157597,0
20250916T233539 - d0f84,569,N1,True,0.3316531338247829,0
20250916T233539 - d0f84,570,N1,False,0.38676522035560085,0
20250916T233539 - d0f84,571,N1,True,0.3701536079371522,0
20250916T233539 - d0f84,572,N1,False,0.40973575791163275,0
20250916T233539 - d0f84,573,W,False,0.3158302506150317,0
20250916T233539 - d0f84,574,N1,True,0.3894331991905837,0
20250916T233539 - d0f84,575,W,True,0.39266138601895095,0
20250916T233539 - d0f84,576,N1,False,0.5075323925668638,1
20250916T233539 - d0f84,577,W,False,0.21463121676882024,0
20250916T233539 - d0f84,578,W,False,0.2097756039212732,0
20250916T233539 - d0f84,579,W,False,0.28232284045076383,0
20250916T233539 - d0f84,580,N1,False,0.27249751393160077,0
20250916T233539 - d0f84,581,N1,False,0.2034252157687005,0
20250916T233539 - d0f84,582,N1,False,0.23455436827419707,0
20250916T233539 - d0f84,583,N1,False,0.21938593501421383,0
20250916T233539 - d0f84,584,N1,False,0.22734463494012647,0
20250916T233539 - d0f84,585,N1,False,0.20371920769386598,0
20250916T233539 - d0f84,586,N1,False,0.25436503366696156,0
20250916T233539 - d0f84,587,N1,False,0.29445420283100787,0
20250916T233539 - d0f84,588,N2,False,0.18289349850813097,0
20250916T233539 - d0f84,589,N2,False,0.12832432388070186,0
20250916T233539 - d0f84,590,N2,False,0.1905706332479694,0
20250916T233539 - d0f84,591,N2,False,0.15030812323859372,0
20250916T233539 - d0f84,592,N2,False,0.17432386518427323,0
20250916T233539 - d0f84,593,N2,False,0.1548825859288691,0
20250916T233539 - d0f84,594,N2,False,0.18135082691649232,0
20250916T233539 - d0f84,595,N2,False,0.19849857513375568,0
20250916T233539 - d0f84,596,N2,False,0.18189046333323952,0
20250916T233539 - d0f84,597,N2,False,0.1525349481739359,0
20250916T233539 - d0f84,598,N2,False,0.20885267105717645,0
20250916T233539 - d0f84,599,N2,False,0.1606431623260965,0
20250916T233539 - d0f84,600,N2,False,0.14355682827860253,0
20250916T233539 - d0f84,601,N2,False,0.17130974113928865,0
20250916T233539 - d0f84,602,N2,False,0.2187681765952888,0
20250916T233539 - d0f84,603,N2,False,0.15877376686114203,0
20250916T233539 - d0f84,604,N2,False,0.20720119074116275,0
20250916T233539 - d0f84,605,N2,False,0.13775080470958284,0
20250916T233539 - d0f84,606,N2,False,0.15637349240487067,0
20250916T233539 - d0f84,607,N2,False,0.16139767736542887,0
20250916T233539 - d0f84,608,N2,False,0.1273872047577697,0
20250916T233539 - d0f84,609,N2,False,0.15467750612598943,0
20250916T233539 - d0f84,610,N2,False,0.12306880698474516,0
20250916T233539 - d0f84,611,N2,False,0.18786056922011407,0
20250916T233539 - d0f84,612,N2,False,0.1760666515534645,0
20250916T233539 - d0f84,613,N2,False,0.1506499095758259,0
20250916T233539 - d0f84,614,N2,False,0.13782802315628945,0
20250916T233539 - d0f84,615,N2,False,0.1293878814359573,0
20250916T233539 - d0f84,616,N2,False,0.13336856605323588,0
20250916T233539 - d0f84,617,N2,False,0.11991808932344494,0
20250916T233539 - d0f84,618,N2,False,0.12020436577422443,0
20250916T233539 - d0f84,619,N2,False,0.1170635872513169,0
20250916T233539 - d0f84,620,N2,False,0.09422260889695463,0
20250916T233539 - d0f84,621,N2,False,0.09267737633044275,0
20250916T233539 - d0f84,622,N2,False,0.156709492390438,0
20250916T233539 - d0f84,623,N2,False,0.16560447873978845,0
20250916T233539 - d0f84,624,N2,False,0.10799971165135076,0
20250916T233539 - d0f84,625,N2,False,0.15750051820277572,0
20250916T233539 - d0f84,626,N2,False,0.12029527025297299,0
20250916T233539 - d0f84,627,N2,False,0.11153614532275899,0
20250916T233539 - d0f84,628,N2,False,0.10668062027256399,0
20250916T233539 - d0f84,629,N2,False,0.1028379569953631,0
20250916T233539 - d0f84,630,N2,False,0.13260736492130618,0
20250916T233539 - d0f84,631,N2,True,0.12714813064931926,0
20250916T233539 - d0f84,632,W,False,0.26055547585900585,0
20250916T233539 - d0f84,633,W,False,0.2306549859207698,0
20250916T233539 - d0f84,634,N1,False,0.4034487521160672,0
20250916T233539 - d0f84,635,N1,False,0.3049396691105887,0
20250916T233539 - d0f84,636,N1,False,0.4915811953774904,0
20250916T233539 - d0f84,637,N1,True,0.20771207154461657,0
20250916T233539 - d0f84,638,N1,False,0.30693717272578347,0
20250916T233539 - d0f84,639,N1,True,0.4690544510039079,0
20250916T233539 - d0f84,640,N1,False,0.46301618199296657,0
20250916T233539 - d0f84,641,N1,True,0.272302719040243,0
20250916T233539 - d0f84,642,W,False,0.23160744389673987,0
20250916T233539 - d0f84,643,W,False,0.2044310821636257,0
20250916T233539 - d0f84,644,N1,False,0.45566099420022543,0
20250916T233539 - d0f84,645,N1,False,0.346400753265669,0
20250916T233539 - d0f84,646,N1,False,0.32826969361238495,0
20250916T233539 - d0f84,647,N1,True,0.22487427775141874,0
20250916T233539 - d0f84,648,N1,False,0.3430813406192141,0
20250916T233539 - d0f84,649,W,False,0.28847542705981494,0
20250916T233539 - d0f84,650,N1,False,0.36219400353971165,0
20250916T233539 - d0f84,651,N1,False,0.3378700810145843,0
20250916T233539 - d0f84,652,N1,False,0.3191906609480452,0
20250916T233539 - d0f84,653,N1,False,0.23306659728617057,0
20250916T233539 - d0f84,654,N1,False,0.2073690285670984,0
20250916T233539 - d0f84,655,N1,False,0.27855444418949493,0
20250916T233539 - d0f84,656,N2,False,0.23644414755293514,0
20250916T233539 - d0f84,657,N2,False,0.149562137160254,0
20250916T233539 - d0f84,658,N2,False,0.12788893238988236,0
20250916T233539 - d0f84,659,N2,False,0.14224035301372256,0
20250916T233539 - d0f84,660,N2,False,0.18769837917138166,0
20250916T233539 - d0f84,661,N2,False,0.17876110673021728,0
20250916T233539 - d0f84,662,N2,False,0.08977488152337658,0
20250916T233539 - d0f84,663,N2,False,0.18068325932936574,0
20250916T233539 - d0f84,664,N2,False,0.17949144770126663,0
20250916T233539 - d0f84,665,N2,False,0.17263360060102173,0
20250916T233539 - d0f84,666,N2,False,0.14426639212406525,0
20250916T233539 - d0f84,667,N2,False,0.17583778244361828,0
20250916T233539 - d0f84,668,N2,False,0.21004200906360193,0
20250916T233539 - d0f84,669,N2,False,0.18288594061843344,0
20250916T233539 - d0f84,670,N2,False,0.1851364270888306,0
20250916T233539 - d0f84,671,N2,False,0.18376275276059947,0
20250916T233539 - d0f84,672,N2,False,0.15894145400012977,0
20250916T233539 - d0f84,673,N2,False,0.14735555287184032,0
20250916T233539 - d0f84,674,N2,False,0.12363137208047086,0
20250916T233539 - d0f84,675,N2,False,0.18697580968395816,0
20250916T233539 - d0f84,676,N2,False,0.17318485934554367,0
20250916T233539 - d0f84,677,N2,False,0.18535442329473004,0
20250916T233539 - d0f84,678,N2,False,0.18746791432890192,0
20250916T233539 - d0f84,679,N2,False,0.16076555316549143,0
20250916T233539 - d0f84,680,N2,False,0.16438785445380527,0
20250916T233539 - d0f84,681,N2,False,0.22955340867238078,0
20250916T233539 - d0f84,682,N2,False,0.2363621248294997,0
20250916T233539 - d0f84,683,N2,False,0.3303066651421825,0
20250916T233539 - d0f84,684,N2,True,0.22486279231078346,0
20250916T233539 - d0f84,685,N2,False,0.2746354580571908,0
20250916T233539 - d0f84,686,W,False,0.2633752412599895,0
20250916T233539 - d0f84,687,W,False,0.20374609319124468,0
20250916T233539 - d0f84,688,N1,False,0.4738940186108148,0
20250916T233539 - d0f84,689,N1,False,0.3530897062848817,0
20250916T233539 - d0f84,690,N2,True,0.3060879322480358,0
20250916T233539 - d0f84,691,W,False,0.24732999189907193,0
20250916T233539 - d0f84,692,N1,True,0.5523161014145735,1
20250916T233539 - d0f84,693,N1,False,0.41140157415225226,0
20250916T233539 - d0f84,694,W,True,0.26975166782153254,0
20250916T233539 - d0f84,695,N1,False,0.525839822871683,1
20250916T233539 - d0f84,696,N2,False,0.37933962021239237,0
20250916T233539 - d0f84,697,N2,False,0.427515655935462,0
20250916T233539 - d0f84,698,N2,True,0.38668685738489833,0
20250916T233539 - d0f84,699,N1,True,0.450695824956239,0
20250916T233539 - d0f84,700,N1,False,0.5763980003235404,1
20250916T233539 - d0f84,701,REM,True,0.5462310408275832,1
20250916T233539 - d0f84,702,REM,False,0.46435713753694635,0
20250916T233539 - d0f84,703,REM,True,0.6091605590795094,1
20250916T233539 - d0f84,704,REM,False,0.4359451134536064,0
20250916T233539 - d0f84,705,REM,False,0.5590757679408439,1
20250916T233539 - d0f84,706,REM,True,0.5251380486512974,1
20250916T233539 - d0f84,707,REM,True,0.6095304386274979,1
20250916T233539 - d0f84,708,REM,False,0.5280254523394319,1
20250916T233539 - d0f84,709,REM,False,0.5274222801630688,1
20250916T233539 - d0f84,710,REM,True,0.5279000012984499,1
20250916T233539 - d0f84,711,REM,False,0.48329828562868393,0
20250916T233539 - d0f84,712,REM,True,0.5315242571219241,1
20250916T233539 - d0f84,713,REM,False,0.5814229848879231,1
20250916T233539 - d0f84,714,REM,False,0.5949903462334982,1
20250916T233539 - d0f84,715,REM,True,0.4393674162673796,0
20250916T233539 - d0f84,716,REM,True,0.45407931721253986,0
20250916T233539 - d0f84,717,REM,True,0.5653193185399951,1
20250916T233539 - d0f84,718,REM,False,0.3785308744171389,0
20250916T233539 - d0f84,719,REM,False,0.5450575387095261,1
20250916T233539 - d0f84,720,REM,True,0.6011825773452734,1
20250916T233539 - d0f84,721,REM,False,0.5489396172545244,1
20250916T233539 - d0f84,722,REM,True,0.590374291420509,1
20250916T233539 - d0f84,723,W,False,0.41076864463169416,0
20251022T230528 - 06c72,0,W,False,0.27718865549398797,0
20251022T230528 - 06c72,1,W,False,0.14114274573187915,0
20251022T230528 - 06c72,2,W,False,0.18979917259922982,0
20251022T230528 - 06c72,3,W,False,0.1867566686106516,0
20251022T230528 - 06c72,4,W,False,0.28544202267388397,0
20251022T230528 - 06c72,5,W,False,0.12663064305559305,0
20251022T230528 - 06c72,6,W,False,0.16490140878041984,0
20251022T230528 - 06c72,7,W,False,0.099680589495884,0
20251022T230528 - 06c72,8,W,False,0.18087585651507773,0
20251022T230528 - 06c72,9,W,False,0.18955802971705865,0
20251022T230528 - 06c72,10,W,False,0.3053065014806445,0
20251022T230528 - 06c72,11,W,False,0.4170451575402831,0
20251022T230528 - 06c72,12,W,False,0.3530742683879605,0
20251022T230528 - 06c72,13,W,False,0.35299059644515796,0
20251022T230528 - 06c72,14,W,False,0.23807931464717724,0
20251022T230528 - 06c72,15,W,False,0.2823365974890589,0
20251022T230528 - 06c72,16,W,True,0.22156285417405125,0
20251022T230528 - 06c72,17,N1,False,0.40996022829218665,0
20251022T230528 - 06c72,18,N2,True,0.38499731995802533,0
20251022T230528 - 06c72,19,N1,True,0.42297492677414206,0
20251022T230528 - 06c72,20,N2,True,0.409421381653062,0
20251022T230528 - 06c72,21,N1,True,0.5091680649823526,1
20251022T230528 - 06c72,22,N1,False,0.46759158182810806,0
20251022T230528 - 06c72,23,N1,False,0.5034785957701562,1
20251022T230528 - 06c72,24,N1,True,0.4823178279235313,0
20251022T230528 - 06c72,25,N1,True,0.4192984960342388,0
20251022T230528 - 06c72,26,N1,False,0.5073192291165385,1
20251022T230528 - 06c72,27,N2,True,0.5557471065597551,1
20251022T230528 - 06c72,28,N2,True,0.484649865220574,0
20251022T230528 - 06c72,29,N2,False,0.4769259643502548,0
20251022T230528 - 06c72,30,N1,True,0.5031062580799436,1
20251022T230528 - 06c72,31,N1,True,0.49671398668747296,0
20251022T230528 - 06c72,32,N1,True,0.5176226640859662,1
20251022T230528 - 06c72,33,N2,True,0.5303050124734922,1
20251022T230528 - 06c72,34,N1,False,0.4963492086885537,0
20251022T230528 - 06c72,35,N1,False,0.4219101415125627,0
20251022T230528 - 06c72,36,N2,True,0.5140846118334526,1
20251022T230528 - 06c72,37,N2,False,0.4202241929949032,0
20251022T230528 - 06c72,38,N1,True,0.5137683824078877,1
20251022T230528 - 06c72,39,N1,True,0.5709528432490429,1
20251022T230528 - 06c72,40,N1,False,0.5114888548136092,1
20251022T230528 - 06c72,41,N1,True,0.5282009640579155,1
20251022T230528 - 06c72,42,W,False,0.38661842536403257,0
20251022T230528 - 06c72,43,W,True,0.33255975256560794,0
20251022T230528 - 06c72,44,N1,True,0.4019762782273706,0
20251022T230528 - 06c72,45,N1,True,0.4321960484291429,0
20251022T230528 - 06c72,46,N1,False,0.3180007956112262,0
20251022T230528 - 06c72,47,N1,False,0.37106579856298877,0
20251022T230528 - 06c72,48,N2,False,0.2473262279663662,0
20251022T230528 - 06c72,49,N2,False,0.20763729737137646,0
20251022T230528 - 06c72,50,N3,False,0.23131966493915146,0
20251022T230528 - 06c72,51,N2,False,0.17227932462920897,0
20251022T230528 - 06c72,52,N3,False,0.18209331958196562,0
20251022T230528 - 06c72,53,N2,False,0.15467434365604654,0
20251022T230528 - 06c72,54,N3,False,0.16422316785660726,0
20251022T230528 - 06c72,55,N2,False,0.1731359655469785,0
20251022T230528 - 06c72,56,N2,False,0.2671783582802767,0
20251022T230528 - 06c72,57,N3,False,0.23866298197423444,0
20251022T230528 - 06c72,58,N3,False,0.21522515952801727,0
20251022T230528 - 06c72,59,N3,False,0.1645506701668332,0
20251022T230528 - 06c72,60,N3,False,0.2503548728265369,0
20251022T230528 - 06c72,61,N2,False,0.2085614908572122,0
20251022T230528 - 06c72,62,N2,False,0.2045668019623238,0
20251022T230528 - 06c72,63,N3,False,0.14800679073744505,0
20251022T230528 - 06c72,64,N2,False,0.14898357635547108,0
20251022T230528 - 06c72,65,N2,False,0.17846552724858253,0
20251022T230528 - 06c72,66,N3,False,0.1565559762241589,0
20251022T230528 - 06c72,67,N3,False,0.16361670561495856,0
20251022T230528 - 06c72,68,N3,False,0.20288682933120866,0
20251022T230528 - 06c72,69,N3,False,0.27685942317545154,0
20251022T230528 - 06c72,70,N3,False,0.1469199286735008,0
20251022T230528 - 06c72,71,N3,False,0.18218914970533212,0
20251022T230528 - 06c72,72,N3,False,0.18438756982588292,0
20251022T230528 - 06c72,73,N3,False,0.21263878425147514,0
20251022T230528 - 06c72,74,N3,False,0.2461496782912778,0
20251022T230528 - 06c72,75,N2,False,0.17902156672092137,0
20251022T230528 - 06c72,76,N3,False,0.208777889106714,0
20251022T230528 - 06c72,77,N2,False,0.2877870640358312,0
20251022T230528 - 06c72,78,N3,False,0.20377658853634936,0
20251022T230528 - 06c72,79,N3,False,0.16813524550230752,0
20251022T230528 - 06c72,80,N3,False,0.19028730004699818,0
20251022T230528 - 06c72,81,N3,False,0.14090535889221603,0
20251022T230528 - 06c72,82,N3,False,0.1933425511625346,0
20251022T230528 - 06c72,83,N3,False,0.2697346459677134,0
20251022T230528 - 06c72,84,N3,False,0.2279391025808322,0
20251022T230528 - 06c72,85,N3,False,0.23797149403665938,0
20251022T230528 - 06c72,86,N3,False,0.28700247921736755,0
20251022T230528 - 06c72,87,N2,False,0.20579544206010636,0
20251022T230528 - 06c72,88,N3,True,0.33731839397235874,0
20251022T230528 - 06c72,89,N3,False,0.4093839266801757,0
20251022T230528 - 06c72,90,N2,False,0.5205496882341416,1
20251022T230528 - 06c72,91,N2,True,0.3920753633870476,0
20251022T230528 - 06c72,92,W,False,0.3099324077376052,0
20251022T230528 - 06c72,93,N2,False,0.30538475777374513,0
20251022T230528 - 06c72,94,N2,False,0.2522140809329965,0
20251022T230528 - 06c72,95,N2,False,0.15713129965066217,0
20251022T230528 - 06c72,96,N2,False,0.17762798895392648,0
20251022T230528 - 06c72,97,N2,False,0.20468622849142512,0
20251022T230528 - 06c72,98,N2,True,0.29601249278547853,0
20251022T230528 - 06c72,99,N2,True,0.3550671355276418,0
20251022T230528 - 06c72,100,N1,False,0.3611190938550281,0
20251022T230528 - 06c72,101,N2,False,0.25821663512279897,0
20251022T230528 - 06c72,102,N2,False,0.2104241231641808,0
20251022T230528 - 06c72,103,N2,False,0.2588334341940603,0
20251022T230528 - 06c72,104,N2,False,0.23050480574724602,0
20251022T230528 - 06c72,105,N2,False,0.2831989925650102,0
20251022T230528 - 06c72,106,N2,False,0.2825741845359857,0
20251022T230528 - 06c72,107,N2,False,0.1727500190919694,0
20251022T230528 - 06c72,108,N2,False,0.2769750143599658,0
20251022T230528 - 06c72,109,N3,False,0.20683400910198468,0
20251022T230528 - 06c72,110,N3,False,0.16412320399868632,0
20251022T230528 - 06c72,111,N2,False,0.1413726716506988,0
20251022T230528 - 06c72,112,N3,False,0.12818634799148224,0
20251022T230528 - 06c72,113,N3,False,0.13545173109986883,0
20251022T230528 - 06c72,114,N3,False,0.18422801368819408,0
20251022T230528 - 06c72,115,N2,False,0.2419337612996612,0
20251022T230528 - 06c72,116,N2,False,0.15011383188171715,0
20251022T230528 - 06c72,117,N2,False,0.19602083164851422,0
20251022T230528 - 06c72,118,N3,False,0.14394199551976875,0
20251022T230528 - 06c72,119,N2,False,0.13096781904898577,0
20251022T230528 - 06c72,120,N3,False,0.10401632310585635,0
20251022T230528 - 06c72,121,N3,False,0.12803477650028514,0
20251022T230528 - 06c72,122,N2,False,0.16069835002579613,0
20251022T230528 - 06c72,123,N2,False,0.14476915852955563,0
20251022T230528 - 06c72,124,N3,False,0.1512491001721981,0
20251022T230528 - 06c72,125,N2,False,0.1755087202644694,0
20251022T230528 - 06c72,126,N3,False,0.11399307265386442,0
20251022T230528 - 06c72,127,N3,False,0.19300447748146368,0
20251022T230528 - 06c72,128,N3,False,0.15455796608958985,0
20251022T230528 - 06c72,129,N3,False,0.1534875379065954,0
20251022T230528 - 06c72,130,N2,False,0.15581678250660433,0
20251022T230528 - 06c72,131,N3,False,0.22112692684029242,0
20251022T230528 - 06c72,132,N3,False,0.20887248740247877,0
20251022T230528 - 06c72,133,N2,False,0.13357701198723113,0
20251022T230528 - 06c72,134,N2,False,0.16828681603663484,0
20251022T230528 - 06c72,135,N3,False,0.20302412448179055,0
20251022T230528 - 06c72,136,N2,False,0.18640960441674626,0
20251022T230528 - 06c72,137,N3,False,0.14888625175738462,0
20251022T230528 - 06c72,138,N2,False,0.1455810180088688,0
20251022T230528 - 06c72,139,N2,False,0.1244762784969938,0
20251022T230528 - 06c72,140,N2,False,0.1596663592246542,0
20251022T230528 - 06c72,141,N2,False,0.16759280493203582,0
20251022T230528 - 06c72,142,N2,False,0.18950352214453442,0
20251022T230528 - 06c72,143,N2,False,0.14372598092752203,0
20251022T230528 - 06c72,144,N2,False,0.19234788335340272,0
20251022T230528 - 06c72,145,N2,False,0.16301940770396045,0
20251022T230528 - 06c72,146,N2,False,0.176493551241306,0
20251022T230528 - 06c72,147,N3,False,0.2030535985626615,0
20251022T230528 - 06c72,148,N3,False,0.1738379475332704,0
20251022T230528 - 06c72,149,N2,False,0.2096274268388387,0
20251022T230528 - 06c72,150,N2,False,0.17338737496571713,0
20251022T230528 - 06c72,151,N2,False,0.2006423513893214,0
20251022T230528 - 06c72,152,N2,False,0.16429360701355403,0
20251022T230528 - 06c72,153,N2,False,0.17980096810170224,0
20251022T230528 - 06c72,154,N3,False,0.1498809715825191,0
20251022T230528 - 06c72,155,N2,False,0.1952931179898221,0
20251022T230528 - 06c72,156,N3,False,0.1783342123183904,0
20251022T230528 - 06c72,157,N3,False,0.24908356292764913,0
20251022T230528 - 06c72,158,N3,False,0.1321429605892406,0
20251022T230528 - 06c72,159,N3,False,0.18316751233775969,0
20251022T230528 - 06c72,160,N3,False,0.16376230577041284,0
20251022T230528 - 06c72,161,N2,False,0.1335159849932675,0
20251022T230528 - 06c72,162,N2,False,0.20496622536093395,0
20251022T230528 - 06c72,163,N2,False,0.1902613024756804,0
20251022T230528 - 06c72,164,N2,False,0.20038021162563488,0
20251022T230528 - 06c72,165,N2,True,0.45929917900925654,0
20251022T230528 - 06c72,166,N2,False,0.4348226128497435,0
20251022T230528 - 06c72,167,N1,True,0.3466399044593,0
20251022T230528 - 06c72,168,N2,False,0.4021818963821336,0
20251022T230528 - 06c72,169,N2,True,0.4195211853943755,0
20251022T230528 - 06c72,170,N2,False,0.37582911006768294,0
20251022T230528 - 06c72,171,N2,False,0.3833279130665867,0
20251022T230528 - 06c72,172,N2,False,0.4915300365018126,0
20251022T230528 - 06c72,173,N2,False,0.4919891397043039,0
20251022T230528 - 06c72,174,N2,True,0.46617960878628784,0
20251022T230528 - 06c72,175,N1,False,0.5049003676422305,1
20251022T230528 - 06c72,176,N1,True,0.5949810158472296,1
20251022T230528 - 06c72,177,N1,True,0.48656942280879784,0
20251022T230528 - 06c72,178,N1,False,0.46686449272741576,0
20251022T230528 - 06c72,179,N2,True,0.4799045407532667,0
20251022T230528 - 06c72,180,N1,False,0.5376724811327587,1
20251022T230528 - 06c72,181,N1,False,0.4503960133506654,0
20251022T230528 - 06c72,182,N2,True,0.48574890875240223,0
20251022T230528 - 06c72,183,N1,False,0.449522661559376,0
20251022T230528 - 06c72,184,N1,True,0.5045496452416043,1
20251022T230528 - 06c72,185,N1,False,0.4228534015407257,0
20251022T230528 - 06c72,186,N1,False,0.3528641625794029,0
20251022T230528 - 06c72,187,N2,False,0.2514384269847795,0
20251022T230528 - 06c72,188,N2,False,0.20616979383032688,0
20251022T230528 - 06c72,189,N2,False,0.264756914103929,0
20251022T230528 - 06c72,190,N2,False,0.2379009016744124,0
20251022T230528 - 06c72,191,N2,False,0.2456703371747982,0
20251022T230528 - 06c72,192,N2,False,0.35590708890117595,0
20251022T230528 - 06c72,193,N2,False,0.23042499711074602,0
20251022T230528 - 06c72,194,N2,False,0.32227098674718035,0
20251022T230528 - 06c72,195,N2,False,0.318065244210538,0
20251022T230528 - 06c72,196,N2,False,0.2557854690190126,0
20251022T230528 - 06c72,197,N2,False,0.32045222633850373,0
20251022T230528 - 06c72,198,REM,False,0.20921522632426587,0
20251022T230528 - 06c72,199,N2,False,0.2688406714333195,0
20251022T230528 - 06c72,200,N2,False,0.2997677975407992,0
20251022T230528 - 06c72,201,REM,False,0.28753771282438706,0
20251022T230528 - 06c72,202,REM,False,0.3390028281775772,0
20251022T230528 - 06c72,203,REM,True,0.3416653821408366,0
20251022T230528 - 06c72,204,W,False,0.2579512207157504,0
20251022T230528 - 06c72,205,REM,False,0.3564382212607349,0
20251022T230528 - 06c72,206,REM,False,0.26998222009817024,0
20251022T230528 - 06c72,207,REM,False,0.26578427542754685,0
20251022T230528 - 06c72,208,REM,False,0.26730895666162235,0
20251022T230528 - 06c72,209,REM,False,0.24937050684683076,0
20251022T230528 - 06c72,210,REM,False,0.2761281827916868,0
20251022T230528 - 06c72,211,REM,False,0.19471248794737445,0
20251022T230528 - 06c72,212,REM,False,0.2710183349969778,0
20251022T230528 - 06c72,213,REM,False,0.3771405017120224,0
20251022T230528 - 06c72,214,REM,False,0.3720150947841114,0
20251022T230528 - 06c72,215,REM,True,0.39952308222946015,0
20251022T230528 - 06c72,216,REM,True,0.33777284943258473,0
20251022T230528 - 06c72,217,REM,True,0.2552967820584849,0
20251022T230528 - 06c72,218,REM,False,0.27550976668159805,0
20251022T230528 - 06c72,219,REM,False,0.33625734217002823,0
20251022T230528 - 06c72,220,REM,False,0.241352650520273,0
20251022T230528 - 06c72,221,REM,False,0.2614805926085806,0
20251022T230528 - 06c72,222,REM,False,0.2840631681197071,0
20251022T230528 - 06c72,223,REM,False,0.3464334074224691,0
20251022T230528 - 06c72,224,REM,False,0.2657090057352567,0
20251022T230528 - 06c72,225,REM,False,0.2673774635312738,0
20251022T230528 - 06c72,226,REM,False,0.27771544034534473,0
20251022T230528 - 06c72,227,REM,False,0.346420896058994,0
20251022T230528 - 06c72,228,REM,True,0.33774960123699777,0
20251022T230528 - 06c72,229,REM,True,0.4950437357437048,0
20251022T230528 - 06c72,230,REM,False,0.3169554210117725,0
20251022T230528 - 06c72,231,REM,False,0.3365050846453578,0
20251022T230528 - 06c72,232,REM,False,0.35850133188272765,0
20251022T230528 - 06c72,233,REM,False,0.30168682798247426,0
20251022T230528 - 06c72,234,REM,False,0.20773411224078742,0
20251022T230528 - 06c72,235,REM,False,0.19401103226276958,0
20251022T230528 - 06c72,236,REM,False,0.2998787692177057,0
20251022T230528 - 06c72,237,REM,False,0.27019690922406137,0
20251022T230528 - 06c72,238,REM,True,0.3053791071985211,0
20251022T230528 - 06c72,239,REM,False,0.300173203920667,0
20251022T230528 - 06c72,240,REM,False,0.2322587054633714,0
20251022T230528 - 06c72,241,REM,False,0.2465824927197513,0
20251022T230528 - 06c72,242,REM,True,0.46913605293807126,0
20251022T230528 - 06c72,243,REM,False,0.3764870329543936,0
20251022T230528 - 06c72,244,W,False,0.4401419691271277,0
20251022T230528 - 06c72,245,W,False,0.3632092530751432,0
20251022T230528 - 06c72,246,N1,True,0.3825657363134652,0
20251022T230528 - 06c72,247,N2,True,0.38782962136800186,0
20251022T230528 - 06c72,248,N1,False,0.5916184032835123,1
20251022T230528 - 06c72,249,N1,True,0.4696469151087226,0
20251022T230528 - 06c72,250,N1,True,0.5519962865215536,1
20251022T230528 - 06c72,251,N1,True,0.48254312509079916,0
20251022T230528 - 06c72,252,N1,False,0.4902595807919974,0
20251022T230528 - 06c72,253,N1,True,0.5867737142486038,1
20251022T230528 - 06c72,254,N2,False,0.5372427075016554,1
20251022T230528 - 06c72,255,W,False,0.34985331311912204,0
20251022T230528 - 06c72,256,W,False,0.32078576333331577,0
20251022T230528 - 06c72,257,W,False,0.4577654236498204,0
20251022T230528 - 06c72,258,N1,True,0.4975406526017563,0
20251022T230528 - 06c72,259,N1,False,0.4374801258725695,0
20251022T230528 - 06c72,260,W,True,0.38592495488085854,0
20251022T230528 - 06c72,261,N1,True,0.47977041624825667,0
20251022T230528 - 06c72,262,N1,False,0.4714832994029351,0
20251022T230528 - 06c72,263,N1,True,0.5492607554417025,1
20251022T230528 - 06c72,264,N1,True,0.40966327138216324,0
20251022T230528 - 06c72,265,N2,False,0.4438149139135419,0
20251022T230528 - 06c72,266,N1,True,0.5402494237864086,1
20251022T230528 - 06c72,267,N1,True,0.48048892789987896,0
20251022T230528 - 06c72,268,N2,False,0.48638249319012006,0
20251022T230528 - 06c72,269,N1,False,0.6397583741269595,1
20251022T230528 - 06c72,270,N2,True,0.4032556385858886,0
20251022T230528 - 06c72,271,N1,True,0.4201055764707546,0
20251022T230528 - 06c72,272,N1,True,0.4728460665329754,0
20251022T230528 - 06c72,273,N1,True,0.5142941232624224,1
20251022T230528 - 06c72,274,N1,True,0.47510730194671796,0
20251022T230528 - 06c72,275,N1,True,0.41426456727504635,0
20251022T230528 - 06c72,276,N1,True,0.4949490944762777,0
20251022T230528 - 06c72,277,N1,True,0.4282948955897462,0
20251022T230528 - 06c72,278,N1,False,0.28092484685859,0
20251022T230528 - 06c72,279,N2,True,0.46051942189947687,0
20251022T230528 - 06c72,280,N1,True,0.5065566773080519,1
20251022T230528 - 06c72,281,N1,False,0.44795767795320307,0
20251022T230528 - 06c72,282,N1,True,0.5374429213085713,1
20251022T230528 - 06c72,283,N1,True,0.5194411043426416,1
20251022T230528 - 06c72,284,N1,False,0.45291188020138756,0
20251022T230528 - 06c72,285,N1,True,0.47432371252575045,0
20251022T230528 - 06c72,286,N1,False,0.5112508991793756,1
20251022T230528 - 06c72,287,N1,True,0.5368069999954715,1
20251022T230528 - 06c72,288,N2,False,0.464747484764351,0
20251022T230528 - 06c72,289,N1,True,0.5411247112437507,1
20251022T230528 - 06c72,290,N2,True,0.45562917072185505,0
20251022T230528 - 06c72,291,N2,False,0.48332414862915485,0
20251022T230528 - 06c72,292,N1,True,0.6406810048946298,1
20251022T230528 - 06c72,293,N2,False,0.39131880452570866,0
20251022T230528 - 06c72,294,N2,True,0.5534318302041998,1
20251022T230528 - 06c72,295,N2,True,0.38687595060195334,0
20251022T230528 - 06c72,296,N2,True,0.4920177768237395,0
20251022T230528 - 06c72,297,N1,False,0.4705870472792831,0
20251022T230528 - 06c72,298,N1,True,0.5595198975478205,1
20251022T230528 - 06c72,299,N2,False,0.40795825377761163,0
20251022T230528 - 06c72,300,N2,True,0.5219210551797723,1
20251022T230528 - 06c72,301,N2,False,0.37456906104288956,0
20251022T230528 - 06c72,302,N2,True,0.49044711095840426,0
20251022T230528 - 06c72,303,N1,True,0.4552953183554771,0
20251022T230528 - 06c72,304,N1,False,0.45685300455707745,0
20251022T230528 - 06c72,305,N2,True,0.4928038769296094,0
20251022T230528 - 06c72,306,N2,False,0.5196812009680486,1
20251022T230528 - 06c72,307,N1,True,0.4972085753096298,0
20251022T230528 - 06c72,308,N2,False,0.5066422378554049,1
20251022T230528 - 06c72,309,N1,True,0.5039131784610387,1
20251022T230528 - 06c72,310,N2,False,0.4972118642609945,0
20251022T230528 - 06c72,311,N1,True,0.5201810338927774,1
20251022T230528 - 06c72,312,N1,False,0.5076378352757254,1
20251022T230528 - 06c72,313,N1,True,0.5364210824832633,1
20251022T230528 - 06c72,314,N2,False,0.5680136650085273,1
20251022T230528 - 06c72,315,N1,True,0.4885098148445487,0
20251022T230528 - 06c72,316,N2,False,0.4641790672056328,0
20251022T230528 - 06c72,317,N1,True,0.46817688494888365,0
20251022T230528 - 06c72,318,N1,False,0.4663736818235497,0
20251022T230528 - 06c72,319,N1,True,0.5542151321520967,1
20251022T230528 - 06c72,320,N1,True,0.5521049699112084,1
20251022T230528 - 06c72,321,W,True,0.4545471163422558,0
20251022T230528 - 06c72,322,N1,False,0.40340169228528877,0
20251022T230528 - 06c72,323,N1,False,0.416795514677598,0
20251022T230528 - 06c72,324,N2,True,0.45621468239891044,0
20251022T230528 - 06c72,325,N2,False,0.36183695426069873,0
20251022T230528 - 06c72,326,N2,True,0.4075290731139078,0
20251022T230528 - 06c72,327,N2,False,0.3580660158108575,0
20251022T230528 - 06c72,328,N2,True,0.4699929661139063,0
20251022T230528 - 06c72,329,N2,True,0.3826297407188482,0
20251022T230528 - 06c72,330,N2,True,0.3609754790905855,0
20251022T230528 - 06c72,331,N2,False,0.38271329726759823,0
20251022T230528 - 06c72,332,N1,True,0.44450950136097817,0
20251022T230528 - 06c72,333,N2,False,0.3323365292249565,0
20251022T230528 - 06c72,334,N1,True,0.4180016365717448,0
20251022T230528 - 06c72,335,N2,False,0.33557465102217904,0
20251022T230528 - 06c72,336,N1,True,0.35484913239446186,0
20251022T230528 - 06c72,337,N2,False,0.37979749339045127,0
20251022T230528 - 06c72,338,N1,True,0.4464461351296933,0
20251022T230528 - 06c72,339,N1,True,0.5448772172677296,1
20251022T230528 - 06c72,340,N1,True,0.44428446179824954,0
20251022T230528 - 06c72,341,N2,False,0.4861906179373684,0
20251022T230528 - 06c72,342,W,False,0.364408257822121,0
20251022T230528 - 06c72,343,W,True,0.2741135290518751,0
20251022T230528 - 06c72,344,N1,True,0.30116826042359734,0
20251022T230528 - 06c72,345,N1,True,0.30148327665085234,0
20251022T230528 - 06c72,346,N2,True,0.21294349642392887,0
20251022T230528 - 06c72,347,N1,False,0.2634185376397897,0
20251022T230528 - 06c72,348,N2,False,0.22336351207190422,0
20251022T230528 - 06c72,349,N2,False,0.26381478508420275,0
20251022T230528 - 06c72,350,N2,True,0.23666257864486087,0
20251022T230528 - 06c72,351,N1,True,0.2674755509821415,0
20251022T230528 - 06c72,352,N1,False,0.27960344063562714,0
20251022T230528 - 06c72,353,N1,True,0.3135170016078596,0
20251022T230528 - 06c72,354,N2,False,0.2126948176459952,0
20251022T230528 - 06c72,355,N1,False,0.2345923253296229,0
20251022T230528 - 06c72,356,N2,True,0.25588094423644603,0
20251022T230528 - 06c72,357,N1,False,0.2666167407547126,0
20251022T230528 - 06c72,358,N2,True,0.23784168152410753,0
20251022T230528 - 06c72,359,N2,False,0.19425437847612273,0
20251022T230528 - 06c72,360,N1,False,0.26658126398545745,0
20251022T230528 - 06c72,361,N2,True,0.18737150185148896,0
20251022T230528 - 06c72,362,N1,True,0.2585976495193549,0
20251022T230528 - 06c72,363,N2,True,0.25671090001479974,0
20251022T230528 - 06c72,364,N1,True,0.36748738053508595,0
20251022T230528 - 06c72,365,N2,True,0.1935651092765628,0
20251022T230528 - 06c72,366,N1,True,0.28428691684328444,0
20251022T230528 - 06c72,367,N1,True,0.260642273675011,0
20251022T230528 - 06c72,368,N1,True,0.26880109528470464,0
20251022T230528 - 06c72,369,N1,True,0.2664584506748149,0
20251022T230528 - 06c72,370,N1,False,0.21119880547542771,0
20251022T230528 - 06c72,371,N2,True,0.25100306134693695,0
20251022T230528 - 06c72,372,N2,True,0.25303751853789547,0
20251022T230528 - 06c72,373,N1,True,0.3176904659634107,0
20251022T230528 - 06c72,374,N1,False,0.2864808511642801,0
20251022T230528 - 06c72,375,N2,True,0.23005468739577364,0
20251022T230528 - 06c72,376,N2,False,0.17040506316315135,0
20251022T230528 - 06c72,377,N2,False,0.14370218599655935,0
20251022T230528 - 06c72,378,N2,False,0.11969042498569875,0
20251022T230528 - 06c72,379,N2,False,0.19705875534056344,0
20251022T230528 - 06c72,380,N2,True,0.17728504181037585,0
20251022T230528 - 06c72,381,N2,True,0.1681551824508799,0
20251022T230528 - 06c72,382,N1,False,0.21328915419122274,0
20251022T230528 - 06c72,383,N2,True,0.17815193855803557,0
20251022T230528 - 06c72,384,N2,True,0.18280830784036312,0
20251022T230528 - 06c72,385,N2,True,0.20490267852848795,0
20251022T230528 - 06c72,386,N2,True,0.1992968106377176,0
20251022T230528 - 06c72,387,N2,True,0.12829181876572232,0
20251022T230528 - 06c72,388,N1,True,0.24300277851954824,0
20251022T230528 - 06c72,389,N1,False,0.24452567543899575,0
20251022T230528 - 06c72,390,N2,False,0.13895199909106595,0
20251022T230528 - 06c72,391,N2,False,0.2746641932109478,0
20251022T230528 - 06c72,392,REM,False,0.2613362837065635,0
20251022T230528 - 06c72,393,REM,False,0.249774815477941,0
20251022T230528 - 06c72,394,REM,False,0.23733933506845728,0
20251022T230528 - 06c72,395,REM,False,0.23020857101990483,0
20251022T230528 - 06c72,396,REM,False,0.24841491407128774,0
20251022T230528 - 06c72,397,REM,False,0.2444094479594458,0
20251022T230528 - 06c72,398,REM,False,0.24474305005814545,0
20251022T230528 - 06c72,399,REM,False,0.2692659339817942,0
20251022T230528 - 06c72,400,REM,False,0.2678768240878542,0
20251022T230528 - 06c72,401,REM,False,0.2751546439980796,0
20251022T230528 - 06c72,402,REM,False,0.26333154655118407,0
20251022T230528 - 06c72,403,REM,False,0.21348799984911587,0
20251022T230528 - 06c72,404,REM,False,0.23977042643600452,0
20251022T230528 - 06c72,405,REM,False,0.22090776957167876,0
20251022T230528 - 06c72,406,REM,False,0.26418388072094356,0
20251022T230528 - 06c72,407,REM,True,0.291897115136482,0
20251022T230528 - 06c72,408,REM,False,0.26370759839270147,0
20251022T230528 - 06c72,409,REM,False,0.2544774186929012,0
20251022T230528 - 06c72,410,REM,False,0.2534005053213971,0
20251022T230528 - 06c72,411,REM,False,0.2740991015385755,0
20251022T230528 - 06c72,412,REM,False,0.2700482284436946,0
20251022T230528 - 06c72,413,REM,False,0.32512263884878784,0
20251022T230528 - 06c72,414,REM,False,0.28204950914365357,0
20251022T230528 - 06c72,415,REM,False,0.2742638153702238,0
20251022T230528 - 06c72,416,REM,False,0.2823003224414433,0
20251022T230528 - 06c72,417,REM,False,0.263016518791049,0
20251022T230528 - 06c72,418,REM,True,0.265168558112743,0
20251022T230528 - 06c72,419,REM,False,0.3195849978603256,0
20251022T230528 - 06c72,420,REM,False,0.2516622256310256,0
20251022T230528 - 06c72,421,REM,False,0.2976400085690644,0
20251022T230528 - 06c72,422,REM,False,0.2720588239039762,0
20251022T230528 - 06c72,423,REM,True,0.31189513352740994,0
20251022T230528 - 06c72,424,REM,False,0.27040194746805135,0
20251022T230528 - 06c72,425,REM,False,0.2354810000381301,0
20251022T230528 - 06c72,426,REM,True,0.27109369705973735,0
20251022T230528 - 06c72,427,REM,False,0.28158567571951315,0
20251022T230528 - 06c72,428,REM,False,0.30605747480156975,0
20251022T230528 - 06c72,429,REM,False,0.25689354209655535,0
20251022T230528 - 06c72,430,REM,False,0.22342591135408538,0
20251022T230528 - 06c72,431,REM,False,0.24144978916701304,0
20251022T230528 - 06c72,432,REM,False,0.2497146610449063,0
20251022T230528 - 06c72,433,REM,False,0.20101728892126794,0
20251022T230528 - 06c72,434,REM,False,0.29366469217616736,0
20251022T230528 - 06c72,435,REM,False,0.27452583050967144,0
20251022T230528 - 06c72,436,REM,False,0.3018134265598894,0
20251022T230528 - 06c72,437,REM,False,0.288730486793724,0
20251022T230528 - 06c72,438,REM,False,0.259290410375246,0
20251022T230528 - 06c72,439,REM,False,0.2678786957262446,0
20251022T230528 - 06c72,440,REM,False,0.15888887161787635,0
20251022T230528 - 06c72,441,REM,False,0.2561951858835992,0
20251022T230528 - 06c72,442,REM,True,0.22830958259702613,0
20251022T230528 - 06c72,443,REM,False,0.17198430143445573,0
20251022T230528 - 06c72,444,REM,False,0.19418272618177246,0
20251022T230528 - 06c72,445,REM,False,0.23540707053332233,0
20251022T230528 - 06c72,446,REM,False,0.22876659026917562,0
20251022T230528 - 06c72,447,REM,False,0.23939451331175765,0
20251022T230528 - 06c72,448,REM,False,0.17751125469499257,0
20251022T230528 - 06c72,449,REM,False,0.2589454629635631,0
20251022T230528 - 06c72,450,REM,True,0.25490423739227297,0
20251022T230528 - 06c72,451,REM,False,0.23026017109238336,0
20251022T230528 - 06c72,452,REM,False,0.20414117690727557,0
20251022T230528 - 06c72,453,REM,False,0.2327743134172261,0
20251022T230528 - 06c72,454,REM,False,0.22343523948024546,0
20251022T230528 - 06c72,455,REM,False,0.252091199204868,0
20251022T230528 - 06c72,456,REM,False,0.22614769472386706,0
20251022T230528 - 06c72,457,REM,False,0.24362893260548507,0
20251022T230528 - 06c72,458,REM,True,0.21843244059817832,0
20251022T230528 - 06c72,459,REM,False,0.2429203267180675,0
20251022T230528 - 06c72,460,REM,False,0.2268760686572321,0
20251022T230528 - 06c72,461,REM,False,0.2792904554409821,0
20251022T230528 - 06c72,462,REM,False,0.239999185349202,0
20251022T230528 - 06c72,463,REM,False,0.1958304373379691,0
20251022T230528 - 06c72,464,REM,False,0.29964870602763755,0
20251022T230528 - 06c72,465,REM,False,0.2337769011869337,0
20251022T230528 - 06c72,466,REM,False,0.3054593392311549,0
20251022T230528 - 06c72,467,REM,False,0.2531935889760916,0
20251022T230528 - 06c72,468,REM,False,0.2435158742998207,0
20251022T230528 - 06c72,469,REM,False,0.23848705151665928,0
20251022T230528 - 06c72,470,REM,False,0.2707458009202439,0
20251022T230528 - 06c72,471,REM,False,0.2697828704582903,0
20251022T230528 - 06c72,472,REM,False,0.2864318532607406,0
20251022T230528 - 06c72,473,REM,False,0.19942570526626732,0
20251022T230528 - 06c72,474,REM,False,0.2229032580188591,0
20251022T230528 - 06c72,475,REM,False,0.2877490093439831,0
20251022T230528 - 06c72,476,REM,True,0.2597940122204854,0
20251022T230528 - 06c72,477,REM,False,0.2522924830928485,0
20251022T230528 - 06c72,478,REM,False,0.3173044746535044,0
20251022T230528 - 06c72,479,REM,False,0.2774257255294428,0
20251022T230528 - 06c72,480,REM,False,0.2560977251709929,0
20251022T230528 - 06c72,481,REM,False,0.2527611333208194,0
20251022T230528 - 06c72,482,REM,False,0.18410659570075086,0
20251022T230528 - 06c72,483,REM,False,0.265179774090226,0
20251022T230528 - 06c72,484,REM,False,0.2690122798613277,0
20251022T230528 - 06c72,485,REM,False,0.25314095672686154,0
20251022T230528 - 06c72,486,REM,False,0.2545963057957068,0
20251022T230528 - 06c72,487,REM,False,0.26033472639217875,0
20251022T230528 - 06c72,488,REM,False,0.26857692249264065,0
20251022T230528 - 06c72,489,REM,False,0.23880373287247336,0
20251022T230528 - 06c72,490,REM,False,0.22928422320639943,0
20251022T230528 - 06c72,491,REM,False,0.21402671378943122,0
20251022T230528 - 06c72,492,REM,False,0.21967641903563898,0
20251022T230528 - 06c72,493,REM,False,0.2522605767496391,0
20251022T230528 - 06c72,494,REM,False,0.18972471241328812,0
20251022T230528 - 06c72,495,REM,False,0.16964184990607742,0
20251022T230528 - 06c72,496,REM,False,0.2232149019847162,0
20251022T230528 - 06c72,497,REM,False,0.1751007360708291,0
20251022T230528 - 06c72,498,REM,False,0.16851164853719588,0
20251022T230528 - 06c72,499,REM,False,0.1811885093379219,0
20251022T230528 - 06c72,500,REM,False,0.22217746907175048,0
20251022T230528 - 06c72,501,REM,False,0.2666160489308027,0
20251022T230528 - 06c72,502,REM,False,0.21473084365628992,0
20251022T230528 - 06c72,503,REM,False,0.1594029384142337,0
20251022T230528 - 06c72,504,REM,True,0.2633065488088962,0
20251022T230528 - 06c72,505,N1,False,0.304760969893096,0
20251022T230528 - 06c72,506,N1,False,0.22476353200370788,0
20251022T230528 - 06c72,507,N2,False,0.12550671514317555,0
20251022T230528 - 06c72,508,N2,False,0.21418896541537186,0
20251022T230528 - 06c72,509,N2,False,0.1465714157704089,0
20251022T230528 - 06c72,510,N2,False,0.13903651389415614,0
20251022T230528 - 06c72,511,N2,False,0.14686323742855326,0
20251022T230528 - 06c72,512,N2,False,0.33800225654742905,0
20251022T230528 - 06c72,513,N2,False,0.170506120682778,0
20251022T230528 - 06c72,514,N2,False,0.16502192876792118,0
20251022T230528 - 06c72,515,N2,False,0.1544152626480953,0
20251022T230528 - 06c72,516,N2,False,0.15962700182426465,0
20251022T230528 - 06c72,517,N2,False,0.17139348220989623,0
20251022T230528 - 06c72,518,N2,False,0.14702166980419668,0
20251022T230528 - 06c72,519,N2,False,0.15531409126749315,0
20251022T230528 - 06c72,520,N2,False,0.09254280982714105,0
20251022T230528 - 06c72,521,N2,False,0.15532210696418278,0
20251022T230528 - 06c72,522,N2,False,0.12955256262250683,0
20251022T230528 - 06c72,523,N2,False,0.09122669921096764,0
20251022T230528 - 06c72,524,N2,False,0.11026972917036935,0
20251022T230528 - 06c72,525,N2,False,0.08890674052906541,0
20251022T230528 - 06c72,526,N2,False,0.09547628906000881,0
20251022T230528 - 06c72,527,N2,False,0.11470071493923018,0
20251022T230528 - 06c72,528,N2,False,0.105486421989007,0
20251022T230528 - 06c72,529,N2,False,0.25687881027213955,0
20251022T230528 - 06c72,530,N2,True,0.4617312482871184,0
20251022T230528 - 06c72,531,W,False,0.3199353633029215,0
20251022T230528 - 06c72,532,N1,True,0.40450292849243225,0
20251022T230528 - 06c72,533,N1,True,0.41226917212085906,0
20251022T230528 - 06c72,534,N1,False,0.42109411942164576,0
20251022T230528 - 06c72,535,N1,True,0.48109790685693526,0
20251022T230528 - 06c72,536,N2,False,0.41771315770836864,0
20251022T230528 - 06c72,537,N2,True,0.42694930715499396,0
20251022T230528 - 06c72,538,N1,False,0.4310490001364125,0
20251022T230528 - 06c72,539,N1,True,0.5793219355023942,1
20251022T230528 - 06c72,540,N1,False,0.4971213377497597,0
20251022T230528 - 06c72,541,N2,True,0.40164109106154355,0
20251022T230528 - 06c72,542,N2,False,0.41535905456658967,0
20251022T230528 - 06c72,543,N2,True,0.48597232947925895,0
20251022T230528 - 06c72,544,N2,False,0.3179343197175366,0
20251022T230528 - 06c72,545,N1,True,0.39760997758211636,0
20251022T230528 - 06c72,546,N1,True,0.5142893266902465,1
20251022T230528 - 06c72,547,N1,False,0.40890317994469966,0
20251022T230528 - 06c72,548,N1,True,0.4768206048310064,0
20251022T230528 - 06c72,549,N1,False,0.5105484871514964,1
20251022T230528 - 06c72,550,N2,True,0.4761191702996953,0
20251022T230528 - 06c72,551,N2,False,0.4717724020951157,0
20251022T230528 - 06c72,552,N1,True,0.4753858853425377,0
20251022T230528 - 06c72,553,N2,False,0.48773781022838314,0
20251022T230528 - 06c72,554,N1,False,0.4799929267609999,0
20251022T230528 - 06c72,555,N2,True,0.5166089319432113,1
20251022T230528 - 06c72,556,N1,True,0.5004152851856702,1
20251022T230528 - 06c72,557,N1,False,0.5198404619493039,1
20251022T230528 - 06c72,558,N2,True,0.4940692429125276,0
20251022T230528 - 06c72,559,N2,False,0.4752070281208248,0
20251022T230528 - 06c72,560,N1,True,0.5651114831439967,1
20251022T230528 - 06c72,561,N2,False,0.5064319854223753,1
20251022T230528 - 06c72,562,N1,True,0.5807164539931551,1
20251022T230528 - 06c72,563,N1,False,0.4499882833164506,0
20251022T230528 - 06c72,564,N1,True,0.5053533016049829,1
20251022T230528 - 06c72,565,N2,False,0.4257756141648516,0
20251022T230528 - 06c72,566,N1,True,0.5762436981971585,1
20251022T230528 - 06c72,567,N1,False,0.4741713172410231,0
20251022T230528 - 06c72,568,N1,True,0.7092215805619526,1
20251022T230528 - 06c72,569,W,False,0.3751665235527715,0
20251022T230528 - 06c72,570,N1,True,0.4767936181530002,0
20251022T230528 - 06c72,571,N1,False,0.4207427455108803,0
20251022T230528 - 06c72,572,N2,True,0.49497854610502967,0
20251022T230528 - 06c72,573,N1,True,0.5563576880983478,1
20251022T230528 - 06c72,574,N2,False,0.333385400094373,0
20251022T230528 - 06c72,575,N1,True,0.3937793261176589,0
20251022T230528 - 06c72,576,N2,True,0.44930974629125986,0
20251022T230528 - 06c72,577,N2,False,0.47528048973789166,0
20251022T230528 - 06c72,578,N2,True,0.5214642510643074,1
20251022T230528 - 06c72,579,N2,False,0.46585326691820333,0
20251022T230528 - 06c72,580,N2,True,0.46484920136833024,0
20251022T230528 - 06c72,581,N2,False,0.5014648954671852,1
20251022T230528 - 06c72,582,N1,True,0.5501144332141419,1
20251022T230528 - 06c72,583,N2,False,0.4566673600810731,0
20251022T230528 - 06c72,584,N1,True,0.5992326983266947,1
20251022T230528 - 06c72,585,N1,False,0.49285004856769815,0
20251022T230528 - 06c72,586,N2,True,0.5666017187017445,1
20251022T230528 - 06c72,587,N1,False,0.4527680595656712,0
20251022T230528 - 06c72,588,N2,True,0.5541013183161906,1
20251022T230528 - 06c72,589,N2,False,0.44338629675063,0
20251022T230528 - 06c72,590,N2,True,0.4781164320433775,0
20251022T230528 - 06c72,591,N1,False,0.42308909526653976,0
20251022T230528 - 06c72,592,N2,True,0.5001677295094052,1
20251022T230528 - 06c72,593,N1,True,0.468093417458382,0
20251022T230528 - 06c72,594,N1,False,0.46427935310970037,0
20251022T230528 - 06c72,595,N2,False,0.4397097418950237,0
20251022T230528 - 06c72,596,N2,True,0.5355768703262299,1
20251022T230528 - 06c72,597,N1,True,0.5413696954063929,1
20251022T230528 - 06c72,598,N1,False,0.5301862435807706,1
20251022T230528 - 06c72,599,N1,True,0.44750980654204925,0
20251022T230528 - 06c72,600,N2,False,0.4984130422165103,0
20251022T230528 - 06c72,601,N1,True,0.5376342256344258,1
20251022T230528 - 06c72,602,N1,True,0.5226106325540365,1
20251022T230528 - 06c72,603,N2,False,0.5082893723145068,1
20251022T230528 - 06c72,604,N1,True,0.5328723277830949,1
20251022T230528 - 06c72,605,N1,False,0.3758174030861039,0
20251022T230528 - 06c72,606,N1,True,0.5749092581841103,1
20251022T230528 - 06c72,607,N2,False,0.4897313055349194,0
20251022T230528 - 06c72,608,N1,True,0.5239649802270416,1
20251022T230528 - 06c72,609,N2,False,0.4479434984120721,0
20251022T230528 - 06c72,610,N1,True,0.5953060954882462,1
20251022T230528 - 06c72,611,N1,False,0.46077332878888533,0
20251022T230528 - 06c72,612,N2,True,0.5157567087100684,1
20251022T230528 - 06c72,613,N2,False,0.38861136010700315,0
20251022T230528 - 06c72,614,N2,True,0.5421013061386156,1
20251022T230528 - 06c72,615,N1,False,0.5095810774170646,1
20251022T230528 - 06c72,616,N2,True,0.4822653663889012,0
20251022T230528 - 06c72,617,N1,True,0.40186303051707667,0
20251022T230528 - 06c72,618,N1,False,0.4255601497181312,0
20251022T230528 - 06c72,619,N1,True,0.5894586573305393,1
20251022T230528 - 06c72,620,N1,False,0.47409897115983024,0
20251022T230528 - 06c72,621,N2,True,0.5396897246804513,1
20251022T230528 - 06c72,622,N2,False,0.42586268283978645,0
20251022T230528 - 06c72,623,N1,True,0.38028652050305295,0
20251022T230528 - 06c72,624,N1,True,0.46434975136038203,0
20251022T230528 - 06c72,625,N1,False,0.3811016658279277,0
20251022T230528 - 06c72,626,N1,True,0.4409297121152062,0
20251022T230528 - 06c72,627,N2,False,0.38555817440012186,0
20251022T230528 - 06c72,628,N1,True,0.5549441520506408,1
20251022T230528 - 06c72,629,N2,False,0.3772842505461086,0
20251022T230528 - 06c72,630,N2,True,0.4313111501479838,0
20251022T230528 - 06c72,631,N1,False,0.4261874163002944,0
20251022T230528 - 06c72,632,N2,True,0.6050656536845345,1
20251022T230528 - 06c72,633,N2,False,0.3652330056384168,0
20251022T230528 - 06c72,634,N2,True,0.6210583941351288,1
20251022T230528 - 06c72,635,N2,True,0.38870626852430457,0
20251022T230528 - 06c72,636,N2,False,0.4636487488885127,0
20251022T230528 - 06c72,637,N1,True,0.4735323021611065,0
20251022T230528 - 06c72,638,N2,False,0.4259533267731127,0
20251022T230528 - 06c72,639,N2,True,0.4388761095222056,0
20251022T230528 - 06c72,640,N2,False,0.44636046198467566,0
20251022T230528 - 06c72,641,N2,True,0.4939828041545654,0
20251022T230528 - 06c72,642,N2,True,0.39743633752939095,0
20251022T230528 - 06c72,643,N2,False,0.34321681265458026,0
20251022T230528 - 06c72,644,N2,True,0.4615204599771183,0
20251022T230528 - 06c72,645,N2,True,0.3480037184107693,0
20251022T230528 - 06c72,646,N2,False,0.3602884223650421,0
20251022T230528 - 06c72,647,N1,True,0.4148265503870391,0
20251022T230528 - 06c72,648,N2,True,0.3119017484941346,0
20251022T230528 - 06c72,649,N2,False,0.3915522059244244,0
20251022T230528 - 06c72,650,N2,True,0.4862408378317844,0
20251022T230528 - 06c72,651,N2,False,0.5705379385403636,1
20251022T230528 - 06c72,652,N2,True,0.5152155562659776,1
20251022T230528 - 06c72,653,N2,False,0.4126687573416432,0
20251022T230528 - 06c72,654,N2,True,0.5226750642499893,1
20251022T230528 - 06c72,655,N2,False,0.3973407681634719,0
20251022T230528 - 06c72,656,N1,True,0.5658524596050282,1
20251022T230528 - 06c72,657,N2,False,0.373824209168472,0
20251022T230528 - 06c72,658,N2,True,0.4272634545287556,0
20251022T230528 - 06c72,659,N2,False,0.36550554815774494,0
20251022T230528 - 06c72,660,N2,True,0.36558121392353465,0
20251022T230528 - 06c72,661,N2,False,0.3126879051121635,0
20251022T230528 - 06c72,662,N1,True,0.5280224344705937,1
20251022T230528 - 06c72,663,N1,True,0.6422644819396964,1
20251022T230528 - 06c72,664,N2,False,0.3191158661201795,0
20251022T230528 - 06c72,665,W,False,0.28776162579913345,0
20251022T230528 - 06c72,666,N2,False,0.40961636330421486,0
20251022T230528 - 06c72,667,N2,True,0.5541917621714313,1
20251022T230528 - 06c72,668,N1,True,0.39692416587349866,0
20251022T230528 - 06c72,669,N2,False,0.37588329750507804,0
20251022T230528 - 06c72,670,N1,False,0.3777706771013875,0
20251022T230528 - 06c72,671,N2,True,0.3429152686784488,0
20251022T230528 - 06c72,672,N2,False,0.3697904534898481,0
20251022T230528 - 06c72,673,N1,True,0.45550867729335764,0
20251022T230528 - 06c72,674,N1,False,0.41958171541583617,0
20251022T230528 - 06c72,675,N2,True,0.394947992958937,0
20251022T230528 - 06c72,676,N1,True,0.4133116935256686,0
20251022T230528 - 06c72,677,N1,False,0.4748635424519347,0
20251022T230528 - 06c72,678,N2,True,0.36587869154005637,0
20251022T230528 - 06c72,679,N2,False,0.41860423783323336,0
20251022T230528 - 06c72,680,N2,True,0.41965584939658285,0
20251022T230528 - 06c72,681,N2,False,0.38713105886817895,0
20251022T230528 - 06c72,682,N1,True,0.48529909850986896,0
20251022T230528 - 06c72,683,N1,True,0.4484754986519135,0
20251022T230528 - 06c72,684,N1,False,0.4670282734635905,0
20251022T230528 - 06c72,685,N1,True,0.4494975106524495,0
20251022T230528 - 06c72,686,N1,False,0.4064770416855045,0
20251022T230528 - 06c72,687,N2,True,0.4646185298361553,0
20251022T230528 - 06c72,688,N2,False,0.4069969081927461,0
20251022T230528 - 06c72,689,N1,True,0.5004081729382012,1
20251022T230528 - 06c72,690,N1,False,0.5461086512050474,1
20251022T230528 - 06c72,691,N2,True,0.43786065124706247,0
20251022T230528 - 06c72,692,N2,False,0.48567616025239546,0
20251022T230528 - 06c72,693,N1,True,0.4887311519984716,0
20251022T230528 - 06c72,694,N1,False,0.49649103618556956,0
20251022T230528 - 06c72,695,N2,True,0.4555499182870391,0
20251022T230528 - 06c72,696,N2,False,0.4119101944125558,0
20251022T230528 - 06c72,697,N2,True,0.44940903748402133,0
20251022T230528 - 06c72,698,W,False,0.27486151741796605,0
20251022T230528 - 06c72,699,N1,True,0.4750248588260297,0
20251022T230528 - 06c72,700,N1,True,0.4240444214703014,0
20251022T230528 - 06c72,701,N1,True,0.5180027805363095,1
20251022T230528 - 06c72,702,N2,False,0.37916207418127323,0
20251022T230528 - 06c72,703,N1,True,0.5786055610069526,1
20251022T230528 - 06c72,704,N1,True,0.4126643567042816,0
20251022T230528 - 06c72,705,N2,False,0.4984009532348443,0
20251022T230528 - 06c72,706,N1,True,0.48813245635272756,0
20251022T230528 - 06c72,707,N1,True,0.47674795042256546,0
20251022T230528 - 06c72,708,N1,False,0.512508346659211,1
20251022T230528 - 06c72,709,N2,True,0.462349522050428,0
20251022T230528 - 06c72,710,N1,True,0.4865637698980539,0
20251022T230528 - 06c72,711,N1,False,0.47014129746951416,0
20251022T230528 - 06c72,712,N1,True,0.4480621298490031,0
20251022T230528 - 06c72,713,N2,False,0.5154829609488659,1
20251022T230528 - 06c72,714,N2,True,0.5067383373686701,1
20251022T230528 - 06c72,715,N2,False,0.39896408192458915,0
20251022T230528 - 06c72,716,N1,True,0.44529920934955974,0
20251022T230528 - 06c72,717,N1,False,0.39908222643561325,0
20251022T230528 - 06c72,718,N1,True,0.5829509926285388,1
20251022T230528 - 06c72,719,N1,True,0.45051624122135864,0
20251027T230734 - d6018,0,W,False,0.17696014364296578,0
20251027T230734 - d6018,1,W,False,0.22138439798258738,0
20251027T230734 - d6018,2,W,False,0.20114454126257056,0
20251027T230734 - d6018,3,W,False,0.22571589088038618,0
20251027T230734 - d6018,4,W,False,0.24072758440057931,0
20251027T230734 - d6018,5,W,False,0.2898888233726984,0
20251027T230734 - d6018,6,W,False,0.23954710977481458,0
20251027T230734 - d6018,7,W,False,0.26870714187301,0
20251027T230734 - d6018,8,W,False,0.3063392653190997,0
20251027T230734 - d6018,9,W,False,0.3221215217971885,0
20251027T230734 - d6018,10,N1,True,0.4199645382507377,0
20251027T230734 - d6018,11,N1,True,0.4104511440341627,0
20251027T230734 - d6018,12,N1,False,0.4358729462221925,0
20251027T230734 - d6018,13,N1,True,0.4025721630396976,0
20251027T230734 - d6018,14,N1,True,0.38795134470122195,0
20251027T230734 - d6018,15,N1,True,0.4374404165062128,0
20251027T230734 - d6018,16,N1,False,0.4288529372367566,0
20251027T230734 - d6018,17,W,True,0.2516287866225434,0
20251027T230734 - d6018,18,N1,True,0.5347121239920751,1
20251027T230734 - d6018,19,N1,False,0.44730856311143236,0
20251027T230734 - d6018,20,N1,True,0.3830975586913064,0
20251027T230734 - d6018,21,N1,True,0.42258474304721333,0
20251027T230734 - d6018,22,N1,False,0.3922581015224443,0
20251027T230734 - d6018,23,N1,True,0.5539489341093834,1
20251027T230734 - d6018,24,W,False,0.3770794495791717,0
20251027T230734 - d6018,25,N1,True,0.39401552920637284,0
20251027T230734 - d6018,26,N1,True,0.5078015964756848,1
20251027T230734 - d6018,27,N1,True,0.5146710703715338,1
20251027T230734 - d6018,28,W,True,0.4422946046738553,0
20251027T230734 - d6018,29,N1,False,0.508860411267915,1
20251027T230734 - d6018,30,N1,True,0.4496256982343359,0
20251027T230734 - d6018,31,N2,True,0.29636810117490225,0
20251027T230734 - d6018,32,W,True,0.3981084698149723,0
20251027T230734 - d6018,33,N1,False,0.42212014428270916,0
20251027T230734 - d6018,34,N1,True,0.4584046486903812,0
20251027T230734 - d6018,35,N1,True,0.47143426984502496,0
20251027T230734 - d6018,36,N2,True,0.43333077008623816,0
20251027T230734 - d6018,37,N1,True,0.5690903857744473,1
20251027T230734 - d6018,38,N2,False,0.43567705006078283,0
20251027T230734 - d6018,39,N1,True,0.5950346563838046,1
20251027T230734 - d6018,40,N2,False,0.26837650224759324,0
20251027T230734 - d6018,41,N1,True,0.5823543833802303,1
20251027T230734 - d6018,42,N2,False,0.4672292712800011,0
20251027T230734 - d6018,43,N1,True,0.541963351408154,1
20251027T230734 - d6018,44,N2,True,0.6049115644480245,1
20251027T230734 - d6018,45,N1,True,0.5886181985109254,1
20251027T230734 - d6018,46,N1,True,0.42731569082386833,0
20251027T230734 - d6018,47,N1,False,0.4282946271058584,0
20251027T230734 - d6018,48,N2,True,0.29573705903047953,0
20251027T230734 - d6018,49,N2,False,0.37914174090558056,0
20251027T230734 - d6018,50,N2,False,0.37154964543400193,0
20251027T230734 - d6018,51,N2,False,0.371773256989889,0
20251027T230734 - d6018,52,N2,False,0.3764835801760658,0
20251027T230734 - d6018,53,N2,True,0.2674111696470469,0
20251027T230734 - d6018,54,N2,True,0.3424381610883143,0
20251027T230734 - d6018,55,N2,True,0.39880759567391166,0
20251027T230734 - d6018,56,N2,True,0.288689581045516,0
20251027T230734 - d6018,57,N2,True,0.4219122694467658,0
20251027T230734 - d6018,58,N2,False,0.4064715916520148,0
20251027T230734 - d6018,59,N2,False,0.3194240822616684,0
20251027T230734 - d6018,60,N2,False,0.2849461024954289,0
20251027T230734 - d6018,61,N2,True,0.3218718320571155,0
20251027T230734 - d6018,62,N2,True,0.3099676014391929,0
20251027T230734 - d6018,63,N1,True,0.4608947559659567,0
20251027T230734 - d6018,64,W,True,0.3474085640148099,0
20251027T230734 - d6018,65,N1,False,0.4962981646768428,0
20251027T230734 - d6018,66,N1,True,0.36757022813179874,0
20251027T230734 - d6018,67,N1,True,0.49517382773732116,0
20251027T230734 - d6018,68,N2,True,0.3398272709490031,0
20251027T230734 - d6018,69,N2,True,0.3435178104593384,0
20251027T230734 - d6018,70,N1,False,0.3982018200199148,0
20251027T230734 - d6018,71,N2,True,0.35370692244990914,0
20251027T230734 - d6018,72,N2,False,0.35333010165510054,0
20251027T230734 - d6018,73,N2,True,0.41695426933410834,0
20251027T230734 - d6018,74,N2,False,0.37993849247384354,0
20251027T230734 - d6018,75,N2,False,0.31443196571872456,0
20251027T230734 - d6018,76,N2,True,0.32410614963960294,0
20251027T230734 - d6018,77,N2,True,0.5478748741114934,1
20251027T230734 - d6018,78,N2,False,0.32948473146260787,0
20251027T230734 - d6018,79,N2,True,0.45857104230225,0
20251027T230734 - d6018,80,N1,True,0.43794157659523614,0
20251027T230734 - d6018,81,N2,True,0.2920903250400416,0
20251027T230734 - d6018,82,N2,True,0.30625430716990015,0
20251027T230734 - d6018,83,N2,True,0.3787568401281798,0
20251027T230734 - d6018,84,N2,False,0.3209074149566855,0
20251027T230734 - d6018,85,N2,True,0.3442848277139842,0
20251027T230734 - d6018,86,N2,True,0.4236696218742166,0
20251027T230734 - d6018,87,N1,True,0.4194377626138223,0
20251027T230734 - d6018,88,W,True,0.5273267305620231,1
20251027T230734 - d6018,89,N1,False,0.45821243578712545,0
20251027T230734 - d6018,90,N1,True,0.4373802497948492,0
20251027T230734 - d6018,91,N2,True,0.35024520112678587,0
20251027T230734 - d6018,92,N1,False,0.4035461561145927,0
20251027T230734 - d6018,93,N1,True,0.4645212189635721,0
20251027T230734 - d6018,94,N2,True,0.4541227543930092,0
20251027T230734 - d6018,95,N2,True,0.3559367193095677,0
20251027T230734 - d6018,96,N2,False,0.34699500239187764,0
20251027T230734 - d6018,97,N1,True,0.44644777125750673,0
20251027T230734 - d6018,98,N2,True,0.3404006761741942,0
20251027T230734 - d6018,99,N2,True,0.37509114280019307,0
20251027T230734 - d6018,100,N1,True,0.6700422119639801,1
20251027T230734 - d6018,101,N1,False,0.4071943767445394,0
20251027T230734 - d6018,102,N1,True,0.45491740753927506,0
20251027T230734 - d6018,103,N1,True,0.4910730531528146,0
20251027T230734 - d6018,104,N1,False,0.4948525077964532,0
20251027T230734 - d6018,105,N1,True,0.6462822542141392,1
20251027T230734 - d6018,106,N1,True,0.603485048169236,1
20251027T230734 - d6018,107,N1,True,0.39226172735138504,0
20251027T230734 - d6018,108,N1,False,0.6034783965279028,1
20251027T230734 - d6018,109,N2,True,0.34540359347383043,0
20251027T230734 - d6018,110,N1,True,0.6459282432865033,1
20251027T230734 - d6018,111,N1,True,0.5281790669026453,1
20251027T230734 - d6018,112,N1,True,0.4687142700040844,0
20251027T230734 - d6018,113,N1,False,0.5234916980596985,1
20251027T230734 - d6018,114,N2,True,0.3388396028462158,0
20251027T230734 - d6018,115,N1,True,0.6245687364776525,1
20251027T230734 - d6018,116,N1,True,0.4067988678965839,0
20251027T230734 - d6018,117,N1,True,0.4190994951601495,0
20251027T230734 - d6018,118,N2,False,0.4444647054262331,0
20251027T230734 - d6018,119,W,True,0.5418804262716963,1
20251027T230734 - d6018,120,N1,True,0.4255600529445684,0
20251027T230734 - d6018,121,N1,True,0.40106632107306944,0
20251027T230734 - d6018,122,N1,True,0.4661323734781541,0
20251027T230734 - d6018,123,N2,True,0.3077960024059796,0
20251027T230734 - d6018,124,N2,True,0.24466782960244754,0
20251027T230734 - d6018,125,N1,True,0.3898071762023089,0
20251027T230734 - d6018,126,N2,False,0.2792338801543496,0
20251027T230734 - d6018,127,N1,True,0.3524560024722431,0
20251027T230734 - d6018,128,N2,False,0.28425948623589686,0
20251027T230734 - d6018,129,N1,False,0.3811227661872955,0
20251027T230734 - d6018,130,N2,True,0.2469913833627819,0
20251027T230734 - d6018,131,N1,True,0.4041504700746301,0
20251027T230734 - d6018,132,N2,False,0.36269873136678016,0
20251027T230734 - d6018,133,N2,True,0.3524522839167274,0
20251027T230734 - d6018,134,N2,False,0.41089324681426825,0
20251027T230734 - d6018,135,N1,False,0.5069962290409291,1
20251027T230734 - d6018,136,N2,False,0.3221882120996849,0
20251027T230734 - d6018,137,N2,False,0.3383319009960122,0
20251027T230734 - d6018,138,N2,False,0.256266178196048,0
20251027T230734 - d6018,139,N2,False,0.30274299064030236,0
20251027T230734 - d6018,140,N2,False,0.25849829811360836,0
20251027T230734 - d6018,141,N2,False,0.2672464707103276,0
20251027T230734 - d6018,142,N2,False,0.30131607229812224,0
20251027T230734 - d6018,143,N2,False,0.27897180584264414,0
20251027T230734 - d6018,144,N2,False,0.3071499858424655,0
20251027T230734 - d6018,145,N3,False,0.19445031176038216,0
20251027T230734 - d6018,146,N2,False,0.25232137225944795,0
20251027T230734 - d6018,147,N2,False,0.24414911788651927,0
20251027T230734 - d6018,148,N2,False,0.23784266984213645,0
20251027T230734 - d6018,149,N3,False,0.20480178146842104,0
20251027T230734 - d6018,150,N3,False,0.23696373576690724,0
20251027T230734 - d6018,151,N2,False,0.23397804778377904,0
20251027T230734 - d6018,152,N2,False,0.2104535672313832,0
20251027T230734 - d6018,153,N3,False,0.2662558563618421,0
20251027T230734 - d6018,154,N2,False,0.2230854047027961,0
20251027T230734 - d6018,155,N3,False,0.29656613661248576,0
20251027T230734 - d6018,156,N3,False,0.18354371430730532,0
20251027T230734 - d6018,157,N2,False,0.22178526640033092,0
20251027T230734 - d6018,158,N3,False,0.1508101078321335,0
20251027T230734 - d6018,159,N2,False,0.17794566178949023,0
20251027T230734 - d6018,160,N2,False,0.17033202638255415,0
20251027T230734 - d6018,161,N3,False,0.2317826075527533,0
20251027T230734 - d6018,162,N2,False,0.23701794286871902,0
20251027T230734 - d6018,163,N3,False,0.17225799775721884,0
20251027T230734 - d6018,164,N2,False,0.23445997412540492,0
20251027T230734 - d6018,165,N2,False,0.18045082127175607,0
20251027T230734 - d6018,166,N3,False,0.2027051622471636,0
20251027T230734 - d6018,167,N2,True,0.198784400996138,0
20251027T230734 - d6018,168,N2,False,0.2173746141854872,0
20251027T230734 - d6018,169,N3,False,0.26846231754742783,0
20251027T230734 - d6018,170,N3,False,0.22204668514545134,0
20251027T230734 - d6018,171,N2,True,0.28908927394229855,0
20251027T230734 - d6018,172,N2,True,0.34745381127076824,0
20251027T230734 - d6018,173,N2,False,0.3677302400922919,0
20251027T230734 - d6018,174,W,False,0.19415367874730674,0
20251027T230734 - d6018,175,W,True,0.35097351446859704,0
20251027T230734 - d6018,176,N1,True,0.44660374616940524,0
20251027T230734 - d6018,177,N1,False,0.44422627156226285,0
20251027T230734 - d6018,178,N1,False,0.3470033918591931,0
20251027T230734 - d6018,179,N2,False,0.3007281935451439,0
20251027T230734 - d6018,180,N2,True,0.23088309386818875,0
20251027T230734 - d6018,181,N1,False,0.499324711895844,0
20251027T230734 - d6018,182,N1,True,0.38900694574491335,0
20251027T230734 - d6018,183,N1,False,0.6083277873609382,1
20251027T230734 - d6018,184,N2,True,0.5335657456537105,1
20251027T230734 - d6018,185,N2,False,0.47755282379883196,0
20251027T230734 - d6018,186,REM,True,0.4735697665629146,0
20251027T230734 - d6018,187,REM,False,0.5962268981019921,1
20251027T230734 - d6018,188,REM,True,0.38529564359628937,0
20251027T230734 - d6018,189,REM,False,0.6387773580036958,1
20251027T230734 - d6018,190,REM,True,0.3730004784217932,0
20251027T230734 - d6018,191,REM,False,0.5676191933600078,1
20251027T230734 - d6018,192,REM,False,0.5251134016609273,1
20251027T230734 - d6018,193,REM,False,0.36264083811058323,0
20251027T230734 - d6018,194,REM,True,0.5810226682662999,1
20251027T230734 - d6018,195,W,False,0.5471900625222641,1
20251027T230734 - d6018,196,REM,False,0.3949589395992011,0
20251027T230734 - d6018,197,REM,False,0.3853348865772857,0
20251027T230734 - d6018,198,REM,True,0.5265360283576751,1
20251027T230734 - d6018,199,REM,True,0.6507053598092579,1
20251027T230734 - d6018,200,REM,True,0.3722546520023997,0
20251027T230734 - d6018,201,REM,False,0.4721060193603837,0
20251027T230734 - d6018,202,REM,True,0.586299300107025,1
20251027T230734 - d6018,203,REM,False,0.37410849169865174,0
20251027T230734 - d6018,204,REM,True,0.5445388902636615,1
20251027T230734 - d6018,205,REM,False,0.4276636620836179,0
20251027T230734 - d6018,206,REM,False,0.5351117008315291,1
20251027T230734 - d6018,207,REM,True,0.3925425480293198,0
20251027T230734 - d6018,208,REM,False,0.5943414860981128,1
20251027T230734 - d6018,209,REM,True,0.3811176470662371,0
20251027T230734 - d6018,210,W,True,0.536916923084101,1
20251027T230734 - d6018,211,N1,False,0.46071837706973073,0
20251027T230734 - d6018,212,N1,True,0.41606285039902347,0
20251027T230734 - d6018,213,N1,True,0.4046707302395813,0
20251027T230734 - d6018,214,W,False,0.5012661783046182,1
20251027T230734 - d6018,215,N1,True,0.5478435805528882,1
20251027T230734 - d6018,216,N1,False,0.444215235962893,0
20251027T230734 - d6018,217,N1,False,0.5220142648778479,1
20251027T230734 - d6018,218,N1,True,0.4157991796339129,0
20251027T230734 - d6018,219,N1,True,0.5514324072173443,1
20251027T230734 - d6018,220,N1,False,0.43239061530563483,0
20251027T230734 - d6018,221,N1,True,0.3176917805139303,0
20251027T230734 - d6018,222,N1,True,0.4374253555323408,0
20251027T230734 - d6018,223,N1,False,0.4377973898493736,0
20251027T230734 - d6018,224,N2,False,0.34202909806949,0
20251027T230734 - d6018,225,N2,False,0.33024112502233843,0
20251027T230734 - d6018,226,N2,False,0.28975483617755193,0
20251027T230734 - d6018,227,N2,False,0.31250389676210305,0
20251027T230734 - d6018,228,N2,False,0.24439674406830597,0
20251027T230734 - d6018,229,N2,False,0.3608395832380396,0
20251027T230734 - d6018,230,N2,False,0.28068435833195476,0
20251027T230734 - d6018,231,N2,False,0.3172353154541796,0
20251027T230734 - d6018,232,N2,False,0.2969853563230502,0
20251027T230734 - d6018,233,N2,False,0.2705420192780805,0
20251027T230734 - d6018,234,N2,False,0.24157362321452222,0
20251027T230734 - d6018,235,N2,False,0.2563161695486124,0
20251027T230734 - d6018,236,N2,False,0.24463730493620026,0
20251027T230734 - d6018,237,N2,False,0.2931197012699721,0
20251027T230734 - d6018,238,N2,False,0.3331115431632315,0
20251027T230734 - d6018,239,N2,False,0.24640276693781624,0
20251027T230734 - d6018,240,N2,False,0.26429401826656723,0
20251027T230734 - d6018,241,N2,False,0.23866587988996435,0
20251027T230734 - d6018,242,N2,False,0.2792885836644341,0
20251027T230734 - d6018,243,N2,False,0.24090163368764148,0
20251027T230734 - d6018,244,N2,False,0.2635754106862236,0
20251027T230734 - d6018,245,N2,False,0.23971690412192587,0
20251027T230734 - d6018,246,N2,False,0.30054948396377257,0
20251027T230734 - d6018,247,N2,False,0.20363326944730756,0
20251027T230734 - d6018,248,N2,False,0.28267098538025603,0
20251027T230734 - d6018,249,N2,True,0.20707039615519562,0
20251027T230734 - d6018,250,N2,False,0.35414351554622725,0
20251027T230734 - d6018,251,N2,False,0.3647043048849823,0
20251027T230734 - d6018,252,N2,True,0.40233981934475166,0
20251027T230734 - d6018,253,N2,False,0.29483701791382927,0
20251027T230734 - d6018,254,N1,False,0.3530375327368682,0
20251027T230734 - d6018,255,N2,False,0.3285538196822615,0
20251027T230734 - d6018,256,N2,False,0.2257871446681859,0
20251027T230734 - d6018,257,N2,False,0.2847067573244908,0
20251027T230734 - d6018,258,N2,False,0.3411508373762958,0
20251027T230734 - d6018,259,N2,False,0.2013930531820504,0
20251027T230734 - d6018,260,N2,False,0.2903146589861944,0
20251027T230734 - d6018,261,N2,False,0.2272436205525558,0
20251027T230734 - d6018,262,N2,False,0.2891195199330051,0
20251027T230734 - d6018,263,N2,True,0.22038547486166135,0
20251027T230734 - d6018,264,N2,False,0.24698314010020797,0
20251027T230734 - d6018,265,N2,False,0.26759906442012465,0
20251027T230734 - d6018,266,N2,False,0.2169641715155371,0
20251027T230734 - d6018,267,N2,False,0.18016399238560318,0
20251027T230734 - d6018,268,N2,False,0.18238120362294008,0
20251027T230734 - d6018,269,N2,False,0.17546619477547193,0
20251027T230734 - d6018,270,N2,False,0.20403492348733185,0
20251027T230734 - d6018,271,N2,False,0.24663175950541297,0
20251027T230734 - d6018,272,N2,False,0.2194583389065102,0
20251027T230734 - d6018,273,N2,False,0.2002944994923941,0
20251027T230734 - d6018,274,N2,False,0.2390895603231665,0
20251027T230734 - d6018,275,N2,False,0.18833604249682995,0
20251027T230734 - d6018,276,N2,False,0.12791264630467922,0
20251027T230734 - d6018,277,N2,False,0.19845231121782173,0
20251027T230734 - d6018,278,N2,False,0.15998879064680746,0
20251027T230734 - d6018,279,N2,False,0.19590538843453575,0
20251027T230734 - d6018,280,N2,False,0.1712878300980044,0
20251027T230734 - d6018,281,N2,False,0.154619511882272,0
20251027T230734 - d6018,282,N2,False,0.15477924519837316,0
20251027T230734 - d6018,283,N2,True,0.26544661861121405,0
20251027T230734 - d6018,284,N2,False,0.21118543451751495,0
20251027T230734 - d6018,285,N2,False,0.41658591645246174,0
20251027T230734 - d6018,286,N2,False,0.13192492052319643,0
20251027T230734 - d6018,287,N2,False,0.16232606771721683,0
20251027T230734 - d6018,288,N3,False,0.14029064833531682,0
20251027T230734 - d6018,289,N2,False,0.16592353113057318,0
20251027T230734 - d6018,290,N2,False,0.26329906866119485,0
20251027T230734 - d6018,291,N2,False,0.22282068555889087,0
20251027T230734 - d6018,292,N2,False,0.1926936344794556,0
20251027T230734 - d6018,293,N3,False,0.18788409803003403,0
20251027T230734 - d6018,294,N2,False,0.15448335985337397,0
20251027T230734 - d6018,295,N2,False,0.19315450896397826,0
20251027T230734 - d6018,296,N3,False,0.227089259099692,0
20251027T230734 - d6018,297,N2,False,0.2783083433481429,0
20251027T230734 - d6018,298,N2,False,0.1776634097625921,0
20251027T230734 - d6018,299,N3,False,0.20149801204062523,0
20251027T230734 - d6018,300,N2,False,0.19687708975360463,0
20251027T230734 - d6018,301,N2,False,0.1324283257642363,0
20251027T230734 - d6018,302,N2,True,0.25371751149050464,0
20251027T230734 - d6018,303,N2,False,0.2698560467429674,0
20251027T230734 - d6018,304,N2,False,0.1736399260400636,0
20251027T230734 - d6018,305,N2,False,0.1445937274500984,0
20251027T230734 - d6018,306,N3,False,0.16465687932797785,0
20251027T230734 - d6018,307,N2,False,0.16774984479814148,0
20251027T230734 - d6018,308,N2,False,0.14213842501205934,0
20251027T230734 - d6018,309,N2,False,0.1968984407628646,0
20251027T230734 - d6018,310,N2,False,0.22512170062289996,0
20251027T230734 - d6018,311,N3,False,0.17846712701483378,0
20251027T230734 - d6018,312,N2,False,0.16217643003795668,0
20251027T230734 - d6018,313,N2,False,0.2042826885065714,0
20251027T230734 - d6018,314,N2,False,0.15338639249492536,0
20251027T230734 - d6018,315,N3,False,0.13124538092442972,0
20251027T230734 - d6018,316,N2,False,0.12784214220582293,0
20251027T230734 - d6018,317,N2,False,0.1793046425948096,0
20251027T230734 - d6018,318,N2,False,0.13908060005985598,0
20251027T230734 - d6018,319,N2,False,0.17040848746865753,0
20251027T230734 - d6018,320,N3,False,0.1475398868923151,0
20251027T230734 - d6018,321,N2,False,0.1639053314414594,0
20251027T230734 - d6018,322,N2,False,0.16280906314302168,0
20251027T230734 - d6018,323,N2,False,0.12435897430201343,0
20251027T230734 - d6018,324,N2,False,0.17082663839204865,0
20251027T230734 - d6018,325,N2,False,0.16491412197279978,0
20251027T230734 - d6018,326,N2,False,0.16873907346969463,0
20251027T230734 - d6018,327,N2,False,0.26628122486300276,0
20251027T230734 - d6018,328,N3,False,0.167969171772003,0
20251027T230734 - d6018,329,N2,False,0.18303271277338937,0
20251027T230734 - d6018,330,N2,False,0.1558047367503112,0
20251027T230734 - d6018,331,N2,False,0.15747583684014044,0
20251027T230734 - d6018,332,N2,True,0.14072301600945802,0
20251027T230734 - d6018,333,N2,False,0.3561145611514664,0
20251027T230734 - d6018,334,W,False,0.26813575940421147,0
20251027T230734 - d6018,335,W,False,0.32783964135701693,0
20251027T230734 - d6018,336,W,False,0.29942088083094026,0
20251027T230734 - d6018,337,N1,True,0.41946281230687515,0
20251027T230734 - d6018,338,N1,True,0.3669886159460444,0
20251027T230734 - d6018,339,N1,True,0.36680577280600607,0
20251027T230734 - d6018,340,N2,False,0.39025680524988465,0
20251027T230734 - d6018,341,N1,True,0.4105286878986958,0
20251027T230734 - d6018,342,N1,False,0.41565620991438074,0
20251027T230734 - d6018,343,N2,True,0.3848095297096093,0
20251027T230734 - d6018,344,N2,False,0.31568027058628584,0
20251027T230734 - d6018,345,N2,True,0.35470445585389304,0
20251027T230734 - d6018,346,N2,False,0.31491075005136177,0
20251027T230734 - d6018,347,N2,False,0.3311482160110119,0
20251027T230734 - d6018,348,REM,True,0.39495860346085593,0
20251027T230734 - d6018,349,W,False,0.49001524564382576,0
20251027T230734 - d6018,350,N1,True,0.5242135723358166,1
20251027T230734 - d6018,351,N1,False,0.4451287640742915,0
20251027T230734 - d6018,352,REM,False,0.34191434612300514,0
20251027T230734 - d6018,353,REM,True,0.4533442892270276,0
20251027T230734 - d6018,354,W,False,0.6400769526492645,1
20251027T230734 - d6018,355,REM,False,0.460093476256483,0
20251027T230734 - d6018,356,REM,True,0.47855366603290017,0
20251027T230734 - d6018,357,REM,False,0.6111741621561368,1
20251027T230734 - d6018,358,REM,False,0.4779717254682854,0
20251027T230734 - d6018,359,REM,False,0.5931153906162369,1
20251027T230734 - d6018,360,REM,True,0.49998605828627407,0
20251027T230734 - d6018,361,REM,True,0.5951982136649103,1
20251027T230734 - d6018,362,W,False,0.6336136622765308,1
20251027T230734 - d6018,363,REM,True,0.3362401519309033,0
20251027T230734 - d6018,364,REM,False,0.5157495880147063,1
20251027T230734 - d6018,365,REM,True,0.46489219106719154,0
20251027T230734 - d6018,366,REM,False,0.49674392165850245,0
20251027T230734 - d6018,367,REM,False,0.5796857087656622,1
20251027T230734 - d6018,368,REM,True,0.3762071321239262,0
20251027T230734 - d6018,369,REM,True,0.6184206270888278,1
20251027T230734 - d6018,370,REM,False,0.4573022251236127,0
20251027T230734 - d6018,371,REM,False,0.4210686499570486,0
20251027T230734 - d6018,372,REM,False,0.40445630851941333,0
20251027T230734 - d6018,373,REM,True,0.44191106538232355,0
20251027T230734 - d6018,374,W,False,0.5093526511434123,1
20251027T230734 - d6018,375,REM,True,0.4916935066815868,0
20251027T230734 - d6018,376,REM,False,0.5177218884285536,1
20251027T230734 - d6018,377,REM,False,0.5510731807584898,1
20251027T230734 - d6018,378,REM,True,0.3808098690601027,0
20251027T230734 - d6018,379,REM,False,0.6027273975184485,1
20251027T230734 - d6018,380,W,True,0.5480867318826358,1
20251027T230734 - d6018,381,N1,True,0.5013146371149763,1
20251027T230734 - d6018,382,N1,True,0.4235219946537638,0
20251027T230734 - d6018,383,N1,True,0.4259679893632966,0
20251027T230734 - d6018,384,N1,True,0.5098830698147248,1
20251027T230734 - d6018,385,N1,True,0.4581339524714921,0
20251027T230734 - d6018,386,N1,False,0.4212293739325108,0
20251027T230734 - d6018,387,N1,True,0.3834127939989673,0
20251027T230734 - d6018,388,N1,True,0.42291190595015066,0
20251027T230734 - d6018,389,N1,True,0.5314048790283651,1
20251027T230734 - d6018,390,N1,False,0.4362170902830975,0
20251027T230734 - d6018,391,N2,True,0.35555484952041455,0
20251027T230734 - d6018,392,N2,False,0.4300753694655291,0
20251027T230734 - d6018,393,N1,True,0.3993060066520724,0
20251027T230734 - d6018,394,REM,False,0.5347483478839645,1
20251027T230734 - d6018,395,REM,True,0.49738513377381693,0
20251027T230734 - d6018,396,REM,False,0.429428877853181,0
20251027T230734 - d6018,397,W,True,0.5401641445830903,1
20251027T230734 - d6018,398,N1,False,0.4244426206062283,0
20251027T230734 - d6018,399,N1,True,0.3997074480920971,0
20251027T230734 - d6018,400,N1,False,0.35469686629837377,0
20251027T230734 - d6018,401,N1,False,0.3070001847905897,0
20251027T230734 - d6018,402,N2,False,0.31534046535700666,0
20251027T230734 - d6018,403,N2,False,0.32054006644423744,0
20251027T230734 - d6018,404,N2,False,0.27647331492542593,0
20251027T230734 - d6018,405,N2,False,0.30024870468263964,0
20251027T230734 - d6018,406,N2,False,0.312193685429392,0
20251027T230734 - d6018,407,N2,False,0.2776295659780178,0
20251027T230734 - d6018,408,N2,False,0.2745868496437088,0
20251027T230734 - d6018,409,N2,False,0.36861811368880415,0
20251027T230734 - d6018,410,N2,True,0.2729226497915016,0
20251027T230734 - d6018,411,N1,False,0.4251059966226092,0
20251027T230734 - d6018,412,REM,True,0.3936471545287434,0
20251027T230734 - d6018,413,REM,False,0.48731108871890527,0
20251027T230734 - d6018,414,W,False,0.5646002257396793,1
20251027T230734 - d6018,415,N1,True,0.44599907375435727,0
20251027T230734 - d6018,416,N1,False,0.46212856149432324,0
20251027T230734 - d6018,417,N1,False,0.3625448334609176,0
20251027T230734 - d6018,418,N2,False,0.2819626122717026,0
20251027T230734 - d6018,419,N2,False,0.2953289860954815,0
20251027T230734 - d6018,420,N2,True,0.2373847871749529,0
20251027T230734 - d6018,421,W,True,0.2620772423745643,0
20251027T230734 - d6018,422,N1,False,0.4864726445815477,0
20251027T230734 - d6018,423,N2,False,0.3455002023850421,0
20251027T230734 - d6018,424,N2,False,0.2788167392083896,0
20251027T230734 - d6018,425,N2,False,0.2739005522705774,0
20251027T230734 - d6018,426,N2,False,0.32963379433765927,0
20251027T230734 - d6018,427,N2,False,0.3249495888022105,0
20251027T230734 - d6018,428,N2,False,0.3048452784611534,0
20251027T230734 - d6018,429,N2,False,0.3004843027422196,0
20251027T230734 - d6018,430,N2,True,0.2963569227902755,0
20251027T230734 - d6018,431,N2,False,0.3741082677963363,0
20251027T230734 - d6018,432,N1,False,0.5052331686745546,1
20251027T230734 - d6018,433,N2,False,0.3406478134008679,0
20251027T230734 - d6018,434,N2,False,0.25301453532788115,0
20251027T230734 - d6018,435,N2,False,0.25193789721702964,0
20251027T230734 - d6018,436,N2,False,0.2909630794872918,0
20251027T230734 - d6018,437,N2,False,0.25851393968418873,0
20251027T230734 - d6018,438,N2,False,0.26473149862512524,0
20251027T230734 - d6018,439,N2,False,0.2822988465985876,0
20251027T230734 - d6018,440,N2,False,0.2927328574402415,0
20251027T230734 - d6018,441,N2,False,0.3134569180462292,0
20251027T230734 - d6018,442,N2,False,0.31372306278365397,0
20251027T230734 - d6018,443,N2,False,0.2329403836509768,0
20251027T230734 - d6018,444,N2,False,0.26952855974106366,0
20251027T230734 - d6018,445,N2,False,0.28124336680143025,0
20251027T230734 - d6018,446,N2,True,0.2557957370562162,0
20251027T230734 - d6018,447,N1,False,0.5364463567924043,1
20251027T230734 - d6018,448,N1,True,0.40468959155605366,0
20251027T230734 - d6018,449,N1,True,0.42834360252846276,0
20251027T230734 - d6018,450,N1,False,0.44464955157939395,0
20251027T230734 - d6018,451,N2,False,0.2742328536431562,0
20251027T230734 - d6018,452,N2,False,0.21360860448154476,0
20251027T230734 - d6018,453,N2,False,0.27188676239863346,0
20251027T230734 - d6018,454,N2,False,0.28353949250640686,0
20251027T230734 - d6018,455,N2,False,0.24979690615866876,0
20251027T230734 - d6018,456,N2,False,0.2618567734061911,0
20251027T230734 - d6018,457,N2,False,0.291373738577031,0
20251027T230734 - d6018,458,N2,False,0.23574158366502865,0
20251027T230734 - d6018,459,N2,False,0.24666335964921315,0
20251027T230734 - d6018,460,N2,False,0.2051578409591283,0
20251027T230734 - d6018,461,N2,False,0.1835704581494212,0
20251027T230734 - d6018,462,N2,False,0.29656435061155495,0
20251027T230734 - d6018,463,N2,False,0.21794190515906992,0
20251027T230734 - d6018,464,N2,False,0.17189732353792356,0
20251027T230734 - d6018,465,N2,False,0.3204775698225248,0
20251027T230734 - d6018,466,N2,False,0.21272331650699347,0
20251027T230734 - d6018,467,N2,False,0.24340696481409294,0
20251027T230734 - d6018,468,N2,False,0.22218242341165678,0
20251027T230734 - d6018,469,N2,False,0.22641631906643575,0
20251027T230734 - d6018,470,N2,False,0.2428579705604665,0
20251027T230734 - d6018,471,N2,False,0.13136730743851419,0
20251027T230734 - d6018,472,N2,False,0.2238123326513157,0
20251027T230734 - d6018,473,N2,False,0.20520117141645738,0
20251027T230734 - d6018,474,N2,False,0.2062739730158663,0
20251027T230734 - d6018,475,N2,False,0.21205971127628762,0
20251027T230734 - d6018,476,N2,False,0.18755534940013088,0
20251027T230734 - d6018,477,N2,False,0.15865826578173844,0
20251027T230734 - d6018,478,N2,False,0.19520414659863433,0
20251027T230734 - d6018,479,N2,False,0.24190669841611664,0
20251027T230734 - d6018,480,N2,False,0.1761891996399266,0
20251027T230734 - d6018,481,N2,False,0.17208510094154034,0
20251027T230734 - d6018,482,N2,False,0.22510939229925975,0
20251027T230734 - d6018,483,N2,False,0.21460931173912626,0
20251027T230734 - d6018,484,N2,False,0.2052287403244907,0
20251027T230734 - d6018,485,N2,False,0.22599112628233,0
20251027T230734 - d6018,486,N2,False,0.18908193612315782,0
20251027T230734 - d6018,487,N2,False,0.22307329462771938,0
20251027T230734 - d6018,488,N2,False,0.3031439420936311,0
20251027T230734 - d6018,489,N2,False,0.2563401616686204,0
20251027T230734 - d6018,490,N2,False,0.17690409414469463,0
20251027T230734 - d6018,491,N2,False,0.2263921985361877,0
20251027T230734 - d6018,492,N2,True,0.2091066736681673,0
20251027T230734 - d6018,493,N2,False,0.1697023186285906,0
20251027T230734 - d6018,494,N2,True,0.1968529743843064,0
20251027T230734 - d6018,495,N2,False,0.36584838784564283,0
20251027T230734 - d6018,496,W,False,0.2926611075686417,0
20251027T230734 - d6018,497,W,False,0.41279288485164267,0
20251027T230734 - d6018,498,W,False,0.36824622378314403,0
20251027T230734 - d6018,499,N1,True,0.37897235611458113,0
20251027T230734 - d6018,500,N1,True,0.42478354289927317,0
20251027T230734 - d6018,501,N1,True,0.4346988332187221,0
20251027T230734 - d6018,502,W,False,0.34515500110307945,0
20251027T230734 - d6018,503,W,False,0.4073527337479385,0
20251027T230734 - d6018,504,W,True,0.4170863238756031,0
20251027T230734 - d6018,505,N1,False,0.4870538095245697,0
20251027T230734 - d6018,506,N1,True,0.36945156425265663,0
20251027T230734 - d6018,507,N1,True,0.4800951429793998,0
20251027T230734 - d6018,508,N1,False,0.42904458261559136,0
20251027T230734 - d6018,509,W,False,0.36951503154206655,0
20251027T230734 - d6018,510,N1,True,0.33124345044609,0
20251027T230734 - d6018,511,N2,False,0.28432533366933443,0
20251027T230734 - d6018,512,N2,True,0.2869037325854199,0
20251027T230734 - d6018,513,N2,True,0.3150811432456831,0
20251027T230734 - d6018,514,N1,False,0.4121757458161441,0
20251027T230734 - d6018,515,N1,False,0.3218244964227288,0
20251027T230734 - d6018,516,N2,False,0.37957330653480953,0
20251027T230734 - d6018,517,N2,False,0.3211654599753412,0
20251027T230734 - d6018,518,N2,False,0.251111983835688,0
20251027T230734 - d6018,519,N2,False,0.33776323026668637,0
20251027T230734 - d6018,520,N2,False,0.23274215260447062,0
20251027T230734 - d6018,521,N2,False,0.2147239603734101,0
20251027T230734 - d6018,522,N2,False,0.29579484622181446,0
20251027T230734 - d6018,523,N2,True,0.27542432702285946,0
20251027T230734 - d6018,524,N2,True,0.25572771712680226,0
20251027T230734 - d6018,525,N1,True,0.41142678886620554,0
20251027T230734 - d6018,526,N1,False,0.47942652257098217,0
20251027T230734 - d6018,527,W,False,0.5141284487876817,1
20251027T230734 - d6018,528,W,False,0.1841848833652293,0
20251027T230734 - d6018,529,W,False,0.27011458617148887,0
20251027T230734 - d6018,530,N1,True,0.4496516139181626,0
20251027T230734 - d6018,531,N1,True,0.3541801386408855,0
20251027T230734 - d6018,532,N1,True,0.311201720202356,0
20251027T230734 - d6018,533,N2,True,0.2692920575864894,0
20251027T230734 - d6018,534,N1,False,0.30249796997961853,0
20251027T230734 - d6018,535,N1,True,0.4135816474114444,0
20251027T230734 - d6018,536,N1,False,0.47559511359848483,0
20251027T230734 - d6018,537,N2,True,0.17363930888110626,0
20251027T230734 - d6018,538,N2,False,0.23194345291619314,0
20251027T230734 - d6018,539,N2,False,0.2703903514157633,0
20251027T230734 - d6018,540,N2,False,0.18982509107960882,0
20251027T230734 - d6018,541,N2,False,0.24125935603821097,0
20251027T230734 - d6018,542,N2,False,0.21382038367541722,0
20251027T230734 - d6018,543,N2,False,0.1803016424935011,0
20251027T230734 - d6018,544,N2,False,0.20378929507844173,0
20251027T230734 - d6018,545,N2,False,0.2070420104358588,0
20251027T230734 - d6018,546,N2,False,0.25258085396680574,0
20251027T230734 - d6018,547,N2,False,0.2771417834412439,0
20251027T230734 - d6018,548,N2,True,0.22873953705260697,0
20251027T230734 - d6018,549,W,False,0.24835101098894366,0
20251027T230734 - d6018,550,N1,True,0.38658928624966904,0
20251027T230734 - d6018,551,N2,False,0.24451103481006292,0
20251027T230734 - d6018,552,N2,False,0.22906187324347116,0
20251027T230734 - d6018,553,REM,True,0.3162608064286401,0
20251027T230734 - d6018,554,REM,False,0.26997524097890885,0
20251027T230734 - d6018,555,REM,True,0.3296304900323189,0
20251027T230734 - d6018,556,REM,False,0.3541939363013038,0
20251027T230734 - d6018,557,REM,False,0.32907407831357605,0
20251027T230734 - d6018,558,REM,False,0.3452584366318671,0
20251027T230734 - d6018,559,REM,True,0.39337275351703666,0
20251027T230734 - d6018,560,REM,True,0.3437943025966743,0
20251027T230734 - d6018,561,REM,False,0.30436009852569346,0
20251027T230734 - d6018,562,REM,False,0.4071404429223148,0
20251027T230734 - d6018,563,REM,True,0.3144797642992674,0
20251027T230734 - d6018,564,REM,True,0.37130214920223736,0
20251027T230734 - d6018,565,REM,False,0.3338102836860238,0
20251027T230734 - d6018,566,REM,False,0.34300953907946025,0
20251027T230734 - d6018,567,REM,False,0.35237671744713295,0
20251027T230734 - d6018,568,REM,False,0.4614431837509286,0
20251027T230734 - d6018,569,REM,False,0.5072345829105298,1
20251027T230734 - d6018,570,REM,False,0.34364214478014404,0
20251027T230734 - d6018,571,REM,False,0.33937713541718906,0
20251027T230734 - d6018,572,REM,False,0.5548325806657743,1
20251027T230734 - d6018,573,REM,False,0.6051256011730008,1
20251027T230734 - d6018,574,REM,False,0.3971599115079218,0
20251027T230734 - d6018,575,REM,False,0.3393454654235505,0
20251027T230734 - d6018,576,REM,True,0.38528433747686164,0
20251027T230734 - d6018,577,W,False,0.48342461152917315,0
20251027T230734 - d6018,578,N1,False,0.3926636295214141,0
20251027T230734 - d6018,579,REM,False,0.28507069520433964,0
20251027T230734 - d6018,580,REM,False,0.32527242198852035,0
20251027T230734 - d6018,581,REM,True,0.3362381097849154,0
20251027T230734 - d6018,582,REM,False,0.28779672549993585,0
20251027T230734 - d6018,583,W,False,0.35239886253832564,0
20251027T230734 - d6018,584,REM,True,0.2954465394401209,0
20251027T230734 - d6018,585,REM,False,0.27950828658494364,0
20251027T230734 - d6018,586,REM,True,0.3404346864773298,0
20251027T230734 - d6018,587,REM,False,0.26043522730785873,0
20251027T230734 - d6018,588,REM,False,0.36276132927035576,0
20251027T230734 - d6018,589,REM,True,0.3223405590742733,0
20251027T230734 - d6018,590,REM,False,0.3320084899543889,0
20251027T230734 - d6018,591,REM,True,0.4065477773193952,0
20251027T230734 - d6018,592,REM,False,0.3751954888081002,0
20251027T230734 - d6018,593,REM,False,0.3507157002289073,0
20251027T230734 - d6018,594,REM,True,0.516535135928357,1
20251027T230734 - d6018,595,REM,False,0.5101955462132429,1
20251027T230734 - d6018,596,W,False,0.3763586961051059,0
20251027T230734 - d6018,597,W,False,0.13196555010921612,0
20251027T230734 - d6018,598,W,False,0.11650004592037945,0
20251027T230734 - d6018,599,W,False,0.07453226478209488,0
20251027T230734 - d6018,600,W,False,0.13003306541879872,0
20251027T230734 - d6018,601,W,False,0.11071534561880275,0
20251027T230734 - d6018,602,W,False,0.11404980723613735,0
20251027T230734 - d6018,603,W,False,0.2303140790699308,0
20251027T230734 - d6018,604,W,False,0.24237514926494635,0
20251027T230734 - d6018,605,W,False,0.22887219235667286,0
20251027T230734 - d6018,606,W,False,0.2229812505197299,0
20251027T230734 - d6018,607,W,False,0.3488535038421343,0
20251027T230734 - d6018,608,W,False,0.3576338104484483,0
20251027T230734 - d6018,609,W,False,0.3781064452194517,0
20251027T230734 - d6018,610,W,False,0.3487537948058016,0
20251027T230734 - d6018,611,W,False,0.28198118939352745,0
20251027T230734 - d6018,612,W,False,0.29376156454797286,0
20251027T230734 - d6018,613,W,False,0.21903828725952146,0
20251027T230734 - d6018,614,W,False,0.3990746801131058,0
20251027T230734 - d6018,615,W,False,0.25724371048156974,0
20251027T230734 - d6018,616,W,False,0.2667794136748324,0
20251027T230734 - d6018,617,W,False,0.23381660445134006,0
20251027T230734 - d6018,618,W,False,0.24271329783230475,0
20251027T230734 - d6018,619,W,False,0.22930655073681794,0
20251027T230734 - d6018,620,W,False,0.2675884408325603,0
20251027T230734 - d6018,621,W,False,0.2586621796642602,0
20251027T230734 - d6018,622,W,False,0.2910691168379671,0
20251027T230734 - d6018,623,W,False,0.35964580819259545,0
20251027T230734 - d6018,624,W,False,0.2439683987546121,0
20251027T230734 - d6018,625,W,False,0.23484317644203334,0
20251027T230734 - d6018,626,W,False,0.23060242183124188,0
20251027T230734 - d6018,627,W,False,0.2841422883492466,0
20251027T230734 - d6018,628,W,False,0.22706397063249598,0
20251027T230734 - d6018,629,W,False,0.22080771543620567,0
20251027T230734 - d6018,630,W,False,0.22819999128222954,0
20251027T230734 - d6018,631,W,False,0.2175575245239412,0
20251027T230734 - d6018,632,W,False,0.3109205148424064,0
20251027T230734 - d6018,633,W,False,0.24075743130306593,0
20251027T230734 - d6018,634,W,False,0.24975218593341467,0
20251027T230734 - d6018,635,W,False,0.1625795198781634,0
20251027T230734 - d6018,636,W,False,0.18997120685287144,0
20251027T230734 - d6018,637,W,False,0.24649443947808816,0
20251027T230734 - d6018,638,W,False,0.19380615883944496,0
20251027T230734 - d6018,639,W,False,0.21270131598885375,0
20251027T230734 - d6018,640,W,False,0.19913992209819587,0
20251027T230734 - d6018,641,W,False,0.18791496878619207,0
20251027T230734 - d6018,642,W,False,0.230594820015852,0
20251027T230734 - d6018,643,W,False,0.2387737949043731,0
20251027T230734 - d6018,644,W,False,0.20732456583395464,0
20251027T230734 - d6018,645,W,False,0.18120169749337575,0
20251027T230734 - d6018,646,W,False,0.20567838487411716,0
20251027T230734 - d6018,647,W,False,0.36087720856820055,0
20251027T230734 - d6018,648,W,False,0.2711099228341609,0
20251027T230734 - d6018,649,W,False,0.30858144119260084,0
20251027T230734 - d6018,650,W,False,0.22329211176619668,0
20251027T230734 - d6018,651,W,False,0.21544061387190674,0
20251027T230734 - d6018,652,W,False,0.2736199177803,0
20251027T230734 - d6018,653,W,False,0.22223699932408153,0
20251027T230734 - d6018,654,W,False,0.19422567616419095,0
20251027T230734 - d6018,655,W,False,0.3070188915674325,0
20251027T230734 - d6018,656,W,False,0.31409444157061084,0
20251027T230734 - d6018,657,W,False,0.18781338415080234,0
20251027T230734 - d6018,658,W,False,0.20869173116012352,0
20251027T230734 - d6018,659,W,False,0.21739980860438254,0
20251027T230734 - d6018,660,W,False,0.19299112884835729,0
20251027T230734 - d6018,661,W,False,0.2365524078118634,0
20251027T230734 - d6018,662,W,False,0.1999190388592023,0
20251027T230734 - d6018,663,W,False,0.1999597149410716,0
20251027T230734 - d6018,664,W,False,0.19034962934447527,0
20251027T230734 - d6018,665,W,False,0.2096268338057166,0
20251027T230734 - d6018,666,W,False,0.19359210090500856,0
20251027T230734 - d6018,667,W,False,0.21685232165011065,0
20251027T230734 - d6018,668,W,False,0.1962679534633667,0
20251027T230734 - d6018,669,W,False,0.17383046837680938,0
20251027T230734 - d6018,670,W,False,0.21629294448337524,0
20251027T230734 - d6018,671,W,False,0.21344907440367827,0
20251027T230734 - d6018,672,W,False,0.28314257991735575,0
20251027T230734 - d6018,673,W,False,0.27149126735584406,0
20251027T230734 - d6018,674,W,False,0.2548312310508992,0
20251027T230734 - d6018,675,W,False,0.1974525011653439,0
20251027T230734 - d6018,676,W,False,0.23700054458808303,0
20251027T230734 - d6018,677,W,False,0.20162100277107584,0
20251027T230734 - d6018,678,W,False,0.20084541297973743,0
20251027T230734 - d6018,679,W,False,0.18243273728705361,0
20251027T230734 - d6018,680,W,False,0.17405302413497978,0
20251027T230734 - d6018,681,W,False,0.1870390643167001,0
20251027T230734 - d6018,682,W,False,0.19759005225130657,0
20251027T230734 - d6018,683,W,False,0.28542627841575163,0
20251027T230734 - d6018,684,W,False,0.1971123766487155,0
20251027T230734 - d6018,685,W,False,0.34118362127929813,0
20251027T230734 - d6018,686,W,False,0.21097457701736883,0
20251027T230734 - d6018,687,W,False,0.14236772536739914,0
20251027T230734 - d6018,688,W,False,0.2014164041387787,0
20251027T230734 - d6018,689,W,False,0.21992892682645546,0
20251027T230734 - d6018,690,W,False,0.3325295247926043,0
20251027T230734 - d6018,691,W,False,0.20085572482740902,0
20251027T230734 - d6018,692,W,False,0.22365695287256504,0
20251027T230734 - d6018,693,W,False,0.25910028521925116,0
20251027T230734 - d6018,694,W,False,0.2198459349975054,0
20251027T230734 - d6018,695,W,False,0.23440976174660666,0
20251027T230734 - d6018,696,W,False,0.26901014728743516,0
20251027T230734 - d6018,697,W,False,0.1577195458615472,0
20251027T230734 - d6018,698,W,False,0.2315185042344969,0
20251027T230734 - d6018,699,W,False,0.2535505344770861,0
20251027T230734 - d6018,700,W,False,0.19778089298302423,0
20251027T230734 - d6018,701,W,False,0.25581697358145855,0
20251027T230734 - d6018,702,W,False,0.22370126806645516,0
20251027T230734 - d6018,703,W,False,0.1985357999417351,0
20251027T230734 - d6018,704,W,False,0.2126498249388283,0
20251027T230734 - d6018,705,W,False,0.19987431054463994,0
20251027T230734 - d6018,706,W,False,0.15739931585561315,0
20251027T230734 - d6018,707,W,False,0.21733842359764177,0
20251027T230734 - d6018,708,W,False,0.22932546723634484,0
20251027T230734 - d6018,709,W,False,0.3052735621917548,0
20251027T230734 - d6018,710,W,False,0.15973872089372415,0
20251027T230734 - d6018,711,W,True,0.22242592627865615,0
20251027T230734 - d6018,712,N1,True,0.47897803212362683,0
20251027T230734 - d6018,713,W,False,0.24346310924679035,0
20251027T230734 - d6018,714,W,False,0.21523423472353856,0
20251027T230734 - d6018,715,W,False,0.26008372867568885,0
20251027T230734 - d6018,716,W,True,0.32812755920102105,0
20251027T230734 - d6018,717,N1,False,0.45603330288902055,0
20251027T230734 - d6018,718,W,False,0.2974674121073839,0
20251027T230734 - d6018,719,W,False,0.34086210503137865,0
