threshold,true_negative,false_positive,false_negative,true_positive,precision,recall,specificity,negative_predictive_value,f1,balanced_accuracy,predicted_positive_count
0.01,0,9943,0,4222,0.2980585951288387,1.0,0.0,,0.459237504758797,0.5,14165
0.011,0,9943,0,4222,0.2980585951288387,1.0,0.0,,0.459237504758797,0.5,14165
0.011999999999999999,0,9943,0,4222,0.2980585951288387,1.0,0.0,,0.459237504758797,0.5,14165
0.012999999999999998,0,9943,0,4222,0.2980585951288387,1.0,0.0,,0.459237504758797,0.5,14165
0.013999999999999997,0,9943,0,4222,0.2980585951288387,1.0,0.0,,0.459237504758797,0.5,14165
0.014999999999999996,0,9943,0,4222,0.2980585951288387,1.0,0.0,,0.459237504758797,0.5,14165
0.015999999999999993,0,9943,0,4222,0.2980585951288387,1.0,0.0,,0.459237504758797,0.5,14165
0.016999999999999994,0,9943,0,4222,0.2980585951288387,1.0,0.0,,0.459237504758797,0.5,14165
0.017999999999999995,0,9943,0,4222,0.2980585951288387,1.0,0.0,,0.459237504758797,0.5,14165
0.018999999999999993,0,9943,0,4222,0.2980585951288387,1.0,0.0,,0.459237504758797,0.5,14165
0.01999999999999999,0,9943,0,4222,0.2980585951288387,1.0,0.0,,0.459237504758797,0.5,14165
0.02099999999999999,0,9943,0,4222,0.2980585951288387,1.0,0.0,,0.459237504758797,0.5,14165
0.021999999999999992,0,9943,0,4222,0.2980585951288387,1.0,0.0,,0.459237504758797,0.5,14165
0.02299999999999999,0,9943,0,4222,0.2980585951288387,1.0,0.0,,0.459237504758797,0.5,14165
0.023999999999999987,0,9943,0,4222,0.2980585951288387,1.0,0.0,,0.459237504758797,0.5,14165
0.024999999999999988,0,9943,0,4222,0.2980585951288387,1.0,0.0,,0.459237504758797,0.5,14165
0.02599999999999999,0,9943,0,4222,0.2980585951288387,1.0,0.0,,0.459237504758797,0.5,14165
0.02699999999999999,0,9943,0,4222,0.2980585951288387,1.0,0.0,,0.459237504758797,0.5,14165
0.027999999999999983,0,9943,0,4222,0.2980585951288387,1.0,0.0,,0.459237504758797,0.5,14165
0.028999999999999984,0,9943,0,4222,0.2980585951288387,1.0,0.0,,0.459237504758797,0.5,14165
0.029999999999999985,0,9943,0,4222,0.2980585951288387,1.0,0.0,,0.459237504758797,0.5,14165
0.030999999999999986,0,9943,0,4222,0.2980585951288387,1.0,0.0,,0.459237504758797,0.5,14165
0.03199999999999998,0,9943,0,4222,0.2980585951288387,1.0,0.0,,0.459237504758797,0.5,14165
0.03299999999999998,0,9943,0,4222,0.2980585951288387,1.0,0.0,,0.459237504758797,0.5,14165
0.03399999999999998,1,9942,0,4222,0.29807963852019204,1.0,0.00010057326762546515,1.0,0.459262482323507,0.5000502866338127,14164
0.03499999999999998,2,9941,0,4222,0.2981006848831462,1.0,0.0002011465352509303,1.0,0.45928746260538483,0.5001005732676255,14163
0.035999999999999976,3,9940,0,4222,0.29812173421833077,1.0,0.00030171980287639546,1.0,0.4593124456048738,0.5001508599014381,14162
0.03699999999999998,4,9939,0,4222,0.29814278652637527,1.0,0.0004022930705018606,1.0,0.45933743132241744,0.5002011465352509,14161
0.03799999999999998,4,9939,0,4222,0.29814278652637527,1.0,0.0004022930705018606,1.0,0.45933743132241744,0.5002011465352509,14161
0.03899999999999998,4,9939,0,4222,0.29814278652637527,1.0,0.0004022930705018606,1.0,0.45933743132241744,0.5002011465352509,14161
0.03999999999999997,4,9939,0,4222,0.29814278652637527,1.0,0.0004022930705018606,1.0,0.45933743132241744,0.5002011465352509,14161
0.040999999999999974,6,9937,0,4222,0.2981849000635638,1.0,0.0006034396057527909,1.0,0.4593874109134432,0.5003017198028764,14159
0.041999999999999975,8,9935,0,4222,0.2982270254997528,1.0,0.0008045861410037212,1.0,0.45943740138201206,0.5004022930705019,14157
0.042999999999999976,8,9935,0,4222,0.2982270254997528,1.0,0.0008045861410037212,1.0,0.45943740138201206,0.5004022930705019,14157
0.04399999999999998,9,9934,0,4222,0.29824809268154845,1.0,0.0009051594086291864,1.0,0.4594624006964849,0.5004525797043146,14156
0.04499999999999997,11,9932,0,4222,0.2982902359756959,1.0,0.0011063059438801166,1.0,0.45951240748802785,0.50055315297194,14154
0.04599999999999997,12,9931,0,4222,0.29831131208930967,1.0,0.0012068792115055818,1.0,0.4595374149659864,0.5006034396057528,14153
0.04699999999999997,13,9930,0,4222,0.29833239118145843,1.0,0.0013074524791310469,1.0,0.45956242516599544,0.5006537262395655,14152
0.047999999999999966,13,9930,0,4222,0.29833239118145843,1.0,0.0013074524791310469,1.0,0.45956242516599544,0.5006537262395655,14152
0.04899999999999997,13,9930,0,4222,0.29833239118145843,1.0,0.0013074524791310469,1.0,0.45956242516599544,0.5006537262395655,14152
0.04999999999999997,14,9929,0,4222,0.29835347325277367,1.0,0.0014080257467565121,1.0,0.45958743808849944,0.5007040128733783,14151
0.05099999999999997,16,9927,0,4222,0.2983956463354301,1.0,0.0016091722820074424,1.0,0.45963747210277067,0.5008045861410038,14149
0.05199999999999997,19,9924,0,4222,0.2984589283189594,1.0,0.0019108920848838378,1.0,0.459712543554007,0.5009554460424419,14146
0.052999999999999964,22,9921,0,4222,0.2985222371491197,1.0,0.002212611887760233,1.0,0.4597876395317179,0.5011063059438802,14143
0.053999999999999965,31,9912,0,4222,0.29871232489033533,1.0,0.0031177712963894196,1.0,0.4600130747439529,0.5015588856481947,14134
0.054999999999999966,34,9909,0,4222,0.2987757412780412,1.0,0.003419491099265815,1.0,0.4600882689478559,0.5017097455496329,14131
0.05599999999999996,36,9907,0,4222,0.2988180338311275,1.0,0.0036206376345167455,1.0,0.4601384120756362,0.5018103188172583,14129
0.05699999999999996,37,9906,1,4221,0.29878955192185175,0.9997631454287068,0.0037212109021422107,0.9736842105263158,0.46007956836884845,0.5017421781654245,14127
0.05799999999999996,38,9905,1,4221,0.298810703666997,0.9997631454287068,0.0038217841697676756,0.9743589743589743,0.46010464355788094,0.5017924647992372,14126
0.05899999999999996,42,9901,1,4221,0.29889534060331396,0.9997631454287068,0.004224077240269537,0.9767441860465116,0.4602049716528565,0.5019936113344882,14122
0.05999999999999996,45,9898,1,4221,0.2989588497768964,0.9997631454287068,0.004525797043145932,0.9782608695652174,0.4602802464423968,0.5021444712359264,14119
0.06099999999999996,49,9894,2,4220,0.29899390675924614,0.9995262908574135,0.004928090113647792,0.9607843137254902,0.46029668411867364,0.5022271904855307,14114
0.06199999999999996,52,9891,2,4220,0.29905747289348733,0.9995262908574135,0.0052298099165241875,0.9629629629629629,0.46037200676375933,0.5023780503869688,14111
0.06299999999999996,53,9890,2,4220,0.29907866761162294,0.9995262908574135,0.005330383184149653,0.9636363636363636,0.4603971197905302,0.5024283370207816,14110
0.06399999999999995,61,9882,2,4220,0.2992483335697064,0.9995262908574135,0.006134969325153374,0.9682539682539683,0.46059812268063743,0.5028306300912835,14102
0.06499999999999995,61,9882,2,4220,0.2992483335697064,0.9995262908574135,0.006134969325153374,0.9682539682539683,0.46059812268063743,0.5028306300912835,14102
0.06599999999999995,63,9880,2,4220,0.29929078014184396,0.9995262908574135,0.006336115860404305,0.9692307692307692,0.46064840082960373,0.502931203358909,14100
0.06699999999999995,68,9875,2,4220,0.29939694927279176,0.9995262908574135,0.00683898219853163,0.9714285714285714,0.4607741442375935,0.5031826365279726,14095
0.06799999999999995,69,9874,2,4220,0.29941819213849863,0.9995262908574135,0.006939555466157096,0.971830985915493,0.460799301157458,0.5032329231617853,14094
0.06899999999999995,71,9872,2,4220,0.29946068691456146,0.9995262908574135,0.007140702001408026,0.9726027397260274,0.4608496232390521,0.5033334964294107,14092
0.06999999999999995,73,9870,2,4220,0.2995031937544358,0.9995262908574135,0.007341848536658956,0.9733333333333334,0.46089995631280034,0.5034340696970362,14090
0.07099999999999995,76,9867,2,4220,0.2995669766451338,0.9995262908574135,0.007643568339535351,0.9743589743589743,0.46097547654159154,0.5035849295984745,14087
0.07199999999999994,80,9863,3,4219,0.29960232921460017,0.9992894362861203,0.008045861410037212,0.963855421686747,0.46099213286713286,0.5036676488480788,14082
0.07299999999999994,83,9860,3,4219,0.29966616947226365,0.9992894362861203,0.008347581212913608,0.9651162790697675,0.46106770121851265,0.503818508749517,14079
0.07399999999999994,84,9859,3,4219,0.2996874556044893,0.9992894362861203,0.008448154480539073,0.9655172413793104,0.4610928961748634,0.5038687953833297,14078
0.07499999999999994,90,9853,3,4219,0.2998152359295054,0.9992894362861203,0.009051594086291864,0.967741935483871,0.4612441237564229,0.5041705151862061,14072
0.07599999999999994,95,9848,3,4219,0.2999218028008815,0.9992894362861203,0.00955446042441919,0.9693877551020408,0.4613702225381377,0.5044219483552698,14067
0.07699999999999994,99,9844,3,4219,0.3000071108582806,0.9992894362861203,0.00995675349492105,0.9705882352941176,0.4614711512168444,0.5046230948905207,14063
0.07799999999999994,107,9836,3,4219,0.30017787264318746,0.9992894362861203,0.010761339635924771,0.9727272727272728,0.46167314110630847,0.5050253879610226,14055
0.07899999999999993,111,9832,3,4219,0.3002633264536332,0.9992894362861203,0.011163632706426632,0.9736842105263158,0.4617742023750889,0.5052265344962735,14051
0.07999999999999993,113,9830,4,4218,0.30025626423690205,0.9990525817148271,0.011364779241677562,0.9658119658119658,0.46174055829228244,0.5052086804782524,14048
0.08099999999999993,115,9828,5,4217,0.300249199003204,0.9988157271435338,0.011565925776928493,0.9583333333333334,0.4617069031587015,0.5051908264602312,14045
0.08199999999999993,120,9823,5,4217,0.3003561253561254,0.9988157271435338,0.012068792115055817,0.96,0.461833315080495,0.5054422596292948,14040
0.08299999999999993,125,9818,6,4216,0.3004132820293573,0.9985788725722407,0.012571658453183143,0.9541984732824428,0.4618755477651183,0.5055752655127119,14034
0.08399999999999994,127,9816,6,4216,0.30045610034207526,0.9985788725722407,0.012772804988434075,0.9548872180451128,0.46192615317190755,0.5056758387803374,14032
0.08499999999999994,130,9813,6,4216,0.300520350702117,0.9985788725722407,0.013074524791310469,0.9558823529411765,0.4620020820776944,0.5058266986817755,14029
0.08599999999999992,133,9810,6,4216,0.30058462854698415,0.9985788725722407,0.013376244594186865,0.9568345323741008,0.4620780359491451,0.5059775585832138,14026
0.08699999999999992,134,9809,6,4216,0.3006060606060606,0.9985788725722407,0.01347681786181233,0.9571428571428572,0.462103359456349,0.5060278452170265,14025
0.08799999999999993,136,9807,6,4216,0.30064893389431646,0.9985788725722407,0.01367796439706326,0.9577464788732394,0.46215401479857493,0.506128418484652,14023
0.08899999999999993,141,9802,6,4216,0.30075617063775145,0.9985788725722407,0.014180830735190586,0.9591836734693877,0.46228070175438596,0.5063798516537156,14018
0.08999999999999993,147,9796,6,4216,0.3008849557522124,0.9985788725722407,0.014784270340943378,0.9607843137254902,0.46243281781287704,0.506681571456592,14012
0.09099999999999993,151,9792,6,4216,0.30097087378640774,0.9985788725722407,0.015186563411445237,0.9617834394904459,0.4625342841470104,0.5068827179918429,14008
0.09199999999999993,161,9782,7,4215,0.30113595770522256,0.9983420180009475,0.01619229608769989,0.9583333333333334,0.46270377078873703,0.5072671570443237,13997
0.09299999999999993,168,9775,7,4215,0.3012866333095068,0.9983420180009475,0.016896308961078146,0.96,0.4628816165165825,0.5076191634810128,13990
0.09399999999999993,172,9771,7,4215,0.30137280137280137,0.9983420180009475,0.017298602031580006,0.9608938547486033,0.46298330404217924,0.5078203100162637,13986
0.09499999999999992,176,9767,7,4215,0.30145901873837794,0.9983420180009475,0.017700895102081865,0.9617486338797814,0.46308503625576797,0.5080214565515146,13982
0.09599999999999992,181,9762,8,4214,0.30151688609044075,0.9981051634296542,0.01820376144020919,0.9576719576719577,0.46312781624354327,0.5081544624349317,13976
0.09699999999999992,188,9755,8,4214,0.301667979096571,0.9981051634296542,0.01890777431358745,0.9591836734693877,0.46330603045462043,0.5085064688716208,13969
0.09799999999999992,193,9750,8,4214,0.301775995416786,0.9981051634296542,0.019410640651714776,0.9601990049751243,0.4634334103156274,0.5087579020406845,13964
0.09899999999999992,201,9742,8,4214,0.3019489825164804,0.9981051634296542,0.020215226792718494,0.9617224880382775,0.46363736384640775,0.5091601951111864,13956
0.09999999999999992,209,9734,8,4214,0.3021221680527674,0.9981051634296542,0.021019812933722216,0.9631336405529954,0.46384149697303245,0.5095624881816881,13948
0.10099999999999992,218,9725,8,4214,0.3023172394002439,0.9981051634296542,0.0219249723423514,0.9646017699115044,0.46407136170915697,0.5100150678860028,13939
0.10199999999999991,223,9720,8,4214,0.3024257212573561,0.9981051634296542,0.022427838680478727,0.9653679653679653,0.4641991628111919,0.5102665010550664,13934
0.10299999999999991,227,9716,8,4214,0.30251256281407035,0.9981051634296542,0.02283013175098059,0.9659574468085106,0.4643014543851917,0.5104676475903174,13930
0.10399999999999991,233,9710,9,4213,0.3025928320045967,0.997868308858361,0.02343357135673338,0.9628099173553719,0.4643703499586663,0.5106509401075472,13923
0.10499999999999991,238,9705,10,4212,0.30265143349859885,0.9976314542870678,0.023936437694860705,0.9596774193548387,0.46441369424995865,0.5107839459909642,13917
0.10599999999999991,250,9693,10,4212,0.3029126213592233,0.9976314542870678,0.025143316906366286,0.9615384615384616,0.4647211342196723,0.511387385596717,13905
0.10699999999999991,259,9684,11,4211,0.30305865419215544,0.9973945997157745,0.026048476314995475,0.9592592592592593,0.46486725175249766,0.511721538015385,13895
0.10799999999999992,269,9674,11,4211,0.30327691753691033,0.9973945997157745,0.027054208991250127,0.9607142857142857,0.46512398519909426,0.5122244043535124,13885
0.10899999999999992,277,9666,11,4211,0.30345175470202496,0.9973945997157745,0.027858795132253845,0.9618055555555556,0.46532957621968063,0.5126266974240141,13877
0.10999999999999992,282,9661,11,4211,0.30356113033448673,0.9973945997157745,0.02836166147038117,0.962457337883959,0.4654581629269371,0.5128781305930779,13872
0.1109999999999999,295,9648,12,4210,0.3037956415067109,0.9971577451444813,0.02966911394951222,0.9609120521172638,0.4657079646017699,0.5134134295469968,13858
0.1119999999999999,300,9643,12,4210,0.30390529127264854,0.9971577451444813,0.030171980287639545,0.9615384615384616,0.4658367911479945,0.5136648627160604,13853
0.1129999999999999,310,9633,12,4210,0.3041248284331431,0.9971577451444813,0.031177712963894197,0.9627329192546584,0.4660946581787988,0.5141677290541877,13843
0.11399999999999991,315,9628,12,4210,0.30423471599942187,0.9971577451444813,0.03168057930202152,0.963302752293578,0.46622369878183834,0.5144191622232515,13838
0.11499999999999991,325,9618,13,4209,0.3044044261228032,0.9969208905731881,0.03268631197827617,0.9615384615384616,0.4663970303063882,0.5148036012757321,13827
0.11599999999999991,336,9607,13,4209,0.30464678633468445,0.9969208905731881,0.03379261792215629,0.9627507163323782,0.46668145027164876,0.5153567542476722,13816
0.11699999999999991,345,9598,13,4209,0.3048453682914464,0.9969208905731881,0.034697777330785474,0.9636871508379888,0.466914415663653,0.5158093339519868,13807
0.1179999999999999,352,9591,14,4208,0.30494963403145153,0.9966840360018948,0.03540179020416373,0.9617486338797814,0.4670107097275401,0.5160429131030293,13799
0.1189999999999999,368,9575,14,4208,0.30530363491257345,0.9966840360018948,0.037010962486171174,0.9633507853403142,0.46742571507914465,0.516847499244033,13783
0.1199999999999999,378,9565,14,4208,0.305525303129311,0.9966840360018948,0.038016695162425826,0.9642857142857143,0.46768546818560713,0.5173503655821603,13773
0.1209999999999999,390,9553,14,4208,0.3057917302521619,0.9966840360018948,0.03922357437393141,0.9653465346534653,0.46799755324473113,0.5179538051879131,13761
0.1219999999999999,399,9544,14,4208,0.30599185573007565,0.9966840360018948,0.04012873378256059,0.9661016949152542,0.46823189050851227,0.5184063848922277,13752
0.1229999999999999,406,9537,15,4207,0.3060972060535506,0.9964471814306016,0.04083274665593885,0.9643705463182898,0.4683290660135812,0.5186399640432703,13744
0.1239999999999999,414,9529,15,4207,0.30627548048922537,0.9964471814306016,0.041637332796942574,0.965034965034965,0.4685376990756209,0.519042257113772,13736
0.1249999999999999,428,9515,16,4206,0.3065374243859777,0.9962103268593084,0.043045358543699085,0.963963963963964,0.46881792342417655,0.5196278427015038,13721
0.12599999999999992,443,9500,17,4205,0.30682232761765776,0.9959734722880151,0.04455395755808106,0.9630434782608696,0.469124783845596,0.5202637149230481,13705
0.1269999999999999,460,9483,17,4205,0.3072033898305085,0.9959734722880151,0.04626370310771397,0.9643605870020965,0.46957007258514794,0.5211185876978646,13688
0.1279999999999999,476,9467,18,4204,0.30751225221271306,0.995736617716722,0.04787287538972141,0.9635627530364372,0.4699044319007433,0.5218047465532217,13671
0.1289999999999999,491,9452,19,4203,0.30779934090076894,0.9954997631454288,0.04938147440410339,0.9627450980392157,0.47021312300721596,0.5224406187747661,13655
0.1299999999999999,502,9441,19,4203,0.3080474934036939,0.9954997631454288,0.050487780347983506,0.963531669865643,0.4705026306951752,0.5229937717467061,13644
0.1309999999999999,516,9427,20,4202,0.3083131557707829,0.9952629085741355,0.05189580609474002,0.9626865671641791,0.4707859503669262,0.5235793573344377,13629
0.1319999999999999,532,9411,20,4202,0.30867553074267245,0.9952629085741355,0.05350497837674746,0.9637681159420289,0.4712082982898794,0.5243839434754415,13613
0.1329999999999999,550,9393,20,4202,0.3090842221404928,0.9952629085741355,0.05531529719400583,0.9649122807017544,0.4716843464107313,0.5252891028840706,13595
0.1339999999999999,566,9377,20,4202,0.30944841299064735,0.9952629085741355,0.056924469476013276,0.9658703071672355,0.47210830852199315,0.5260936890250744,13579
0.1349999999999999,575,9368,22,4200,0.3095518867924528,0.994789199431549,0.057829628884642464,0.9631490787269682,0.47217537942664417,0.5263094141580957,13568
0.1359999999999999,588,9355,22,4200,0.3098487642936186,0.994789199431549,0.05913708136377351,0.9639344262295082,0.4725206727794341,0.5269631403976612,13555
0.1369999999999999,597,9346,22,4200,0.3100546286726709,0.994789199431549,0.060042240772402694,0.9644588045234249,0.47276001800990547,0.5274157201019758,13546
0.1379999999999999,612,9331,25,4197,0.31024541691306917,0.9940786357176693,0.061550839786784675,0.9607535321821036,0.4729014084507042,0.527814737752227,13528
0.1389999999999999,634,9309,25,4197,0.3107507774322523,0.9940786357176693,0.0637634516745449,0.9620637329286799,0.47348826714801445,0.5289210436961072,13506
0.1399999999999999,651,9292,25,4197,0.31114241233597745,0.9940786357176693,0.06547319722417781,0.9630177514792899,0.47394274744509063,0.5297759164709236,13489
0.1409999999999999,673,9270,28,4194,0.3114973262032086,0.9933680720037896,0.06768580911193804,0.9600570613409415,0.4742734366165329,0.5305269405578639,13464
0.1419999999999999,688,9255,30,4192,0.31174239607347365,0.9928943628612033,0.06919440812632002,0.958217270194986,0.47450336747976685,0.5310443854937617,13447
0.1429999999999999,699,9244,30,4192,0.3119976183387913,0.9928943628612033,0.07030071407020014,0.9588477366255144,0.4747989579793861,0.5315975384657017,13436
0.1439999999999999,722,9221,30,4192,0.31253261760978157,0.9928943628612033,0.07261389922558584,0.9601063829787234,0.4754182024383329,0.5327541310433945,13413
0.1449999999999999,742,9201,32,4190,0.31289672167873944,0.9924206537186168,0.07462536457809514,0.958656330749354,0.475784931584625,0.5335230091483559,13391
0.1459999999999999,762,9181,32,4190,0.31336474459651487,0.9924206537186168,0.07663682993060444,0.9596977329974811,0.47632581140226227,0.5345287418246106,13371
0.14699999999999988,777,9166,32,4190,0.3137166816412099,0.9924206537186168,0.07814542894498643,0.9604449938195303,0.476732278985095,0.5352830413318016,13356
0.14799999999999988,796,9147,33,4189,0.3141121775644871,0.9921837991473236,0.08005632102987026,0.9601930036188179,0.4771614079052284,0.5361200600885969,13336
0.14899999999999988,823,9120,34,4188,0.3146979260595131,0.9919469445760303,0.08277179925575782,0.9603267211201867,0.4778094694808899,0.537359371915894,13308
0.14999999999999988,847,9096,36,4186,0.31516337900918534,0.9914732354334439,0.08518555767876898,0.9592298980747452,0.478290676416819,0.5383293965561065,13282
0.15099999999999988,867,9076,39,4183,0.3154838223093748,0.9907626717195642,0.08719702303127828,0.956953642384106,0.478576740461072,0.5389798473754213,13259
0.15199999999999989,878,9065,40,4182,0.31569411942326564,0.9905258171482709,0.0883033289751584,0.9564270152505446,0.4787910012021295,0.5394145730617147,13247
0.15299999999999989,892,9051,40,4182,0.31602811153933347,0.9905258171482709,0.08971135472191491,0.9570815450643777,0.4791750214838155,0.5401185859350929,13233
0.1539999999999999,918,9025,40,4182,0.3166502612251079,0.9905258171482709,0.092326259680177,0.9582463465553236,0.47988983877445635,0.541426038414224,13207
0.1549999999999999,941,9002,41,4181,0.31715087612834714,0.9902889625769777,0.0946394448355627,0.9582484725050916,0.480436656133295,0.5424642037062702,13183
0.1559999999999999,957,8986,42,4180,0.31748442959137174,0.9900521080056846,0.09624861711757016,0.9579579579579579,0.4807913503565677,0.5431503625616274,13166
0.1569999999999999,978,8965,43,4179,0.3179397443700548,0.9898152534343913,0.09836065573770492,0.9578844270323212,0.48128527006794886,0.5440879545860481,13144
0.1579999999999999,1000,8943,45,4177,0.3183689024390244,0.9893415442918049,0.10057326762546515,0.9569377990430622,0.4817206781224772,0.5449574059586351,13120
0.1589999999999999,1017,8926,46,4176,0.31872996489085637,0.9891046897205116,0.10228301317509805,0.9567262464722484,0.4821057492495959,0.5456938514478048,13102
0.1599999999999999,1031,8912,46,4176,0.31907090464547677,0.9891046897205116,0.10369103892185456,0.957288765088208,0.48249566724436743,0.5463978643211831,13088
0.1609999999999999,1049,8894,47,4175,0.31945826000459104,0.9888678351492184,0.10550135773911294,0.9571167883211679,0.48291018448904055,0.5471845964441656,13069
0.16199999999999987,1075,8868,47,4175,0.32009507015257227,0.9888678351492184,0.10811626269737504,0.9581105169340464,0.48363741673906746,0.5484920489232967,13043
0.16299999999999987,1099,8844,48,4174,0.3206329697342142,0.9886309805779252,0.11053002112038621,0.958151700087184,0.48422273781902553,0.5495805008491557,13018
0.16399999999999987,1125,8818,48,4174,0.32127463054187194,0.9886309805779252,0.11314492607864829,0.959079283887468,0.4849541071221099,0.5508879533282868,12992
0.16499999999999987,1162,8781,48,4174,0.32219220378232344,0.9886309805779252,0.1168661369807905,0.9603305785123967,0.4859987192175584,0.5527485587793578,12955
0.16599999999999987,1182,8761,50,4172,0.3225856336503518,0.9881572714353387,0.1188776023332998,0.9594155844155844,0.4863888079277179,0.5535174368843192,12933
0.16699999999999987,1204,8739,52,4170,0.3230304438763653,0.9876835622927522,0.12109021422106005,0.9585987261146497,0.4868367287373767,0.5543868882569062,12909
0.16799999999999987,1220,8723,53,4169,0.32337883959044367,0.987446707721459,0.12269938650306748,0.9583660644147682,0.48720345915624635,0.5550730471122632,12892
0.16899999999999987,1251,8692,56,4166,0.3240006221807435,0.9867361440075794,0.1258171577994569,0.9571537872991583,0.48782201405152226,0.5562766509035182,12858
0.16999999999999987,1276,8667,57,4165,0.3245791770573566,0.9864992894362862,0.12833148949009354,0.9572393098274569,0.48844845783980295,0.5574153894631899,12832
0.17099999999999987,1295,8648,58,4164,0.3250078051826413,0.9862624348649929,0.13024238157497736,0.9571322985957132,0.48890454385346954,0.5582524082199851,12812
0.17199999999999988,1327,8616,58,4164,0.32582159624413143,0.9862624348649929,0.13346072613899226,0.9581227436823104,0.4898247265027644,0.5598615805019925,12780
0.17299999999999988,1352,8591,60,4162,0.3263545832353172,0.9857887257224064,0.13597505782962888,0.9575070821529745,0.4903681885125184,0.5608818917760177,12753
0.17399999999999988,1380,8563,61,4161,0.32701980509273815,0.9855518711511132,0.1387911093231419,0.9576682859125607,0.4910893426177269,0.5621714902371275,12724
0.17499999999999988,1401,8542,63,4159,0.32745453113928036,0.9850781620085267,0.14090314794327669,0.9569672131147541,0.4915204160018909,0.5629906549759017,12701
0.17599999999999988,1429,8514,66,4156,0.32801894238358326,0.984367598294647,0.1437191994367897,0.9558528428093646,0.49206725076959507,0.5640433988657184,12670
0.17699999999999988,1458,8485,70,4152,0.3285589934319854,0.9834201800094742,0.1466358241979282,0.9541884816753927,0.4925559048579394,0.5650280021037012,12637
0.17799999999999988,1488,8455,73,4149,0.32918121231355124,0.9827096162955945,0.14965302222669213,0.9532351057014734,0.49316533935575896,0.5661813192611433,12604
0.17899999999999985,1523,8420,75,4147,0.3299912469165274,0.982235907153008,0.15317308659358342,0.9530663329161452,0.4940139376973018,0.5677044968732957,12567
0.17999999999999985,1557,8386,77,4145,0.3307796664272604,0.9817621980104216,0.15659257769284923,0.9528763769889841,0.4948367456574942,0.5691773878516354,12531
0.18099999999999986,1580,8363,81,4141,0.3311740243122201,0.9808147797252487,0.15890576284823493,0.9512341962673089,0.49515724022479973,0.5698602712867418,12504
0.18199999999999986,1601,8342,81,4141,0.3317311543699431,0.9808147797252487,0.16101780146836972,0.9518430439952438,0.4957797066746483,0.5709162905968092,12483
0.18299999999999986,1622,8321,83,4139,0.33218298555377207,0.9803410705826623,0.16312984008850448,0.9513196480938416,0.49622347440354875,0.5717354553355833,12460
0.18399999999999986,1650,8293,83,4139,0.33293114543114544,0.9803410705826623,0.1659458915820175,0.9521061742642816,0.49705776390056444,0.5731434810823399,12432
0.18499999999999986,1677,8266,84,4138,0.33360206385037083,0.980104216011369,0.16866136980790505,0.9522998296422487,0.49777456995067965,0.574382792909637,12404
0.18599999999999986,1706,8237,89,4133,0.3341147938561035,0.9789199431549029,0.17157799456904355,0.9504178272980501,0.49819189971070393,0.5752489688619733,12370
0.18699999999999986,1735,8208,92,4130,0.3347382071648565,0.9782093794410233,0.17449461933018204,0.9496442255062945,0.49879227053140096,0.5763519993856027,12338
0.18799999999999986,1764,8179,95,4127,0.3353648626686169,0.9774988157271436,0.17741124409132053,0.9488972565895643,0.49939496611810263,0.577455029909232,12306
0.18899999999999986,1796,8147,95,4127,0.3362392048232035,0.9774988157271436,0.1806295886553354,0.9497620306716024,0.5003637245392822,0.5790642021912396,12274
0.18999999999999986,1830,8113,97,4125,0.3370648798823337,0.9770251065845571,0.18404907975460122,0.9496626881162429,0.5012150668286756,0.5805370931695791,12238
0.19099999999999986,1850,8093,100,4122,0.33745395006139994,0.9763145428706774,0.18606054510711054,0.9487179487179487,0.5015513779886841,0.5811875439888939,12215
0.19199999999999987,1868,8075,102,4120,0.3378433784337843,0.9758408337280909,0.1878708639243689,0.9482233502538071,0.5019187427666443,0.58185584882623,12195
0.19299999999999987,1892,8051,103,4119,0.338455217748562,0.9756039791567978,0.19028462234738006,0.9483709273182958,0.5025622254758418,0.5829443007520889,12170
0.19399999999999984,1926,8017,104,4118,0.33934899052327977,0.9753671245855045,0.19370411344664587,0.948768472906404,0.5035153145442318,0.5845356190160752,12135
0.19499999999999984,1957,7986,105,4117,0.34016359580269356,0.9751302700142113,0.1968218847430353,0.949078564500485,0.5043797856049005,0.5859760773786233,12103
0.19599999999999984,1990,7953,111,4111,0.3407659151193634,0.9737091425864519,0.20014080257467565,0.9471680152308425,0.5048507920913669,0.5869249725805638,12064
0.19699999999999984,2022,7921,115,4107,0.3414532756900565,0.972761724301279,0.20335914713869055,0.9461862423958821,0.505476923076923,0.5880604357199848,12028
0.19799999999999984,2050,7893,115,4107,0.34225,0.972761724301279,0.20617519863220357,0.9468822170900693,0.5063494020466034,0.5894684614667414,12000
0.19899999999999984,2089,7854,121,4101,0.34303638644918444,0.9713405968735197,0.2100975560695967,0.9452488687782805,0.5070161340174322,0.5907190764715582,11955
0.19999999999999984,2120,7823,125,4097,0.34370805369127516,0.9703931785883467,0.2132153273659861,0.9443207126948775,0.5076198736216082,0.5918042529771664,11920
0.20099999999999985,2148,7795,125,4097,0.34451732256979484,0.9703931785883467,0.21603137885949913,0.945006599208095,0.5085019237929751,0.5932122787239229,11892
0.20199999999999985,2187,7756,129,4093,0.34542999409232844,0.9694457603031739,0.2199537362968923,0.944300518134715,0.5093646941696223,0.5946997483000331,11849
0.20299999999999985,2220,7723,132,4090,0.3462287310590028,0.9687351965892942,0.22327265412853264,0.9438775510204082,0.5101340816962894,0.5960039253589134,11813
0.20399999999999985,2248,7695,132,4090,0.347051336444633,0.9687351965892942,0.22608870562204567,0.9445378151260504,0.5110264259386519,0.5974119511056699,11785
0.20499999999999985,2291,7652,134,4088,0.34821124361158434,0.9682614874467077,0.23041335612994066,0.9447422680412371,0.5122165142212756,0.5993374217883242,11740
0.20599999999999985,2327,7616,138,4084,0.3490598290598291,0.9673140691615348,0.2340339937644574,0.9440162271805274,0.5130008792865218,0.6006740314629961,11700
0.20699999999999985,2353,7590,141,4081,0.34967012252591895,0.9666035054476552,0.2366488987227195,0.9434643143544507,0.5135594286792927,0.6016262020851874,11671
0.20799999999999985,2389,7554,143,4079,0.3506404194962606,0.9661297963050687,0.24026953635723625,0.943522906793049,0.5145380006307159,0.6031996663311525,11633
0.20899999999999985,2427,7516,146,4076,0.35162180814354727,0.965419232591189,0.2440913205270039,0.9432568985619899,0.5154926014923485,0.6047552765590964,11592
0.20999999999999985,2455,7488,149,4073,0.3523051639131563,0.9647086688773093,0.24690737202051694,0.9427803379416283,0.5161249445606032,0.6058080204489131,11561
0.21099999999999983,2492,7451,150,4072,0.3533801961294802,0.9644718143060161,0.25062858292265916,0.9432248296744891,0.517243569387107,0.6075501986143377,11523
0.21199999999999983,2514,7429,155,4067,0.35377522616562285,0.96328754144955,0.2528411948104194,0.941925814911952,0.5174958646138186,0.6080643681299847,11496
0.21299999999999983,2553,7390,158,4064,0.35481054653396193,0.9625769777356703,0.25676355224781255,0.9417189229066765,0.5184996172492983,0.6096702649917414,11454
0.21399999999999983,2585,7358,166,4056,0.3553530751708428,0.9606821411653245,0.25998189681182743,0.9396583060705198,0.5188027628549501,0.6103320189885759,11414
0.21499999999999983,2635,7308,167,4055,0.3568599841591129,0.9604452865940313,0.26501056019310065,0.9403997144896502,0.5203721527109401,0.612727923393566,11363
0.21599999999999983,2668,7275,170,4052,0.35772931932550545,0.9597347228801516,0.268329478024741,0.9400986610288936,0.5211910733809249,0.6140321004524463,11327
0.21699999999999983,2702,7241,173,4049,0.35863596102745793,0.9590241591662719,0.2717489691240068,0.9398260869565217,0.5220474471376998,0.6153865641451394,11290
0.21799999999999983,2746,7197,177,4045,0.3598114214552571,0.958076740881099,0.2761741928995273,0.9394457748888129,0.523150543197103,0.6171254668903131,11242
0.21899999999999983,2777,7166,180,4042,0.36063526052819417,0.9573661771672193,0.27929196419591673,0.9391274940818397,0.5239144523655217,0.6183290706815681,11208
0.21999999999999983,2820,7123,181,4041,0.36196703690433535,0.9571293225959261,0.2836166147038117,0.9396867710763079,0.5252827245547901,0.6203729686498689,11164
0.22099999999999984,2856,7087,189,4033,0.3626798561151079,0.9552344860255803,0.2872372523383285,0.9379310344827586,0.525746317298918,0.6212358691819544,11120
0.22199999999999984,2885,7058,195,4027,0.3632837167343257,0.9538133585978209,0.29015387709946694,0.9366883116883117,0.5261644999020056,0.621983617848644,11085
0.22299999999999984,2921,7022,201,4021,0.3641220682785475,0.9523922311700616,0.2937745147339837,0.935618193465727,0.526826072715362,0.6230833729520227,11043
0.22399999999999984,2977,6966,203,4019,0.36586253982703687,0.9519185220274752,0.29940661772100974,0.9361635220125786,0.5285723679884263,0.6256625698742424,10985
0.22499999999999984,3004,6939,208,4014,0.36647493837304845,0.950734249171009,0.3021220959468973,0.9352428393524284,0.5290280065897859,0.6264281725589531,10953
0.2259999999999998,3033,6910,210,4012,0.36733199047793447,0.9502605400284225,0.3050387207080358,0.9352451433857539,0.5298468040147913,0.6276496303682292,10922
0.2269999999999998,3066,6877,215,4007,0.3681550900404263,0.9490762671719564,0.3083576385396761,0.9344711978055471,0.5305176750959884,0.6287169528558163,10884
0.22799999999999981,3095,6848,219,4003,0.3689060916044604,0.9481288488867835,0.31127426330081465,0.9339167169583584,0.5311484110661447,0.6297015560937991,10851
0.22899999999999981,3127,6816,221,4001,0.36988074327447534,0.947655139744197,0.3144926078648295,0.9339904420549582,0.5320832502161048,0.6310738738045133,10817
0.22999999999999982,3158,6785,226,3996,0.37065207309154996,0.946470866887731,0.3176103791612189,0.9332151300236406,0.5326934613077384,0.632040623024475,10781
0.23099999999999982,3201,6742,230,3992,0.3719023663126514,0.945523448602558,0.32193502966911397,0.9329641503934712,0.5338325755549612,0.633729239135836,10734
0.23199999999999982,3227,6716,231,3991,0.37274680115812087,0.9452865940312648,0.324549934627376,0.9331983805668016,0.5346640766293791,0.6349182643293204,10707
0.23299999999999982,3267,6676,234,3988,0.37396849212303074,0.9445760303173851,0.32857286533239466,0.9331619537275064,0.5358054547897353,0.6365744478248899,10664
0.23399999999999982,3303,6640,239,3983,0.3749411653958392,0.943391757460919,0.3321935029669114,0.932523997741389,0.5366116537554733,0.6377926302139152,10623
0.23499999999999982,3338,6605,242,3980,0.37600377893245157,0.9426811937470393,0.3357135673338027,0.9324022346368716,0.5375835753359898,0.639197380540421,10585
0.23599999999999982,3367,6576,246,3976,0.37680060652009095,0.9417337754618664,0.33863019209494116,0.9319125380570163,0.5382428590767565,0.6401819837784037,10552
0.23699999999999982,3404,6539,250,3972,0.37788982970221674,0.9407863571766935,0.3423514029970834,0.9315818281335523,0.5391977194054164,0.6415688800868884,10511
0.23799999999999982,3438,6505,254,3968,0.37887902224768455,0.9398389388915206,0.3457708940963492,0.9312026002166848,0.540047635250085,0.6428049164939349,10473
0.23899999999999982,3473,6470,262,3960,0.3796740172579099,0.9379441023211748,0.3492909584632405,0.9298527443105756,0.5405405405405406,0.6436175303922076,10430
0.23999999999999982,3520,6423,269,3953,0.38097532767925985,0.9362861203221222,0.35401790204163736,0.9290050145157034,0.5415810384984244,0.6451520111818798,10376
0.24099999999999983,3555,6388,275,3947,0.3819061441702951,0.9348649928943629,0.35753796640852864,0.9281984334203656,0.5422820636120079,0.6462014796514457,10335
0.24199999999999983,3586,6357,277,3945,0.3829353523587653,0.9343912837517764,0.36065573770491804,0.9282940719647942,0.5432387771963646,0.6475235107283472,10302
0.2429999999999998,3615,6328,278,3944,0.3839563862928349,0.9341544291804832,0.3635723624660565,0.9285897765219625,0.5442251966330895,0.6488633958232699,10272
0.2439999999999998,3652,6291,284,3938,0.3849838693909473,0.9327333017527238,0.36729357336819873,0.9278455284552846,0.54501418586949,0.6500134375604613,10229
0.2449999999999998,3693,6250,288,3934,0.38629222309505107,0.9317858834675509,0.3714170773408428,0.9276563677467973,0.5461613216715258,0.6516014804041969,10184
0.2459999999999998,3724,6219,291,3931,0.38729064039408867,0.9310753197536712,0.37453484863723224,0.9275217932752179,0.5470359031450042,0.6528050841954517,10150
0.2469999999999998,3763,6180,298,3924,0.38836104513064135,0.9294173377546187,0.37845720607462535,0.9266190593449889,0.5478151612452883,0.653937271914622,10104
0.2479999999999998,3788,6155,301,3921,0.38914251687177454,0.928706774040739,0.380971537765262,0.9263878698948398,0.5484683172471674,0.6548391559030005,10076
0.2489999999999998,3823,6120,305,3917,0.39025605260536017,0.9277593557555661,0.3844916021321533,0.9261143410852714,0.5494073918227085,0.6561254789438598,10037
0.2499999999999998,3861,6082,308,3914,0.3915566226490596,0.9270487920416864,0.38831338630192097,0.9261213720316622,0.5505697003798002,0.6576810891718037,9996
0.2509999999999998,3892,6051,313,3909,0.3924698795180723,0.9258645191852203,0.3914311575983104,0.9255648038049941,0.5512621633055986,0.6586478383917653,9960
0.2519999999999998,3921,6022,317,3905,0.39337161277324467,0.9249171009000474,0.39434778235944884,0.9252005663048608,0.5519824722595237,0.6596324416297481,9927
0.2529999999999998,3961,5982,324,3898,0.3945344129554656,0.9232591189009948,0.3983707130644675,0.92438739789965,0.5528293859027088,0.6608149159827311,9880
0.2539999999999998,4003,5940,327,3895,0.39603457041179463,0.9225485551871151,0.402594790304737,0.9244803695150116,0.5541722984989685,0.6625716727459261,9835
0.2549999999999998,4045,5898,335,3887,0.39724067450178846,0.9206537186167693,0.4068188675450065,0.9235159817351598,0.555008210180624,0.6637362930808879,9785
0.2559999999999998,4077,5866,344,3878,0.39798850574712646,0.9185220274751302,0.41003721210902144,0.9221895498755938,0.5553487039954175,0.6642796197920758,9744
0.2569999999999998,4108,5835,352,3870,0.3987635239567233,0.9166271909047845,0.41315498340541085,0.9210762331838565,0.5557550082573418,0.6648910871550977,9705
0.2579999999999998,4140,5803,360,3862,0.39958613554061045,0.9147323543344387,0.4163733279694257,0.92,0.5562036436955426,0.6655528411519323,9665
0.2589999999999998,4182,5761,367,3855,0.4008943427620632,0.913074372335386,0.42059740520969524,0.9193229281160694,0.5571614395143807,0.6668358887725406,9616
0.2599999999999998,4209,5734,374,3848,0.4015863076601962,0.9114163903363335,0.4233128834355828,0.9183940650229108,0.5575195595479571,0.6673646368859582,9582
0.2609999999999998,4248,5695,379,3843,0.40291465716083036,0.9102321174798673,0.427235240872976,0.9180894748216987,0.5585755813953488,0.6687336791764217,9538
0.2619999999999998,4292,5651,384,3838,0.4044683317525556,0.9090478446234013,0.43166046464849644,0.9178785286569717,0.5598424622565823,0.6703541546359488,9489
0.2629999999999998,4319,5624,390,3832,0.40524534686971236,0.9076267171956419,0.43437594287438397,0.9171798683372265,0.5603158356484866,0.6710013300350129,9456
0.2639999999999998,4361,5582,397,3825,0.4066120973742957,0.9059687351965893,0.43860002011465354,0.9165615804960068,0.561303103675985,0.6722843776556214,9407
0.2649999999999998,4391,5552,403,3819,0.4075338811226123,0.9045476077688299,0.4416172181434175,0.9159365874009178,0.5619068638269697,0.6730824129561237,9371
0.2659999999999998,4423,5520,411,3811,0.4084235344550423,0.9026527711984841,0.44483556270743235,0.9149772445179976,0.5623847118719103,0.6737441669529582,9331
0.2669999999999998,4458,5485,416,3806,0.40964374125497793,0.901468498342018,0.44835562707432364,0.9146491588018055,0.5633094057574188,0.6749120627081708,9291
0.2679999999999998,4503,5440,424,3798,0.4111279497726781,0.8995736617716722,0.45288142411746957,0.9139435762127055,0.5643387815750371,0.6762275429445709,9238
0.2689999999999998,4532,5411,432,3790,0.4119117487229649,0.8976788252013264,0.4557980488786081,0.9129734085414988,0.564702376517917,0.6767384370399672,9201
0.2699999999999998,4578,5365,443,3779,0.4132764654418198,0.8950734249171008,0.4604244191893795,0.9117705636327424,0.5654646117013318,0.6777489220532402,9144
0.2709999999999998,4606,5337,450,3772,0.4140959490613679,0.8934154429180483,0.4632404706828925,0.910996835443038,0.5658990323306579,0.6783279568004704,9109
0.2719999999999998,4643,5300,451,3771,0.41572042773674345,0.8931785883467551,0.4669616815850347,0.9114644680015704,0.5673662830060935,0.6800701349658949,9071
0.2729999999999998,4678,5265,461,3761,0.4166851318413472,0.8908100426338228,0.470481745951926,0.9102938314847246,0.5677838164251208,0.6806458942928744,9026
0.2739999999999998,4714,5229,472,3750,0.417641162712997,0.8882046423495974,0.47410238358644274,0.9089857308137292,0.5681387773653511,0.6811535129680201,8979
0.2749999999999998,4751,5192,478,3744,0.41897940913160253,0.886783514921838,0.4778235944885849,0.9085867278638363,0.5690834473324213,0.6823035547052114,8936
0.2759999999999998,4778,5165,486,3736,0.41972812043590607,0.8848886783514922,0.4805390727144725,0.9076747720364742,0.5693820010668292,0.6827138755329824,8901
0.2769999999999998,4805,5138,492,3730,0.4206134415877312,0.8834675509237329,0.4832545509403601,0.9071172361714178,0.5699006875477464,0.6833610509320465,8868
0.2779999999999998,4840,5103,496,3726,0.42201834862385323,0.8825201326385599,0.48677461530725136,0.9070464767616192,0.5709907286797946,0.6846473739729056,8829
0.2789999999999998,4872,5071,499,3723,0.42335683420513986,0.8818095689246802,0.48999295987126623,0.9070936510891826,0.5720651505838967,0.6859012643979732,8794
0.2799999999999998,4907,5036,506,3716,0.42458866544789764,0.8801515869256277,0.4935130242381575,0.9065213375207833,0.5728379836596269,0.6868323055818926,8752
0.2809999999999998,4942,5001,516,3706,0.4256345469162743,0.8777830412126955,0.4970330886050488,0.9054598754122389,0.5732848634851884,0.6874080649088721,8707
0.2819999999999998,4977,4966,523,3699,0.42688978649740333,0.8761250592136428,0.50055315297194,0.9049090909090909,0.5740668891130597,0.6883391060927915,8665
0.28299999999999975,5006,4937,532,3690,0.42772690390634055,0.8739933680720038,0.5034697777330785,0.9039364391477067,0.5743637637170208,0.6887315729025412,8627
0.28399999999999975,5043,4900,541,3681,0.4289709824029833,0.8718616769303648,0.5071909886352207,0.9031160458452722,0.5750214793407795,0.6895263327827927,8581
0.28499999999999975,5080,4863,549,3673,0.43029522024367384,0.8699668403600189,0.510912199537363,0.9024693551252443,0.5757955792443957,0.690439519948691,8536
0.28599999999999975,5111,4832,557,3665,0.4313287042485583,0.8680720037896731,0.5140299708337523,0.9017290049400141,0.5763031684880887,0.6910509873117128,8497
0.28699999999999976,5143,4800,569,3653,0.43215426475807406,0.8652297489341544,0.5172483153977673,0.9003851540616247,0.5764102564102564,0.6912390321659608,8453
0.28799999999999976,5183,4760,576,3646,0.43373780632881276,0.8635717669351018,0.5212712461027859,0.8999826358742837,0.5774469433006019,0.6924215065189439,8406
0.28899999999999976,5206,4737,586,3636,0.43425295592977425,0.8612032212221696,0.5235844312581716,0.8988259668508287,0.5773719730051607,0.6923938262401705,8373
0.28999999999999976,5239,4704,594,3628,0.4354296687469995,0.8593083846518238,0.526903349089812,0.898165609463398,0.5779831129520472,0.6931058668708179,8332
0.29099999999999976,5273,4670,604,3618,0.43653474903474904,0.8569398389388915,0.5303228401890777,0.8972264760932449,0.5784172661870504,0.6936313395639846,8288
0.29199999999999976,5317,4626,608,3614,0.43859223300970873,0.8559924206537186,0.5347480639645982,0.8973839662447257,0.5800032097576633,0.6953702423091583,8240
0.29299999999999976,5347,4596,618,3604,0.4395121951219512,0.8536238749407864,0.5377652619933622,0.89639564124057,0.5802608275639993,0.6956945684670743,8200
0.29399999999999976,5380,4563,627,3595,0.44067173326795783,0.8514921837991474,0.5410841798250026,0.8956217745963043,0.5807754442649434,0.696288181812075,8158
0.29499999999999976,5406,4537,633,3589,0.4416687176962835,0.850071056371388,0.5436990847832646,0.8951813214108296,0.5813087139617752,0.6968850705773263,8126
0.29599999999999976,5434,4509,647,3575,0.4422315685304305,0.8467550923732828,0.5465151362767776,0.893603025818122,0.5810173898911101,0.6966351143250302,8084
0.29699999999999976,5473,4470,657,3565,0.44368388301182327,0.8443865466603505,0.5504374937141707,0.8928221859706362,0.5817084115199478,0.6974120201872607,8035
0.29799999999999977,5504,4439,667,3555,0.44470853139854893,0.8420180009474183,0.5535552650105602,0.8919137903095122,0.5820235756385069,0.6977866329789892,7994
0.29899999999999977,5537,4406,677,3545,0.44585586718651743,0.839649455234486,0.5568741828422006,0.8910524621821693,0.5824365398833484,0.6982618190383433,7951
0.29999999999999977,5569,4374,685,3537,0.447098976109215,0.8377546186641402,0.5600925274062154,0.8904700991365526,0.5830379955493282,0.6989235730351778,7911
0.30099999999999977,5606,4337,692,3530,0.44870980043218506,0.8360966366650876,0.5638137383083577,0.8901238488409019,0.5840019852758707,0.6999551874867227,7867
0.30199999999999977,5643,4300,705,3517,0.44991684789561215,0.8330175272382757,0.5675349492104999,0.8889413988657845,0.5842677963285987,0.7002762382243878,7817
0.30299999999999977,5666,4277,712,3510,0.4507512520868113,0.8313595452392231,0.5698481343658856,0.8883662590153654,0.5845615788158881,0.7006038398025543,7787
0.30399999999999977,5689,4254,721,3501,0.4514506769825919,0.829227854097584,0.5721613195212712,0.8875195007800312,0.5846205226684479,0.7006945868094276,7755
0.30499999999999977,5726,4217,729,3493,0.4530479896238651,0.8273330175272383,0.5758825304234134,0.8870642912470953,0.585484411666108,0.7016077739753259,7710
0.30599999999999977,5761,4182,736,3486,0.45461658841940533,0.8256750355281857,0.5794025947903048,0.8867169462828998,0.5863751051303616,0.7025388151592452,7668
0.3069999999999998,5790,4153,743,3479,0.45584381551362685,0.8240170535291331,0.5823192195514433,0.8862697076381448,0.5869748608064789,0.7031681365402882,7632
0.3079999999999998,5819,4124,752,3470,0.45693968922833816,0.8218853623874941,0.5852358443125817,0.88555775376655,0.5873392010832769,0.7035606033500379,7594
0.3089999999999998,5851,4092,762,3460,0.4581567796610169,0.8195168166745618,0.5884541888765966,0.8847724179646151,0.5877356888058434,0.7039855027755793,7552
0.3099999999999998,5893,4050,770,3452,0.4601439616102373,0.817621980104216,0.5926782661168661,0.8844364400420232,0.588877516206073,0.705150123110541,7502
0.3109999999999998,5923,4020,773,3449,0.46177533806399784,0.8169114163903364,0.5956954641456301,0.8845579450418161,0.5900265161235139,0.7063034402679833,7469
0.3119999999999998,5943,4000,782,3440,0.46236559139784944,0.8147797252486974,0.5977069294981394,0.8837174721189591,0.5899502658206139,0.7062433273734183,7440
0.3129999999999998,5970,3973,789,3433,0.4635430731839049,0.8131217432496447,0.600422407724027,0.8832667554371949,0.5904712762297901,0.7067720754868358,7406
0.3139999999999997,6008,3935,799,3423,0.4652079369393857,0.8107531975367125,0.6042441918937946,0.8826208314969884,0.5911917098445596,0.7074986947152535,7358
0.3149999999999997,6033,3910,807,3415,0.4662116040955631,0.8088583609663667,0.6067585235844313,0.8820175438596491,0.5914956265696718,0.707808442275399,7325
0.3159999999999997,6062,3881,813,3409,0.46762688614540465,0.8074372335386073,0.6096751483455698,0.8817454545454545,0.5922515635858235,0.7085561909420885,7290
0.3169999999999997,6085,3858,822,3400,0.468448608432075,0.8053055423969683,0.6119883335009555,0.8809902996959607,0.5923344947735192,0.7086469379489619,7258
0.3179999999999997,6115,3828,835,3387,0.46943866943866946,0.8022264329701563,0.6150055315297194,0.8798561151079136,0.5922881874617469,0.7086159822499378,7215
0.31899999999999973,6151,3792,841,3381,0.4713508992053534,0.8008053055423969,0.6186261691642362,0.8797196796338673,0.5934181658622203,0.7097157373533165,7173
0.31999999999999973,6176,3767,852,3370,0.4721871934986689,0.7981999052581715,0.6211405008548728,0.8787706317586795,0.5933620917334272,0.7096702030565222,7137
0.32099999999999973,6209,3734,860,3362,0.4737880496054115,0.7963050686878257,0.6244594186865131,0.8783420568680153,0.5940978971549744,0.7103822436871694,7096
0.32199999999999973,6231,3712,870,3352,0.47451868629671573,0.7939365229748934,0.6266720305742733,0.877482044782425,0.5940102782208045,0.7103042767745833,7064
0.32299999999999973,6263,3680,875,3347,0.4763056780987619,0.7927522501184273,0.6298903751382883,0.8774166433174558,0.5950751177882478,0.7113213126283577,7027
0.32399999999999973,6299,3644,884,3338,0.4780865081638499,0.7906205589767883,0.633511012772805,0.8769316441598218,0.5958586219207426,0.7120657858747966,6982
0.32499999999999973,6325,3618,895,3327,0.4790496760259179,0.7880151586925628,0.6361259177310671,0.8760387811634349,0.5958628100653712,0.7120705382118149,6945
0.32599999999999973,6344,3599,908,3314,0.47938666280920006,0.7849360492657508,0.6380368098159509,0.8747931605074463,0.5952402334979794,0.7114864295408508,6913
0.32699999999999974,6365,3578,919,3303,0.4800174393256794,0.7823306489815254,0.6401488484360857,0.8738330587589237,0.5949743312618211,0.7112397487088056,6881
0.32799999999999974,6393,3550,928,3294,0.48129748684979545,0.7801989578398864,0.6429648999295987,0.8732413604698812,0.5953370684981023,0.7115819288847425,6844
0.32899999999999974,6425,3518,938,3284,0.48279917671273154,0.777830412126954,0.6461832444936136,0.8726062746163249,0.5957910014513788,0.7120068283102838,6802
0.32999999999999974,6453,3490,949,3273,0.4839568238947213,0.7752250118427285,0.6489992959871266,0.8717914077276412,0.5959035047792445,0.7121121539149275,6763
0.33099999999999974,6476,3467,955,3267,0.48514998514998514,0.7738038844149692,0.6513124811425123,0.8714843224330507,0.5963855421686747,0.7125581827787407,6734
0.33199999999999974,6500,3443,967,3255,0.48596595998805614,0.7709616295594505,0.6537262395655234,0.8704968528190706,0.5961538461538461,0.7123439345624869,6698
0.33299999999999974,6523,3420,977,3245,0.48687171792948236,0.7685930838465183,0.6560394247209091,0.8697333333333334,0.5961238173968954,0.7123162542837137,6665
0.33399999999999974,6554,3389,981,3241,0.4888386123680241,0.7676456655613453,0.6591571960172986,0.8698075646980756,0.5973092517508294,0.7134014307893219,6630
0.33499999999999974,6576,3367,992,3230,0.4896164923450053,0.7650402652771199,0.6613698079050588,0.86892177589852,0.5970976984933912,0.7132050365910894,6597
0.33599999999999974,6608,3335,1004,3218,0.4910727910880513,0.7621980104216012,0.6645881524690738,0.8681029952706253,0.597308584686775,0.7133930814453375,6553
0.33699999999999974,6643,3300,1013,3209,0.49300967890612996,0.7600663192799622,0.668108216835965,0.8676854754440961,0.5980803280216196,0.7140872680579635,6509
0.33799999999999975,6668,3275,1029,3193,0.4936611008039579,0.7562766461392705,0.6706225485266016,0.8663115499545277,0.5973807296538821,0.713449597332936,6468
0.33899999999999975,6702,3241,1040,3182,0.49540713062431885,0.753671245855045,0.6740420396258674,0.8656677861017825,0.5978393612024424,0.7138566427404562,6423
0.33999999999999975,6732,3211,1047,3175,0.4971813341684936,0.7520132638559924,0.6770592376546314,0.8654068646355573,0.598604826546003,0.7145362507553119,6386
0.34099999999999975,6766,3177,1064,3158,0.49850039463299134,0.7479867361440076,0.6804787287538973,0.8641123882503193,0.5982760253859998,0.7142327324489524,6335
0.34199999999999975,6796,3147,1078,3144,0.49976156413924655,0.7446707721459024,0.6834959267826611,0.8630937261874524,0.5981166175211643,0.7140833494642818,6291
0.34299999999999975,6825,3118,1092,3130,0.5009603072983355,0.7413548081477973,0.6864125515437997,0.8620689655172413,0.5978987583572111,0.7138836798457985,6248
0.34399999999999975,6857,3086,1101,3121,0.5028193974544869,0.7392231170061582,0.6896308961078146,0.8616486554410656,0.598523348355547,0.7144270065569864,6207
0.34499999999999975,6877,3066,1112,3110,0.5035621761658031,0.7366177167219328,0.6916423614603239,0.8608086118412818,0.5981919599923062,0.7141300390911283,6176
0.34599999999999975,6901,3042,1120,3102,0.5048828125,0.7347228801515869,0.694056119883335,0.8603665378381747,0.5984950800694578,0.7143895000174609,6144
0.3469999999999997,6931,3012,1131,3091,0.5064722267737178,0.7321174798673614,0.6970733179120989,0.8597122302158273,0.5987409200968523,0.7145953988897302,6103
0.3479999999999997,6960,2983,1141,3081,0.508080474934037,0.7297489341544292,0.6999899426732374,0.8591531909640785,0.5990666925918724,0.7148694384138333,6064
0.3489999999999997,6984,2959,1151,3071,0.5092868988391377,0.7273803884414969,0.7024037010962486,0.8585125998770744,0.5991026141240734,0.7148920447688727,6030
0.3499999999999997,7017,2926,1161,3061,0.5112744279271756,0.7250118427285647,0.705722618927889,0.8580337490829053,0.5996669605250269,0.7153672308282268,5987
0.3509999999999997,7056,2887,1182,3040,0.5129070355997976,0.720037896731407,0.7096449763652821,0.8565185724690458,0.5990738003744212,0.7148414365483445,5927
0.3519999999999997,7077,2866,1191,3031,0.5139901644904189,0.7179062055897679,0.7117570149854169,0.8559506531204645,0.5990710544520209,0.7148316102875925,5897
0.3529999999999997,7105,2838,1206,3016,0.5152032798086779,0.7143533870203695,0.7145730664789299,0.8548911081698953,0.5986502580389044,0.7144632267496498,5854
0.3539999999999997,7137,2806,1218,3004,0.517039586919105,0.7115111321648507,0.7177914110429447,0.8542190305206463,0.5988835725677831,0.7146512716038977,5810
0.3549999999999997,7161,2782,1225,2997,0.5186018342273749,0.7098531501657982,0.7202051694659559,0.8539232053422371,0.5993400659934006,0.7150291598158771,5779
0.3559999999999997,7190,2753,1242,2980,0.5197976626548055,0.7058266224538133,0.7231217942270944,0.8527039848197343,0.598694123556002,0.7144742083404538,5733
0.3569999999999997,7223,2720,1254,2968,0.5218002812939522,0.7029843675982946,0.7264407120587348,0.8520703078919429,0.5989909182643794,0.7147125398285148,5688
0.3579999999999997,7243,2700,1271,2951,0.5222084586798796,0.6989578398863098,0.7284521774112441,0.8507164669955367,0.597791957864884,0.713705008648777,5651
0.3589999999999997,7269,2674,1280,2942,0.5238603988603988,0.6968261487446707,0.7310670823695062,0.8502748859515733,0.5980890424883106,0.7139466155570885,5616
0.3599999999999997,7296,2647,1293,2929,0.525286944045911,0.6937470393178589,0.7337825605953937,0.8494586098498079,0.5978771177791385,0.7137647999566263,5576
0.3609999999999997,7321,2622,1301,2921,0.5269709543568465,0.691852202747513,0.7362968922860303,0.8491069357457667,0.5982590885816692,0.7140745475167717,5543
0.3619999999999997,7343,2600,1308,2914,0.5284729778745013,0.6901942207484605,0.7385095041737906,0.8488036065194775,0.5986031224322104,0.7143518624611256,5514
0.3629999999999997,7372,2571,1317,2905,0.5304967129291454,0.6880625296068215,0.7414261289349291,0.8484290482218897,0.5990925964116313,0.7147443292708753,5476
0.3639999999999997,7399,2544,1325,2897,0.532438889909943,0.6861676930364756,0.7441416071608167,0.8481201283814764,0.5996067473869399,0.7151546500986461,5441
0.3649999999999997,7422,2521,1333,2889,0.534011090573013,0.6842728564661298,0.7464547923162024,0.8477441462021702,0.5998754152823921,0.7153638243911661,5410
0.3659999999999997,7451,2492,1342,2880,0.5361131794489948,0.6821411653244908,0.7493714170773409,0.8473785966109405,0.600375234521576,0.7157562912009159,5372
0.3669999999999997,7480,2463,1361,2861,0.5373779113448535,0.6776409284699195,0.7522880418384793,0.8460581382196584,0.5994133668552273,0.7149644851541994,5324
0.3679999999999997,7508,2435,1379,2843,0.5386510041682455,0.6733775461866414,0.7551040933319924,0.8448295262743333,0.5985263157894737,0.7142408197593169,5278
0.3689999999999997,7538,2405,1387,2835,0.541030534351145,0.6714827096162956,0.7581212913607563,0.844593837535014,0.5992390615091947,0.714802000488526,5240
0.3699999999999997,7571,2372,1399,2823,0.5434071222329163,0.6686404547607769,0.7614402091923966,0.8440356744704571,0.5995539980885632,0.7150403319765868,5195
0.3709999999999997,7589,2354,1412,2810,0.5441518202943455,0.6655613453339649,0.763250528009655,0.8431285412731919,0.5987641167696569,0.71440593667181,5164
0.3719999999999997,7619,2324,1419,2803,0.5467134776672518,0.6639033633349124,0.766267726038419,0.8429962381057756,0.599636324740614,0.7150855446866657,5127
0.3729999999999997,7646,2297,1432,2790,0.548456850796147,0.6608242539081004,0.7689832042643066,0.8422560035250055,0.5994199162101193,0.7149037290862035,5087
0.3739999999999997,7664,2279,1443,2779,0.5494266508501384,0.6582188536238749,0.7707935230815649,0.8415504556934227,0.5989224137931034,0.71450618835272,5058
0.3749999999999997,7694,2249,1457,2765,0.5514559234144396,0.6549028896257698,0.7738107211103289,0.840782428149929,0.5987440450411433,0.7143568053680494,5014
0.3759999999999997,7707,2236,1468,2754,0.5519038076152305,0.6522974893415443,0.7751181735894599,0.84,0.5979157620495007,0.7137078314655021,4990
0.3769999999999997,7735,2208,1478,2744,0.5541195476575121,0.649928943628612,0.7779342250829729,0.8395745142733094,0.5982123392195334,0.7139315843557925,4952
0.37799999999999967,7751,2192,1490,2732,0.5548334687246141,0.6470866887730933,0.7795433973649804,0.838762038740396,0.5974196369997813,0.7133150430690368,4924
0.37899999999999967,7774,2169,1504,2718,0.5561694290976059,0.6437707247749882,0.781856582520366,0.8378960982970468,0.5967724228784719,0.7128136536476771,4887
0.37999999999999967,7804,2139,1517,2705,0.5584227910817506,0.6406916153481762,0.78487378054913,0.8372492221864607,0.5967350540480918,0.7127826979486531,4844
0.3809999999999997,7815,2128,1531,2691,0.5584146088400083,0.637375651350071,0.7859800864930102,0.8361866038947143,0.5952881318438226,0.7116778689215406,4819
0.3819999999999997,7835,2108,1542,2680,0.5597326649958229,0.6347702510658456,0.7879915518455195,0.8355550815825957,0.5948945615982242,0.7113809014556826,4788
0.3829999999999997,7851,2092,1548,2674,0.56105749055812,0.6333491236380863,0.7896007241275269,0.8353016278327482,0.5950155763239875,0.7114749238828066,4766
0.3839999999999997,7870,2073,1559,2663,0.5622888513513513,0.6307437233538608,0.7915116162124107,0.8346590306501219,0.5945523554364813,0.7111276697831357,4736
0.3849999999999997,7885,2058,1574,2648,0.5626859328516787,0.6271909047844624,0.7930202152267927,0.8335976318849773,0.5931899641577061,0.7101055600056275,4706
0.3859999999999997,7909,2034,1592,2630,0.5638936535162951,0.6229275225011843,0.7954339736498038,0.8324386906641407,0.5919423812739141,0.7091807480754941,4664
0.3869999999999997,7931,2012,1612,2610,0.5646906101254868,0.6181904310753198,0.7976465855375641,0.8310803730483076,0.5902306648575305,0.7079185083064419,4622
0.3879999999999997,7951,1992,1626,2596,0.5658238884045336,0.6148744670772146,0.7996580508900735,0.8302182311788661,0.5893303064699206,0.707266258983644,4588
0.3889999999999997,7969,1974,1639,2583,0.5668202764976958,0.6117953576504026,0.8014683697073318,0.829412989175687,0.5884497095341155,0.7066318636788672,4557
0.3899999999999997,7986,1957,1650,2572,0.5678957827334953,0.6091899573661772,0.8031781152569647,0.8287671232876712,0.5878185350245686,0.706184036311571,4529
0.3909999999999997,8003,1940,1665,2557,0.5686012897487214,0.6056371387967788,0.8048878608065976,0.827782374844849,0.5865351531138893,0.7052624998016882,4497
0.3919999999999997,8033,1910,1670,2552,0.5719408337068579,0.6044528659403127,0.8079050588353616,0.827888281974647,0.5877475817595578,0.7061789623878372,4462
0.3929999999999997,8054,1889,1682,2540,0.573492887785053,0.601610611084794,0.8100170974554963,0.8272391125718981,0.587215350826494,0.7058138542701451,4429
0.3939999999999997,8069,1874,1694,2528,0.5742844161744661,0.5987683562292753,0.8115256964698783,0.8264877599098638,0.5862708719851577,0.7051470263495767,4402
0.3949999999999997,8085,1858,1708,2514,0.5750228728270814,0.5954523922311701,0.8131348687518858,0.825589706933524,0.5850593437281825,0.7042936304915279,4372
0.3959999999999997,8101,1842,1723,2499,0.5756738078783691,0.5918995736617717,0.8147440410338932,0.8246131921824105,0.5836739460469461,0.7033218073478325,4341
0.3969999999999997,8115,1828,1737,2485,0.5761650823092975,0.5885836096636665,0.8161520667806497,0.8236906211936662,0.5823081429408319,0.7023678382221581,4313
0.3979999999999997,8135,1808,1749,2473,0.5776687689792105,0.5857413548081478,0.818163532133159,0.8230473492513153,0.5816770551570034,0.7019524434706534,4281
0.3989999999999997,8155,1788,1762,2460,0.5790960451977402,0.5826622453813358,0.8201749974856684,0.8223252999899163,0.5808736717827627,0.7014186214335021,4248
0.3999999999999997,8172,1771,1774,2448,0.5802322825314056,0.5798199905258171,0.8218847430353012,0.8216368389302232,0.5800260632626466,0.7008523667805592,4219
0.4009999999999997,8184,1759,1783,2439,0.5809909480705098,0.5776882993841781,0.8230916222468068,0.821109661884218,0.579334916864608,0.7003899608154924,4198
0.4019999999999997,8197,1746,1799,2423,0.581194531062605,0.5738986262434865,0.8243990747259379,0.8200280112044818,0.5775235371231081,0.6991488504847122,4169
0.4029999999999997,8213,1730,1817,2405,0.5816203143893591,0.5696352439602085,0.8260082470079453,0.8188434695912263,0.5755653942802441,0.6978217454840769,4135
0.4039999999999997,8226,1717,1826,2396,0.5825431558473134,0.5675035528185693,0.8273156994870763,0.8183446080382013,0.5749250149970005,0.6974096261528229,4113
0.4049999999999997,8241,1702,1838,2384,0.5834557023984337,0.5646612979630506,0.8288242985014583,0.817640638952277,0.5739046701974001,0.6967427982322545,4086
0.4059999999999997,8248,1695,1850,2372,0.5832308827145316,0.561819043107532,0.8295283113748365,0.8167954050306991,0.5723247677645071,0.6956736772411842,4067
0.4069999999999997,8270,1673,1862,2360,0.5851723282915944,0.5589767882520132,0.8317409232625969,0.8162258191867351,0.5717746820109025,0.695358855757305,4033
0.4079999999999997,8289,1654,1874,2348,0.5867066466766616,0.5561345333964945,0.8336518153474807,0.8156056282593722,0.5710116731517509,0.6948931743719876,4002
0.4089999999999997,8304,1639,1888,2334,0.5874653913918952,0.5528185693983894,0.8351604143618626,0.814756671899529,0.5696156192800488,0.6939894918801259,3973
0.4099999999999997,8322,1621,1906,2316,0.588265176530353,0.5485551871151113,0.836970733179121,0.8136488071959327,0.5677166319401887,0.6927629601471161,3937
0.41099999999999964,8342,1601,1919,2303,0.5899077868852459,0.5454760776882994,0.8389821985316303,0.8129811909170647,0.5668225449175486,0.6922291381099648,3904
0.41199999999999964,8355,1588,1936,2286,0.5900877645844089,0.5414495499763146,0.8402896510107614,0.8118744534058886,0.5647233201581028,0.690869600493538,3874
0.41299999999999965,8369,1574,1950,2272,0.5907436297451898,0.5381335859782094,0.8416976767575178,0.8110282004070162,0.5632126921170054,0.6899156313678636,3846
0.41399999999999965,8384,1559,1962,2260,0.5917779523435455,0.5352913311226907,0.8432062757718999,0.8103614923641987,0.562119139410521,0.6892488034472952,3819
0.41499999999999965,8400,1543,1978,2244,0.5925534724055981,0.531501657981999,0.8448154480539073,0.8094045095394103,0.5603695842177551,0.6881585530179531,3787
0.41599999999999965,8420,1523,1994,2228,0.5939749400159957,0.5277119848413074,0.8468269134064166,0.8085269829076244,0.5588862410635896,0.687269449123862,3751
0.41699999999999965,8437,1506,1999,2223,0.5961383748994369,0.5265277119848413,0.8485366589560495,0.8084515139900345,0.559174946547604,0.6875321854704454,3729
0.41799999999999965,8451,1492,2006,2216,0.5976267529665588,0.5248697299857887,0.849944684702806,0.8081667782346753,0.558890290037831,0.6874072073442974,3708
0.41899999999999965,8459,1484,2026,2196,0.5967391304347827,0.5201326385599242,0.8507492708438097,0.8067715784453982,0.5558086560364465,0.685440954701867,3680
0.41999999999999965,8471,1472,2046,2176,0.5964912280701754,0.5153955471340597,0.8519561500553153,0.8054578301797091,0.5529860228716645,0.6836758485946874,3648
0.42099999999999965,8484,1459,2054,2168,0.5977391783843397,0.5135007105637138,0.8532636025344463,0.805086354146897,0.5524270607720729,0.6833821565490801,3627
0.42199999999999965,8499,1444,2067,2155,0.5987774381772715,0.5104216011369019,0.8547722015488283,0.8043725156161272,0.551080424498146,0.6825969013428651,3599
0.42299999999999965,8517,1426,2083,2139,0.6,0.5066319279962104,0.8565825203660867,0.8034905660377358,0.5493771670733273,0.6816072241811486,3565
0.42399999999999965,8527,1416,2100,2122,0.5997738835500283,0.5026054002842255,0.8575882530423413,0.8023901383269032,0.5469072164948454,0.6800968266632834,3538
0.42499999999999966,8541,1402,2115,2107,0.6004559703619264,0.4990525817148271,0.8589962787890979,0.8015202702702703,0.5450782563704566,0.6790244302519625,3509
0.42599999999999966,8560,1383,2129,2093,0.6021288837744534,0.49573661771672195,0.8609071708739817,0.8008232762653195,0.5437776045726163,0.6783218942953518,3476
0.42699999999999966,8578,1365,2143,2079,0.6036585365853658,0.49242065371861676,0.8627174896912401,0.8001119298572894,0.5423949908687712,0.6775690717049284,3444
0.42799999999999966,8590,1353,2164,2058,0.6033421284080914,0.48744670772145904,0.8639243689027456,0.7987725497489306,0.5392375212891393,0.6756855383121023,3411
0.42899999999999966,8608,1335,2178,2044,0.6049126960639243,0.48413074372335385,0.8657346877200041,0.7980715742629334,0.5378239705301934,0.6749327157216789,3379
0.42999999999999966,8622,1321,2186,2036,0.6064938933571641,0.48223590715300807,0.8671427134667605,0.7977424130273871,0.5372740467080089,0.6746893103098843,3357
0.43099999999999966,8634,1309,2199,2023,0.6071428571428571,0.4791567977261961,0.8683495926782662,0.7970091387427305,0.5356102727032036,0.6737531952022311,3332
0.43199999999999966,8641,1302,2218,2004,0.6061705989110708,0.47465656087162483,0.8690536055516443,0.795745464591583,0.5324123273113709,0.6718550832116346,3306
0.43299999999999966,8656,1287,2233,1989,0.6071428571428571,0.47110374230222646,0.8705622045660264,0.7949306639728166,0.530541477727394,0.6708329734341264,3276
0.43399999999999966,8669,1274,2252,1970,0.6072749691738595,0.46660350544765516,0.8718696570451574,0.7937917773097701,0.5277256897937316,0.6692365812464063,3244
0.43499999999999966,8683,1260,2262,1960,0.6086956521739131,0.4642349597347229,0.8732776827919139,0.7933302878026496,0.5267401236226821,0.6687563212633184,3220
0.43599999999999967,8697,1246,2275,1947,0.6097713748825556,0.46115585030791095,0.8746857085386704,0.792654028436019,0.5251517194875253,0.6679207794232906,3193
0.43699999999999967,8707,1236,2290,1932,0.6098484848484849,0.4576030317385126,0.875691441214925,0.7917613894698554,0.5228687415426252,0.6666472364767189,3168
0.43799999999999967,8720,1223,2305,1917,0.6105095541401274,0.45405021316911415,0.8769988936940561,0.7909297052154195,0.5207823960880196,0.6655245534315851,3140
0.43899999999999967,8730,1213,2314,1908,0.6113425184235822,0.4519185220274751,0.8780046263703107,0.7904744657732705,0.5196786054746017,0.6649615741988929,3121
0.43999999999999967,8741,1202,2324,1898,0.6122580645161291,0.44954997631454285,0.8791109323141909,0.7899683687302305,0.5184375853591915,0.6643304543143669,3100
0.44099999999999967,8751,1192,2335,1887,0.6128613186099383,0.4469445760303174,0.8801166649904455,0.7893739852065669,0.5169154910286262,0.6635306205103815,3079
0.4419999999999996,8764,1179,2345,1877,0.6142015706806283,0.44457603031738513,0.8814241174695766,0.7889098928796471,0.5158010442429238,0.6630000738934809,3056
0.4429999999999996,8776,1167,2361,1861,0.6145970937912814,0.4407863571766935,0.8826309966810821,0.7880039507946485,0.5133793103448275,0.6617086769288878,3028
0.4439999999999996,8787,1156,2373,1849,0.6153078202995008,0.4379441023211748,0.8837373026249623,0.7873655913978495,0.5116922651169227,0.6608407024730686,3005
0.4449999999999996,8804,1139,2383,1839,0.6175285426460712,0.43557555660824254,0.8854470481745952,0.7869848931795834,0.5108333333333334,0.6605113023914189,2978
0.4459999999999996,8818,1125,2396,1826,0.6187732971873942,0.4324964471814306,0.8868550739213517,0.786338505439629,0.5091314652167852,0.6596757605513911,2951
0.4469999999999996,8828,1115,2408,1814,0.6193240013656538,0.4296541923259119,0.8878608065976064,0.785688857244571,0.5073416305411831,0.6587574994617591,2929
0.4479999999999996,8840,1103,2416,1806,0.6208319009969061,0.42775935575556606,0.8890676858091119,0.7853589196872779,0.5065208245687842,0.658413520782339,2909
0.4489999999999996,8847,1096,2431,1791,0.6203671631451334,0.4242065371861677,0.8897716986824902,0.7844475970916829,0.5038683359122239,0.6569891179343289,2887
0.4499999999999996,8859,1084,2450,1772,0.6204481792717087,0.4197063003315964,0.8909785778939958,0.7833583871252985,0.5007064142413111,0.6553424391127961,2856
0.4509999999999996,8866,1077,2467,1755,0.6197033898305084,0.41567977261961153,0.891682590767374,0.7823171269743228,0.4975900198468954,0.6536811816934928,2832
0.4519999999999996,8873,1070,2479,1743,0.6196231781016708,0.41283751776409283,0.8923866036407523,0.7816243833685694,0.4955223880597015,0.6526120607024226,2813
0.4529999999999996,8885,1058,2492,1730,0.6205164992826399,0.4097584083372809,0.8935934828522578,0.7809615891711348,0.49358059914407987,0.6516759455947694,2788
0.4539999999999996,8898,1045,2505,1717,0.6216509775524982,0.40667929891046894,0.8949009353313889,0.780320968166272,0.49169530355097363,0.6507901171209289,2762
0.4549999999999996,8905,1038,2517,1705,0.6215822092599343,0.40383704405495024,0.8956049482047672,0.7796357905795832,0.4895908111988514,0.6497209961298587,2743
0.45599999999999963,8916,1027,2536,1686,0.6214522668632511,0.39933680720037895,0.8967112541486473,0.7785539643730353,0.48622927180966113,0.6480240306745131,2713
0.45699999999999963,8925,1018,2552,1670,0.6212797619047619,0.39554713405968733,0.8976164135572765,0.7776422410037466,0.4833574529667149,0.6465817738084819,2688
0.45799999999999963,8932,1011,2564,1658,0.621206444361184,0.39270487920416863,0.8983204264306547,0.7769659011830202,0.4812073719344072,0.6455126528174117,2669
0.45899999999999963,8944,999,2574,1648,0.6225916131469588,0.39033633349123636,0.8995273056421603,0.7765237020316027,0.4798369486096957,0.6449318195666983,2647
0.45999999999999963,8953,990,2585,1637,0.623144271031595,0.3877309332070109,0.9004324650507896,0.7759577049748657,0.478025989195503,0.6440816991289002,2627
0.46099999999999963,8964,979,2603,1619,0.6231716705157814,0.3834675509237328,0.9015387709946696,0.7749632575430103,0.4747800586510264,0.6425031609592012,2598
0.46199999999999963,8978,965,2624,1598,0.6234880998829496,0.3784936049265751,0.9029467967414261,0.7738320979141528,0.47103905674281504,0.6407202008340006,2563
0.46299999999999963,8991,952,2635,1587,0.625049231981095,0.3758882046423496,0.9042542492205572,0.7733528298640977,0.46945718089040084,0.6400712269314535,2539
0.46399999999999963,8999,944,2645,1577,0.6255454184847283,0.37351965892941735,0.9050588353615608,0.7728443833734112,0.4677443274506896,0.6392892471454891,2521
0.46499999999999964,9017,926,2657,1565,0.6282617422721799,0.37067740407389865,0.9068691541788193,0.7724002055850608,0.4662594964993297,0.638773279126359,2491
0.46599999999999964,9023,920,2670,1552,0.627831715210356,0.3675982946470867,0.907472593784572,0.7716582570768836,0.4636988347774126,0.6375354442158294,2472
0.46699999999999964,9035,908,2687,1535,0.6283258288988948,0.36357176693510185,0.9086794729960777,0.7707729056475005,0.4606151537884471,0.6361256199655898,2443
0.46799999999999964,9049,894,2699,1523,0.6301199834505585,0.36072951207958315,0.9100874987428341,0.7702587674497787,0.45880403675252296,0.6354085054112086,2417
0.46899999999999964,9054,889,2711,1511,0.6295833333333334,0.35788725722406445,0.9105903650809615,0.7695707607309817,0.4563575958924796,0.634238811152513,2400
0.46999999999999964,9061,882,2731,1491,0.6283185840707964,0.3531501657981999,0.9112943779543398,0.7684023066485753,0.45216072782410915,0.6322222718762698,2373
0.47099999999999964,9067,876,2747,1475,0.6273925988940876,0.3493604926575083,0.9118978175600926,0.7674792618926697,0.4488057203712156,0.6306291551088005,2351
0.47199999999999964,9081,862,2754,1468,0.6300429184549357,0.3477025106584557,0.913305843306849,0.7673003802281368,0.4481074481074481,0.6305041769826524,2330
0.47299999999999964,9088,855,2768,1454,0.6297098310957124,0.34438654666035057,0.9140098561802273,0.766531713900135,0.4452610626244067,0.6291982014202889,2309
0.47399999999999964,9097,846,2778,1444,0.6305676855895197,0.3420180009474183,0.9149150155888565,0.7660631578947369,0.44348894348894347,0.6284665082681373,2290
0.4749999999999996,9104,839,2793,1429,0.6300705467372134,0.33846518237801987,0.9156190284622348,0.765234933176431,0.4403697996918336,0.6270421054201273,2268
0.4759999999999996,9113,830,2809,1413,0.6299598751671868,0.3346755092373283,0.9165241878708639,0.7643851702734441,0.437122969837587,0.6255998485540961,2243
0.4769999999999996,9120,823,2826,1396,0.6291122127084272,0.33064898152534344,0.9172282007442422,0.7634354595680563,0.4334730631889458,0.6239385911347928,2219
0.4779999999999996,9131,812,2842,1380,0.6295620437956204,0.3268593083846518,0.9183345066881223,0.7626325899941535,0.4303086997193639,0.6225969075363871,2192
0.4789999999999996,9137,806,2857,1365,0.6287425149700598,0.32330648981525345,0.918937946293875,0.7617975654493914,0.4270295635851713,0.6211222180545642,2171
0.4799999999999996,9144,799,2872,1350,0.6281991624011168,0.319753671245855,0.9196419591672533,0.7609853528628495,0.4237953225553288,0.6196978152065542,2149
0.4809999999999996,9157,786,2888,1334,0.629245283018868,0.31596399810516346,0.9209494116463844,0.7602324616023246,0.4206874802901293,0.618456704875774,2120
0.4819999999999996,9163,780,2905,1317,0.6280400572246065,0.3119374703931786,0.9215528512521372,0.7592807424593968,0.4168381072954581,0.6167451608226578,2097
0.4829999999999996,9170,773,2919,1303,0.6276493256262042,0.3086215063950734,0.9222568641255154,0.7585408222350898,0.4137821530644649,0.6154391852602944,2076
0.4839999999999996,9181,762,2938,1284,0.6275659824046921,0.3041212695405021,0.9233631700693955,0.757570756663091,0.4097000638162093,0.6137422198049488,2046
0.4849999999999996,9187,756,2957,1265,0.6259277585353785,0.2996210326859308,0.9239666096751483,0.7565052700922266,0.40525388435047255,0.6117938211805396,2021
0.4859999999999996,9200,743,2967,1255,0.6281281281281281,0.29725248697299855,0.9252740621542794,0.7561436672967864,0.40353697749196143,0.611263274563639,1998
0.4869999999999996,9214,729,2987,1235,0.6288187372708758,0.29251539554713407,0.9266820879010359,0.7551840013113679,0.3992887164565147,0.609598741724085,1964
0.4879999999999996,9225,718,3000,1222,0.6298969072164948,0.28943628612032213,0.9277883938449161,0.754601226993865,0.39662447257383965,0.6086123399826191,1940
0.4889999999999996,9231,712,3017,1205,0.628586332811685,0.28540975840833727,0.9283918334506688,0.7536740692357936,0.3925720801433458,0.606900795929503,1917
0.4899999999999996,9235,708,3031,1191,0.627172195892575,0.28209379441023213,0.9287941265211707,0.752894179031469,0.3891520993301748,0.6054439604657014,1899
0.4909999999999996,9248,695,3041,1181,0.6295309168443497,0.27972524869729987,0.9301015790003018,0.7525429245666857,0.3873401115119711,0.6049134138488008,1876
0.4919999999999996,9257,686,3064,1158,0.6279826464208242,0.27427759355755565,0.9310067384089309,0.7513188864540216,0.3818001978239367,0.6026421659832433,1844
0.4929999999999996,9262,681,3078,1144,0.6268493150684932,0.2709616295594505,0.9315096047470582,0.7505672609400325,0.37836943939143375,0.6012356171532544,1825
0.4939999999999996,9269,674,3091,1131,0.6265927977839335,0.2678825201326386,0.9322136176204365,0.7499190938511326,0.375311100049776,0.6000480688765375,1805
0.4949999999999996,9278,665,3107,1115,0.6264044943820225,0.26409284699194696,0.9331187770290656,0.7491320145337101,0.3715428190603132,0.5986058120105063,1780
0.4959999999999996,9281,662,3121,1101,0.624503686897334,0.2607768829938418,0.9334204968319421,0.748347040799871,0.36791979949874687,0.597098689912892,1763
0.4969999999999996,9291,652,3130,1092,0.6261467889908257,0.25864519185220275,0.9344262295081968,0.7480074068110458,0.36607442172309757,0.5965357106801997,1744
0.4979999999999996,9302,641,3145,1077,0.6268917345750873,0.2550923732828044,0.9355325354520768,0.7473286735759621,0.36262626262626263,0.5953124543674406,1718
0.4989999999999996,9314,629,3155,1067,0.629127358490566,0.2527238275698721,0.9367394146635825,0.7469724917796134,0.36059479553903345,0.5947316211167273,1696
0.4999999999999996,9321,622,3168,1054,0.6288782816229117,0.24964471814306016,0.9374434275369606,0.7463367763631996,0.3574092912851814,0.5935440728400104,1676
0.5009999999999996,9327,616,3188,1034,0.6266666666666667,0.24490762671719565,0.9380468671427135,0.7452656811825809,0.3521798365122616,0.5914772469299545,1650
0.5019999999999996,9337,606,3203,1019,0.6270769230769231,0.24135480814779725,0.9390525998189682,0.7445773524720893,0.3485548144347529,0.5902037039833827,1625
0.5029999999999996,9340,603,3216,1006,0.6252330640149161,0.2382756987209853,0.9393543196218446,0.7438674737177445,0.3450523066369405,0.5888150091714149,1609
0.5039999999999996,9342,601,3232,990,0.6222501571338781,0.2344860255802937,0.9395554661570954,0.7429616669317639,0.3406158610012042,0.5870207458686946,1591
0.5049999999999996,9350,593,3244,978,0.622533418204965,0.231643770724775,0.9403600522980992,0.7424170239796729,0.3376488865872605,0.5860019115114371,1571
0.5059999999999996,9358,585,3257,965,0.6225806451612903,0.22856466129796305,0.9411646384391029,0.7418152992469282,0.3343728343728344,0.584864649868533,1550
0.5069999999999996,9365,578,3269,953,0.6224689745264533,0.22572240644244435,0.9418686513124811,0.7412537596960582,0.3313054058751955,0.5837955288774628,1531
0.5079999999999996,9376,567,3280,942,0.6242544731610338,0.22311700615821886,0.9429749572563613,0.7408343868520859,0.3287384400628163,0.58304598170729,1509
0.5089999999999996,9384,559,3303,919,0.621786197564276,0.21766935101847465,0.943779543397365,0.739654764719792,0.3224561403508772,0.5807244472079198,1478
0.5099999999999996,9394,549,3322,900,0.6211180124223602,0.21316911416390336,0.9447852760736196,0.7387543252595156,0.31740433785928407,0.5789771951187614,1449
0.5109999999999996,9404,539,3334,888,0.6222845129642607,0.21032685930838466,0.9457910087498743,0.7382634636520646,0.3143919277748274,0.5780589340291294,1427
0.5119999999999996,9414,529,3345,877,0.6237553342816501,0.20772145902415917,0.9467967414261289,0.737832118504585,0.31165600568585644,0.577259100225144,1406
0.5129999999999996,9422,521,3355,867,0.6246397694524496,0.2053529133112269,0.9476013275671327,0.7374187994051812,0.3090909090909091,0.5764771204391798,1388
0.5139999999999996,9430,513,3368,854,0.6247256766642283,0.20227380388441496,0.9484059137081364,0.7368338802937959,0.3056002862766148,0.5753398587962757,1367
0.5149999999999996,9436,507,3380,842,0.6241660489251297,0.19943154902889626,0.9490093533138891,0.7362671660424469,0.302279662538144,0.5742204511713926,1349
0.5159999999999996,9442,501,3395,827,0.6227409638554217,0.19587873045949786,0.949612792919642,0.7355301082807509,0.298018018018018,0.5727457616895699,1328
0.5169999999999996,9446,497,3410,812,0.6203208556149733,0.19232591189009948,0.9500150859901438,0.7347542003733665,0.29361779063460497,0.5711704989401216,1309
0.5179999999999996,9452,491,3421,801,0.6199690402476781,0.189720511605874,0.9506185255958967,0.7342499805795075,0.29053318824809576,0.5701695186008853,1292
0.5189999999999996,9454,489,3437,785,0.6161695447409733,0.18593083846518238,0.9508196721311475,0.7333798774338686,0.2856622998544396,0.5683752552981649,1274
0.5199999999999996,9460,483,3449,773,0.6154458598726115,0.18308858360966368,0.9514231117369003,0.732822062127198,0.2822197882438846,0.567255847673282,1256
0.5209999999999996,9465,478,3460,762,0.614516129032258,0.18048318332543817,0.9519259780750277,0.7323017408123791,0.2790186744782131,0.5662045807002329,1240
0.5219999999999996,9470,473,3474,748,0.6126126126126126,0.177167219327333,0.952428844413155,0.7316131025957973,0.2748484291750873,0.564798031870244,1221
0.5229999999999996,9479,464,3486,736,0.6133333333333333,0.1743249644718143,0.9533340038217841,0.7311222522175087,0.27148653633345626,0.5638294841467992,1200
0.5239999999999996,9484,459,3495,727,0.6129848229342327,0.17219327333017528,0.9538368701599115,0.7307188535326297,0.26886094674556216,0.5630150717450434,1186
0.5249999999999996,9488,455,3505,717,0.6117747440273038,0.16982472761724302,0.9542391632304134,0.7302393596551989,0.26585094549499444,0.5620319454238282,1172
0.5259999999999996,9497,446,3517,705,0.6125108601216334,0.1669824727617243,0.9551443226390426,0.7297525741509144,0.26242322724734785,0.5610633977003834,1151
0.5269999999999996,9504,439,3528,694,0.6125330979699912,0.1643770724774988,0.9558483355124208,0.7292817679558011,0.25919701213818863,0.5601127039949598,1133
0.5279999999999996,9510,433,3536,686,0.613047363717605,0.162482235907153,0.9564517751181736,0.7289590679135367,0.25688073394495414,0.5594670055126633,1119
0.5289999999999996,9517,426,3552,670,0.6113138686131386,0.1586925627664614,0.9571557879915519,0.7282117989134593,0.25197442647611884,0.5579241753790066,1096
0.5299999999999996,9523,420,3562,660,0.6111111111111112,0.15632401705352914,0.9577592275973046,0.7277799006495987,0.24896265560165975,0.5570416223254169,1080
0.5309999999999996,9528,415,3569,653,0.6114232209737828,0.15466603505447654,0.9582620939354319,0.7274948461479728,0.24688090737240076,0.5564640644949542,1068
0.5319999999999996,9533,410,3582,640,0.6095238095238096,0.15158692562766463,0.9587649602735593,0.7268776210446054,0.24279210925644917,0.555175942950612,1050
0.5329999999999996,9537,406,3593,629,0.6077294685990338,0.14898152534343914,0.9591672533440612,0.7263518659558263,0.23929998097774396,0.5540743893437502,1035
0.5339999999999996,9538,405,3603,619,0.6044921875,0.14661297963050687,0.9592678266116866,0.7258199528194201,0.2359893252001525,0.5529404031210967,1024
0.5349999999999996,9546,397,3613,609,0.6053677932405567,0.1442444339175746,0.9600724127526903,0.7254350634546698,0.2329762815608263,0.5521584233351324,1006
0.5359999999999996,9554,389,3620,602,0.6074672048435923,0.14258645191852204,0.960876998893694,0.7252163352057082,0.23096105889123345,0.551731725406108,991
0.5369999999999996,9556,387,3636,586,0.6022610483042138,0.13879677877783042,0.961078145428945,0.7243784111582777,0.22560153994225216,0.5499374621033877,973
0.5379999999999996,9559,384,3647,575,0.5995828988529719,0.13619137849360494,0.9613798652318214,0.7238376495532334,0.2219648716464003,0.5487856218627132,959
0.5389999999999996,9565,378,3651,571,0.6016859852476291,0.13524396020843202,0.9619833048375742,0.7237439467312349,0.22084703152194934,0.5486136325230031,949
0.5399999999999996,9569,374,3663,559,0.5991425509110396,0.13240170535291332,0.962385597908076,0.723171100362757,0.21687681862269642,0.5473936516304947,933
0.5409999999999996,9570,373,3671,551,0.5963203463203464,0.1305068687825675,0.9624861711757015,0.7227550789215316,0.2141469102215313,0.5464965199791345,924
0.5419999999999996,9574,369,3685,537,0.5927152317880795,0.12719090478446235,0.9628884642462033,0.7220755713100535,0.20943837753510142,0.5450396845153328,906
0.5429999999999996,9579,364,3700,522,0.5891647855530474,0.12363808621506395,0.9633913305843307,0.7213645605843814,0.20438527799530148,0.5435147083996973,886
0.5439999999999996,9582,361,3707,515,0.5878995433789954,0.12198010421601137,0.9636930503872071,0.721047482880578,0.2020400156924284,0.5428365773016093,876
0.5449999999999996,9584,359,3713,509,0.586405529953917,0.12055897678825202,0.963894196922458,0.7207640821237873,0.2,0.5422265868553551,868
0.5459999999999996,9587,356,3723,499,0.583625730994152,0.11819043107531975,0.9641959167253344,0.7202854996243426,0.19657277920031516,0.5411931739003271,855
0.5469999999999996,9592,351,3732,490,0.582639714625446,0.11605873993368072,0.9646987830634617,0.7199039327529271,0.19356112976496148,0.5403787614985712,841
0.5479999999999996,9597,346,3743,479,0.5806060606060606,0.11345333964945524,0.965201649401589,0.7194152923538231,0.18981573211808994,0.5393274945255221,825
0.5489999999999996,9601,342,3748,474,0.5808823529411765,0.1122690667929891,0.9656039424720909,0.7192299048617874,0.18816990869392616,0.5389365046325401,816
0.5499999999999996,9604,339,3755,467,0.5794044665012407,0.11061108479393653,0.9659056622749673,0.7189160865334232,0.18575974542561655,0.5382583735344519,806
0.5509999999999996,9609,334,3762,460,0.5793450881612091,0.10895310279488395,0.9664085286130947,0.7186448283598833,0.18341307814992025,0.5376808157039893,794
0.5519999999999996,9617,326,3772,450,0.5798969072164949,0.10658455708195168,0.9672131147540983,0.7182761968780342,0.18007202881152462,0.536898835918025,776
0.5529999999999996,9620,323,3782,440,0.5766710353866317,0.10421601136901942,0.9675148345569747,0.7178033129383674,0.1765295887662989,0.5358654229629971,763
0.5539999999999996,9626,317,3793,429,0.5750670241286864,0.10161061108479394,0.9681182741627276,0.7173410835382666,0.17270531400966183,0.5348644426237608,746
0.5549999999999995,9636,307,3799,423,0.5794520547945206,0.10018948365703458,0.9691240068389821,0.7172311127651656,0.17084006462035542,0.5346567452480083,730
0.5559999999999995,9640,303,3808,414,0.5774058577405857,0.09805779251539555,0.969526299909484,0.7168352171326592,0.16764527232233245,0.5337920462124398,717
0.5569999999999995,9644,299,3814,408,0.5770862800565771,0.09663666508763619,0.9699285929799859,0.7165997919453113,0.16555082166768106,0.5332826290338111,707
0.5579999999999995,9647,296,3821,401,0.5753228120516499,0.09497868308858361,0.9702303127828623,0.7162904662904663,0.1630412685505184,0.532604497935723,697
0.5589999999999995,9650,293,3829,393,0.5728862973760933,0.0930838465182378,0.9705320325857387,0.7159284813413458,0.16014669926650366,0.5318079395519882,686
0.5599999999999995,9654,289,3838,384,0.5705794947994056,0.09095215537659877,0.9709343256562406,0.7155351319300326,0.15689479060265576,0.5309432405164197,673
0.5609999999999995,9658,285,3843,379,0.5707831325301205,0.08976788252013264,0.9713366187267425,0.7153544181912451,0.15513712648383135,0.5305522506234376,664
0.5619999999999995,9660,283,3851,371,0.5672782874617737,0.08787304594978683,0.9715377652619933,0.7149729849752053,0.15217391304347827,0.5297054056058901,654
0.5629999999999995,9663,280,3854,368,0.5679012345679012,0.08716248223590715,0.9718394850648697,0.71487756158911,0.151129363449692,0.5295009836503884,648
0.5639999999999995,9664,279,3863,359,0.5626959247648903,0.08503079109426812,0.9719400583324952,0.7144230058401715,0.14773662551440328,0.5284854247133817,638
0.5649999999999995,9669,274,3869,353,0.5629984051036683,0.08360966366650877,0.9724429246706225,0.7142118481311863,0.14559703031552898,0.5280262941685656,627
0.5659999999999995,9673,270,3877,345,0.5609756097560976,0.08171482709616296,0.9728452177411244,0.7138745387453874,0.14265040314244368,0.5272800224186437,615
0.5669999999999995,9678,265,3880,342,0.5634266886326195,0.08100426338228328,0.9733480840792518,0.7138220976545213,0.14164423276040589,0.5271761737307675,607
0.5679999999999995,9683,260,3886,336,0.5637583892617449,0.07958313595452392,0.973850950417379,0.7136119094995946,0.13947696139476962,0.5267170431859515,596
0.5689999999999995,9686,257,3891,331,0.5629251700680272,0.0783988630980578,0.9741526702202554,0.7134123885983649,0.13762993762993764,0.5262757666591567,588
0.5699999999999995,9688,255,3899,323,0.5588235294117647,0.07650402652771199,0.9743538167555064,0.7130345182895415,0.13458333333333333,0.5254289216416091,578
0.5709999999999995,9691,252,3903,319,0.5586690017513135,0.07555660824253908,0.9746555365583828,0.712888038840665,0.1331107865637388,0.5251060724004609,571
0.5719999999999995,9695,248,3910,312,0.5571428571428572,0.0738986262434865,0.9750578296288847,0.7126056596839397,0.13048933500627352,0.5244782279361856,560
0.5729999999999995,9699,244,3916,306,0.5563636363636364,0.07247749881572714,0.9754601226993865,0.7123760558207859,0.12824811399832356,0.5239688107575569,550
0.5739999999999995,9699,244,3919,303,0.5539305301645339,0.07176693510184746,0.9754601226993865,0.7122191217506242,0.12707066470958273,0.523613528900617,547
0.5749999999999995,9703,240,3923,299,0.5547309833024119,0.07081951681667456,0.9758624157698884,0.7120945251724644,0.12560386473429952,0.5233409662932815,539
0.5759999999999995,9706,237,3926,296,0.5553470919324578,0.07010895310279489,0.9761641355727647,0.7120011737089202,0.12450052576235542,0.5231365443377798,533
0.5769999999999995,9708,235,3934,288,0.5506692160611855,0.06821411653244908,0.9763652821080157,0.7116258613106583,0.121390937829294,0.5222896993202324,523
0.5779999999999995,9712,231,3941,281,0.548828125,0.0665561345333965,0.9767675751785175,0.7113454918332968,0.1187156738487537,0.5216618548559571,512
0.5789999999999995,9713,230,3947,275,0.5445544554455446,0.06513500710563713,0.976868148446143,0.7110541727672035,0.11635286651152951,0.5210015777758901,505
0.5799999999999995,9715,228,3954,268,0.5403225806451613,0.06347702510658455,0.9770692949813939,0.7107323139951716,0.11360746078846969,0.5202731600439893,496
0.5809999999999995,9720,223,3958,264,0.5420944558521561,0.06252960682141165,0.9775721613195213,0.7106302090948969,0.11212571671267785,0.5200508840704665,487
0.5819999999999995,9723,220,3962,260,0.5416666666666666,0.06158218853623875,0.9778738811223977,0.7104859335038363,0.11059123777116121,0.5197280348293182,480
0.5829999999999995,9728,215,3966,256,0.5435244161358811,0.060634770251065846,0.9783767474605249,0.7103841098291223,0.10909865757511186,0.5195057588557954,471
0.5839999999999995,9731,212,3973,249,0.5401301518438177,0.05897678825201327,0.9786784672634014,0.7100846468184472,0.10634208840486867,0.5188276277577073,461
0.5849999999999995,9736,207,3977,245,0.5420353982300885,0.05802936996684036,0.9791813336015287,0.7099832275942536,0.10483525887890457,0.5186053517841845,452
0.5859999999999995,9740,203,3980,242,0.5438202247191011,0.05731880625296068,0.9795836266720306,0.7099125364431487,0.10370687808013714,0.5184512164624956,445
0.5869999999999995,9745,198,3986,236,0.543778801843318,0.05589767882520132,0.9800864930101579,0.7097079600903066,0.1013745704467354,0.5179920859176796,434
0.5879999999999995,9747,196,3991,231,0.5409836065573771,0.054713405968735196,0.9802876395454089,0.709491920221284,0.09937620993762099,0.517500522757072,427
0.5889999999999995,9748,195,3995,227,0.5379146919431279,0.05376598768356229,0.9803882128130343,0.7093065560649058,0.09776055124892334,0.5170771002482983,422
0.5899999999999995,9752,191,3996,226,0.5419664268585132,0.05352913311226907,0.9807905058835361,0.7093395402967705,0.09743479198103039,0.5171598194979026,417
0.5909999999999995,9754,189,3997,225,0.5434782608695652,0.05329227854097584,0.980991652418787,0.7093302305286888,0.09706643658326143,0.5171419654798814,414
0.5919999999999995,9758,185,3998,224,0.5476772616136919,0.053055423969682616,0.9813939454892889,0.7093631869729573,0.09673936514791621,0.5172246847294858,409
0.5929999999999995,9762,181,4002,220,0.5486284289276808,0.05210800568450971,0.9817962385597908,0.7092414995640802,0.09517629245078953,0.5169521221221502,401
0.5939999999999995,9768,175,4009,213,0.5489690721649485,0.05045002368545713,0.9823996781655436,0.7090077665674676,0.09240780911062907,0.5164248509255004,388
0.5949999999999995,9772,171,4014,208,0.5488126649076517,0.049265750828991,0.9828019712360455,0.7088350500507762,0.09041512714627255,0.5160338610325182,379
0.5959999999999995,9772,171,4024,198,0.5365853658536586,0.04689720511605874,0.9828019712360455,0.7083212525369672,0.08625571770856022,0.5148495881760521,369
0.5969999999999995,9773,170,4027,195,0.5342465753424658,0.04618664140217906,0.9829025445036709,0.7081884057971014,0.08502289077828647,0.514544592952925,365
0.5979999999999995,9775,168,4033,189,0.5294117647058824,0.044765513974419704,0.9831036910389218,0.707922943221321,0.08255077527844508,0.5139346025066708,357
0.5989999999999995,9778,165,4044,178,0.5189504373177842,0.04216011369019422,0.9834054108417982,0.7074229489220084,0.07798466593647317,0.5127827622659962,343
0.5999999999999995,9781,162,4053,169,0.5105740181268882,0.04002842254855519,0.9837071306446746,0.7070261674136186,0.07423676696683505,0.5118677765966149,331
0.6009999999999995,9782,161,4055,167,0.5091463414634146,0.039554713405968736,0.9838077039123001,0.7069451470694514,0.0734065934065934,0.5116812086591345,328
0.6019999999999995,9785,158,4058,164,0.5093167701863354,0.038844149692089054,0.9841094237151765,0.7068554504081486,0.0721830985915493,0.5114767867036328,322
0.6029999999999995,9789,154,4064,158,0.5064102564102564,0.037423022264329704,0.9845117167856784,0.706633942106403,0.06969563299514778,0.5109673695250041,312
0.6039999999999995,9793,150,4070,152,0.5033112582781457,0.03600189483657035,0.9849140098561803,0.7064127533722859,0.0671971706454465,0.5104579523463753,302
0.6049999999999995,9794,149,4075,147,0.4966216216216216,0.03481762198010421,0.9850145831238057,0.7061792486841156,0.0650730411686587,0.509916102551955,296
0.6059999999999995,9798,145,4079,143,0.4965277777777778,0.033870203694931315,0.9854168761943075,0.7060603876918642,0.06341463414634146,0.5096435399446194,288
0.6069999999999995,9800,143,4081,141,0.4964788732394366,0.03339649455234486,0.9856180227295585,0.7060010085728694,0.06258322237017311,0.5095072586409517,284
0.6079999999999995,9805,138,4084,138,0.5,0.03268593083846518,0.9861208890676858,0.7059543523651811,0.06136060471320587,0.5094034099530755,276
0.6089999999999995,9807,136,4087,135,0.4981549815498155,0.031975367124585506,0.9863220356029367,0.7058442493162517,0.060093478744714,0.5091487013637611,271
0.6099999999999995,9809,134,4090,132,0.49624060150375937,0.031264803410705824,0.9865231821381877,0.7057342254838478,0.058823529411764705,0.5088939927744468,266
0.6109999999999995,9811,132,4091,131,0.49809885931558934,0.0310279488394126,0.9867243286734386,0.7057257948496619,0.05841694537346711,0.5088761387564256,263
0.6119999999999995,9816,127,4093,129,0.50390625,0.03055423969682615,0.987227195011566,0.7057301028111295,0.05761500669941939,0.5088907173541961,256
0.6129999999999995,9817,126,4095,127,0.5019762845849802,0.030080530554239697,0.9873277682791914,0.7056497987349051,0.056759776536312846,0.5087041494167156,253
0.6139999999999995,9821,122,4097,125,0.5060728744939271,0.029606821411653245,0.9877300613496932,0.705632993246156,0.055940926381740884,0.5086684413806732,247
0.6149999999999995,9823,120,4099,123,0.5061728395061729,0.029133112269066792,0.9879312078849442,0.7055739117942824,0.05509518477043673,0.5085321600770055,243
0.6159999999999995,9825,118,4103,119,0.5021097046413502,0.028185693983893888,0.9881323544201951,0.705413555427915,0.05337519623233909,0.5081590242020445,237
0.6169999999999995,9826,117,4107,115,0.4956896551724138,0.027238275698720987,0.9882329276878206,0.7052321825881002,0.05163897620116749,0.5077356016932708,232
0.6179999999999994,9827,116,4109,113,0.49344978165938863,0.026764566556134534,0.988333500955446,0.7051521239954076,0.05077510671759155,0.5075490337557903,229
0.6189999999999994,9832,111,4111,111,0.5,0.026290857413548082,0.9888363672935734,0.705156709459944,0.04995499549954995,0.5075636123535607,222
0.6199999999999994,9832,111,4115,107,0.4908256880733945,0.025343439128375177,0.9888363672935734,0.704954470495447,0.0481981981981982,0.5070899032109742,218
0.6209999999999994,9832,111,4115,107,0.4908256880733945,0.025343439128375177,0.9888363672935734,0.704954470495447,0.0481981981981982,0.5070899032109742,218
0.6219999999999994,9834,109,4116,106,0.4930232558139535,0.02510658455708195,0.9890375138288243,0.7049462365591398,0.04778003155285102,0.5070720491929531,215
0.6229999999999994,9834,109,4118,104,0.48826291079812206,0.0246328754144955,0.9890375138288243,0.7048451834862385,0.04689966178128523,0.5068351946216599,213
0.6239999999999994,9835,108,4123,99,0.4782608695652174,0.02344860255802937,0.9891380870964498,0.7046138415245737,0.044705351095055315,0.5062933448272395,207
0.6249999999999994,9836,107,4125,97,0.47549019607843135,0.02297489341544292,0.9892386603640753,0.7045340591648163,0.043831902394939,0.5061067768897591,204
0.6259999999999994,9839,104,4130,92,0.46938775510204084,0.02179062055897679,0.9895403801669517,0.7043453361013673,0.04164780443639656,0.5056655003629642,196
0.6269999999999994,9842,101,4133,89,0.46842105263157896,0.02108005684509711,0.989842099969828,0.704257602862254,0.040344514959202174,0.5054610784074626,190
0.6279999999999994,9844,99,4133,89,0.4734042553191489,0.02108005684509711,0.9900432465050789,0.7042999212992774,0.04036281179138322,0.505561651675088,188
0.6289999999999994,9845,98,4135,87,0.4702702702702703,0.020606347702510658,0.9901438197727044,0.7042203147353362,0.039482641252552755,0.5053750837376075,185
0.6299999999999994,9849,94,4139,83,0.4689265536723164,0.019658929417337753,0.9905461128432063,0.7041035173005433,0.03773584905660377,0.505102521130272,177
0.6309999999999995,9851,92,4139,83,0.4742857142857143,0.019658929417337753,0.9907472593784572,0.7041458184417441,0.03775301341823971,0.5052030943978975,175
0.6319999999999995,9851,92,4141,81,0.4682080924855491,0.019185220274751304,0.9907472593784572,0.7040451686678102,0.03686006825938567,0.5049662398266043,173
0.6329999999999995,9854,89,4141,81,0.4764705882352941,0.019185220274751304,0.9910489791813336,0.704108610217935,0.036885245901639344,0.5051170997280424,170
0.6339999999999995,9858,85,4144,78,0.4785276073619632,0.018474656560871626,0.9914512722518355,0.7040422796743322,0.03557582668187001,0.5049629644063536,163
0.6349999999999995,9860,83,4144,78,0.484472049689441,0.018474656560871626,0.9916524187870864,0.7040845472722079,0.03559206023271732,0.505063537673979,161
0.6359999999999995,9861,82,4148,74,0.47435897435897434,0.01752723827569872,0.9917529920547119,0.7039046327360983,0.03380539058931019,0.5046401151652053,156
0.6369999999999995,9862,81,4151,71,0.46710526315789475,0.016816674561819043,0.9918535653223374,0.7037750660101334,0.03246456332876086,0.5043351199420782,152
0.6379999999999995,9863,80,4151,71,0.47019867549668876,0.016816674561819043,0.9919541385899628,0.7037962037962038,0.032471987194145895,0.5043854065758909,151
0.6389999999999995,9866,77,4154,68,0.4689655172413793,0.016106110847939364,0.9922558583928391,0.7037089871611983,0.03114266086558278,0.5041809846203893,145
0.6399999999999995,9867,76,4155,67,0.46853146853146854,0.01586925627664614,0.9923564316604646,0.7036799315361575,0.03069873997709049,0.5041128439685554,143
0.6409999999999995,9868,75,4159,63,0.45652173913043476,0.014921837991473235,0.9924570049280901,0.7035003921009482,0.02889908256880734,0.5036894214597817,138
0.6419999999999995,9869,74,4159,63,0.45985401459854014,0.014921837991473235,0.9925575781957156,0.7035215283718278,0.028905712319339298,0.5037397080935944,137
0.6429999999999995,9870,73,4163,59,0.44696969696969696,0.01397441970630033,0.992658151463341,0.7033421221406684,0.027101515847496555,0.5033162855848207,132
0.6439999999999995,9873,70,4166,56,0.4444444444444444,0.013263855992420654,0.9929598712662174,0.7032552176080917,0.025758969641214352,0.503111863629319,126
0.6449999999999995,9875,68,4166,56,0.45161290322580644,0.013263855992420654,0.9931610178014684,0.7032974859340503,0.02577082374597331,0.5032124368969445,124
0.6459999999999995,9876,67,4167,55,0.45081967213114754,0.013027001421127428,0.9932615910690938,0.7032685323648793,0.02532228360957643,0.5031442962451106,122
0.6469999999999995,9876,67,4169,53,0.44166666666666665,0.012553292278540976,0.9932615910690938,0.7031683873264507,0.024412713035467527,0.5029074416738174,120
0.6479999999999995,9877,66,4169,53,0.44537815126050423,0.012553292278540976,0.9933621643367193,0.7031895201480849,0.02441833678875835,0.5029577283076302,119
0.6489999999999995,9878,65,4170,52,0.4444444444444444,0.01231643770724775,0.9934627376043448,0.7031605922551253,0.023968656372436045,0.5028895876557963,117
0.6499999999999995,9878,65,4172,50,0.43478260869565216,0.011842728564661297,0.9934627376043448,0.7030604982206405,0.023057412958266084,0.5026527330845031,115
0.6509999999999995,9878,65,4175,47,0.41964285714285715,0.01113216485078162,0.9934627376043448,0.7029104105884865,0.02168897092754961,0.5022974512275632,112
0.6519999999999995,9880,63,4176,46,0.42201834862385323,0.010895310279488394,0.9936638841395957,0.7029026750142288,0.021242207342415147,0.5022795972095421,109
0.6529999999999995,9885,58,4177,45,0.4368932038834951,0.010658455708195168,0.9941667504777231,0.7029583274071967,0.020809248554913295,0.5024126030929591,103
0.6539999999999995,9889,54,4180,42,0.4375,0.00994789199431549,0.9945690435482248,0.7028928850664582,0.019453450671607225,0.5022584677712701,96
0.6549999999999995,9891,52,4182,40,0.43478260869565216,0.009474182851729039,0.9947701900834758,0.7028352163717757,0.01854427445526194,0.5021221864676024,92
0.6559999999999995,9891,52,4183,39,0.42857142857142855,0.009237328280435813,0.9947701900834758,0.7027852778172516,0.018084859726408532,0.5020037591819558,91
0.6569999999999995,9892,51,4185,37,0.42045454545454547,0.00876361913784936,0.9948707633511013,0.702706542587199,0.01716937354988399,0.5018171912444753,88
0.6579999999999995,9893,50,4185,37,0.42528735632183906,0.00876361913784936,0.9949713366187267,0.7027276601790027,0.01717335808772337,0.501867477878288,87
0.6589999999999995,9896,47,4186,36,0.43373493975903615,0.008526764566556135,0.9952730564216031,0.7027410879136486,0.016724738675958188,0.5018999104940797,83
0.6599999999999995,9898,45,4186,36,0.4444444444444444,0.008526764566556135,0.9954742029568541,0.7027833001988072,0.016732512200790146,0.5020004837617051,81
0.6609999999999995,9902,41,4188,34,0.4533333333333333,0.008053055423969682,0.995876496027356,0.7027679205110007,0.015824994181987434,0.5019647757256628,75
0.6619999999999995,9904,39,4188,34,0.4657534246575342,0.008053055423969682,0.9960776425626069,0.7028101050241272,0.015832363213038415,0.5020653489932883,73
0.6629999999999995,9904,39,4189,33,0.4583333333333333,0.007816200852676456,0.9960776425626069,0.7027602355779465,0.015370284117373078,0.5019469217076417,72
0.6639999999999995,9906,37,4192,30,0.44776119402985076,0.0071056371387967785,0.9962787890978578,0.7026528585614981,0.013989274889251575,0.5016922131183273,67
0.6649999999999995,9906,37,4192,30,0.44776119402985076,0.0071056371387967785,0.9962787890978578,0.7026528585614981,0.013989274889251575,0.5016922131183273,67
0.6659999999999995,9906,37,4192,30,0.44776119402985076,0.0071056371387967785,0.9962787890978578,0.7026528585614981,0.013989274889251575,0.5016922131183273,67
0.6669999999999995,9908,35,4193,29,0.453125,0.006868782567503553,0.9964799356331088,0.7026452024679101,0.013532431171255249,0.5016743591003061,64
0.6679999999999995,9909,34,4194,28,0.45161290322580644,0.006631927996210327,0.9965805089007341,0.7026164645820038,0.013071895424836602,0.5016062184484722,62
0.6689999999999995,9910,33,4194,28,0.45901639344262296,0.006631927996210327,0.9966810821683596,0.7026375496313103,0.013074947466728928,0.501656505082285,61
0.6699999999999995,9910,33,4194,28,0.45901639344262296,0.006631927996210327,0.9966810821683596,0.7026375496313103,0.013074947466728928,0.501656505082285,61
0.6709999999999995,9910,33,4196,26,0.4406779661016949,0.006158218853623875,0.9966810821683596,0.70253792712321,0.012146694697500585,0.5014196505109917,59
0.6719999999999995,9912,31,4198,24,0.43636363636363634,0.005684509711037423,0.9968822287036105,0.7024805102763997,0.01122281973345803,0.501283369207324,55
0.6729999999999995,9914,29,4198,24,0.4528301886792453,0.005684509711037423,0.9970833752388615,0.7025226757369615,0.011228070175438596,0.5013839424749494,53
0.6739999999999995,9914,29,4198,24,0.4528301886792453,0.005684509711037423,0.9970833752388615,0.7025226757369615,0.011228070175438596,0.5013839424749494,53
0.6749999999999995,9916,27,4198,24,0.47058823529411764,0.005684509711037423,0.9972845217741124,0.7025648292475556,0.011233325532412824,0.5014845157425749,51
0.6759999999999995,9917,26,4199,23,0.46938775510204084,0.005447655139744197,0.9973850950417379,0.7025361292150751,0.010770311402481855,0.501416375090741,49
0.6769999999999995,9918,25,4200,22,0.46808510638297873,0.005210800568450971,0.9974856683093634,0.7025074373140672,0.010306863434059498,0.5013482344389072,47
0.6779999999999995,9919,24,4201,21,0.4666666666666667,0.004973945997157745,0.9975862415769888,0.7024787535410765,0.009842981017108038,0.5012800937870733,45
0.6789999999999995,9921,22,4202,20,0.47619047619047616,0.0047370914258645196,0.9977873881122398,0.7024711463570062,0.009380863039399626,0.5012622397690522,42
0.6799999999999995,9922,21,4203,19,0.475,0.004500236854571293,0.9978879613798652,0.7024424778761061,0.008916001877053027,0.5011940991172182,40
0.6809999999999995,9922,21,4203,19,0.475,0.004500236854571293,0.9978879613798652,0.7024424778761061,0.008916001877053027,0.5011940991172182,40
0.6819999999999995,9922,21,4204,18,0.46153846153846156,0.004263382283278067,0.9978879613798652,0.7023927509556845,0.00844872095752171,0.5010756718315716,39
0.6829999999999994,9922,21,4205,17,0.4473684210526316,0.004026527711984841,0.9978879613798652,0.702343031075246,0.007981220657276996,0.500957244545925,38
0.6839999999999994,9923,20,4205,17,0.4594594594594595,0.004026527711984841,0.9979885346474907,0.7023640996602492,0.007983094623150975,0.5010075311797377,37
0.6849999999999994,9924,19,4205,17,0.4722222222222222,0.004026527711984841,0.9980891079151162,0.7023851652629344,0.007984969469234382,0.5010578178135505,36
0.6859999999999994,9926,17,4206,16,0.48484848484848486,0.0037896731406916154,0.9982902544503671,0.7023775827908293,0.007520564042303173,0.5010399637955294,33
0.6869999999999994,9926,17,4206,16,0.48484848484848486,0.0037896731406916154,0.9982902544503671,0.7023775827908293,0.007520564042303173,0.5010399637955294,33
0.6879999999999994,9927,16,4206,16,0.5,0.0037896731406916154,0.9983908277179926,0.7023986414773933,0.007522331922896097,0.5010902504293421,32
0.6889999999999994,9929,14,4206,16,0.5333333333333333,0.0037896731406916154,0.9985919742532435,0.702440749911567,0.007525870178739417,0.5011908236969675,30
0.6899999999999994,9930,13,4208,14,0.5185185185185185,0.0033159639981051635,0.998692547520869,0.7023624275003536,0.006589785831960461,0.501004255759487,27
0.6909999999999994,9930,13,4208,14,0.5185185185185185,0.0033159639981051635,0.998692547520869,0.7023624275003536,0.006589785831960461,0.501004255759487,27
0.6919999999999994,9930,13,4208,14,0.5185185185185185,0.0033159639981051635,0.998692547520869,0.7023624275003536,0.006589785831960461,0.501004255759487,27
0.6929999999999994,9930,13,4209,13,0.5,0.0030791094268119374,0.998692547520869,0.7023127519626565,0.006120527306967985,0.5008858284738404,26
0.6939999999999994,9932,11,4209,13,0.5416666666666666,0.0030791094268119374,0.9988936940561198,0.7023548546778869,0.006123410268487989,0.5009864017414659,24
0.6949999999999994,9932,11,4209,13,0.5416666666666666,0.0030791094268119374,0.9988936940561198,0.7023548546778869,0.006123410268487989,0.5009864017414659,24
0.6959999999999994,9932,11,4209,13,0.5416666666666666,0.0030791094268119374,0.9988936940561198,0.7023548546778869,0.006123410268487989,0.5009864017414659,24
0.6969999999999994,9932,11,4212,10,0.47619047619047616,0.0023685457129322598,0.9988936940561198,0.7022058823529411,0.0047136460051850106,0.500631119884526,21
0.6979999999999994,9933,10,4213,9,0.47368421052631576,0.0021316911416390336,0.9989942673237453,0.7021772939346812,0.004244282008960151,0.5005629792326922,19
0.6989999999999994,9934,9,4214,8,0.47058823529411764,0.0018948365703458077,0.9990948405913708,0.7021487135990953,0.00377447511205473,0.5004948385808583,17
0.6999999999999994,9934,9,4215,7,0.4375,0.0016579819990525818,0.9990948405913708,0.7020990882747897,0.0033034450212364322,0.5003764112952117,16
0.7009999999999994,9934,9,4215,7,0.4375,0.0016579819990525818,0.9990948405913708,0.7020990882747897,0.0033034450212364322,0.5003764112952117,16
0.7019999999999994,9935,8,4215,7,0.4666666666666667,0.0016579819990525818,0.9991954138589962,0.7021201413427561,0.003304224687278735,0.5004266979290244,15
0.7029999999999994,9937,6,4216,6,0.5,0.0014211274277593558,0.9993965603942472,0.7021126262983113,0.002834199338686821,0.5004088439110033,12
0.7039999999999994,9937,6,4216,6,0.5,0.0014211274277593558,0.9993965603942472,0.7021126262983113,0.002834199338686821,0.5004088439110033,12
0.7049999999999994,9937,6,4216,6,0.5,0.0014211274277593558,0.9993965603942472,0.7021126262983113,0.002834199338686821,0.5004088439110033,12
0.7059999999999994,9938,5,4216,6,0.5454545454545454,0.0014211274277593558,0.9994971336618726,0.702133672460082,0.002834868887313962,0.500459130544816,11
0.7069999999999994,9938,5,4216,6,0.5454545454545454,0.0014211274277593558,0.9994971336618726,0.702133672460082,0.002834868887313962,0.500459130544816,11
0.7079999999999994,9939,4,4216,6,0.6,0.0014211274277593558,0.9995977069294981,0.7021547156481809,0.002835538752362949,0.5005094171786287,10
0.7089999999999994,9939,4,4217,5,0.5555555555555556,0.0011842728564661299,0.9995977069294981,0.7021051144391071,0.002363507445048452,0.5003909898929821,9
0.7099999999999994,9939,4,4218,4,0.5,0.0009474182851729038,0.9995977069294981,0.7020555202373384,0.0018912529550827422,0.5002725626073355,8
0.7109999999999994,9939,4,4218,4,0.5,0.0009474182851729038,0.9995977069294981,0.7020555202373384,0.0018912529550827422,0.5002725626073355,8
0.7119999999999994,9939,4,4218,4,0.5,0.0009474182851729038,0.9995977069294981,0.7020555202373384,0.0018912529550827422,0.5002725626073355,8
0.7129999999999994,9939,4,4218,4,0.5,0.0009474182851729038,0.9995977069294981,0.7020555202373384,0.0018912529550827422,0.5002725626073355,8
0.7139999999999994,9939,4,4218,4,0.5,0.0009474182851729038,0.9995977069294981,0.7020555202373384,0.0018912529550827422,0.5002725626073355,8
0.7149999999999994,9939,4,4218,4,0.5,0.0009474182851729038,0.9995977069294981,0.7020555202373384,0.0018912529550827422,0.5002725626073355,8
0.7159999999999994,9940,3,4218,4,0.5714285714285714,0.0009474182851729038,0.9996982801971236,0.7020765644865093,0.0018917001655237645,0.5003228492411482,7
0.7169999999999994,9940,3,4218,4,0.5714285714285714,0.0009474182851729038,0.9996982801971236,0.7020765644865093,0.0018917001655237645,0.5003228492411482,7
0.7179999999999994,9941,2,4218,4,0.6666666666666666,0.0009474182851729038,0.9997988534647491,0.7020976057631189,0.001892147587511826,0.500373135874961,6
0.7189999999999994,9941,2,4218,4,0.6666666666666666,0.0009474182851729038,0.9997988534647491,0.7020976057631189,0.001892147587511826,0.500373135874961,6
0.7199999999999994,9941,2,4219,3,0.6,0.0007105637138796779,0.9997988534647491,0.70204802259887,0.0014194464158978,0.5002547085893144,5
0.7209999999999994,9941,2,4219,3,0.6,0.0007105637138796779,0.9997988534647491,0.70204802259887,0.0014194464158978,0.5002547085893144,5
0.7219999999999994,9941,2,4220,2,0.5,0.0004737091425864519,0.9997988534647491,0.7019984464373985,0.000946521533364884,0.5001362813036677,4
0.7229999999999994,9941,2,4220,2,0.5,0.0004737091425864519,0.9997988534647491,0.7019984464373985,0.000946521533364884,0.5001362813036677,4
0.7239999999999994,9941,2,4220,2,0.5,0.0004737091425864519,0.9997988534647491,0.7019984464373985,0.000946521533364884,0.5001362813036677,4
0.7249999999999994,9941,2,4221,1,0.3333333333333333,0.00023685457129322596,0.9997988534647491,0.7019488772772208,0.00047337278106508875,0.5000178540180211,3
0.7259999999999994,9941,2,4221,1,0.3333333333333333,0.00023685457129322596,0.9997988534647491,0.7019488772772208,0.00047337278106508875,0.5000178540180211,3
0.7269999999999994,9941,2,4221,1,0.3333333333333333,0.00023685457129322596,0.9997988534647491,0.7019488772772208,0.00047337278106508875,0.5000178540180211,3
0.7279999999999994,9941,2,4221,1,0.3333333333333333,0.00023685457129322596,0.9997988534647491,0.7019488772772208,0.00047337278106508875,0.5000178540180211,3
0.7289999999999994,9941,2,4221,1,0.3333333333333333,0.00023685457129322596,0.9997988534647491,0.7019488772772208,0.00047337278106508875,0.5000178540180211,3
0.7299999999999994,9941,2,4221,1,0.3333333333333333,0.00023685457129322596,0.9997988534647491,0.7019488772772208,0.00047337278106508875,0.5000178540180211,3
0.7309999999999994,9941,2,4222,0,0.0,0.0,0.9997988534647491,0.7018993151168538,0.0,0.49989942673237453,2
0.7319999999999994,9942,1,4222,0,0.0,0.0,0.9998994267323745,0.701920361479808,0.0,0.49994971336618726,1
0.7329999999999994,9942,1,4222,0,0.0,0.0,0.9998994267323745,0.701920361479808,0.0,0.49994971336618726,1
0.7339999999999994,9942,1,4222,0,0.0,0.0,0.9998994267323745,0.701920361479808,0.0,0.49994971336618726,1
0.7349999999999994,9942,1,4222,0,0.0,0.0,0.9998994267323745,0.701920361479808,0.0,0.49994971336618726,1
0.7359999999999994,9942,1,4222,0,0.0,0.0,0.9998994267323745,0.701920361479808,0.0,0.49994971336618726,1
0.7369999999999994,9942,1,4222,0,0.0,0.0,0.9998994267323745,0.701920361479808,0.0,0.49994971336618726,1
0.7379999999999994,9942,1,4222,0,0.0,0.0,0.9998994267323745,0.701920361479808,0.0,0.49994971336618726,1
0.7389999999999994,9942,1,4222,0,0.0,0.0,0.9998994267323745,0.701920361479808,0.0,0.49994971336618726,1
0.7399999999999994,9942,1,4222,0,0.0,0.0,0.9998994267323745,0.701920361479808,0.0,0.49994971336618726,1
0.7409999999999994,9942,1,4222,0,0.0,0.0,0.9998994267323745,0.701920361479808,0.0,0.49994971336618726,1
0.7419999999999994,9942,1,4222,0,0.0,0.0,0.9998994267323745,0.701920361479808,0.0,0.49994971336618726,1
0.7429999999999994,9942,1,4222,0,0.0,0.0,0.9998994267323745,0.701920361479808,0.0,0.49994971336618726,1
0.7439999999999994,9942,1,4222,0,0.0,0.0,0.9998994267323745,0.701920361479808,0.0,0.49994971336618726,1
0.7449999999999994,9942,1,4222,0,0.0,0.0,0.9998994267323745,0.701920361479808,0.0,0.49994971336618726,1
0.7459999999999993,9942,1,4222,0,0.0,0.0,0.9998994267323745,0.701920361479808,0.0,0.49994971336618726,1
0.7469999999999993,9942,1,4222,0,0.0,0.0,0.9998994267323745,0.701920361479808,0.0,0.49994971336618726,1
0.7479999999999993,9942,1,4222,0,0.0,0.0,0.9998994267323745,0.701920361479808,0.0,0.49994971336618726,1
0.7489999999999993,9942,1,4222,0,0.0,0.0,0.9998994267323745,0.701920361479808,0.0,0.49994971336618726,1
0.7499999999999993,9942,1,4222,0,0.0,0.0,0.9998994267323745,0.701920361479808,0.0,0.49994971336618726,1
0.7509999999999993,9942,1,4222,0,0.0,0.0,0.9998994267323745,0.701920361479808,0.0,0.49994971336618726,1
0.7519999999999993,9942,1,4222,0,0.0,0.0,0.9998994267323745,0.701920361479808,0.0,0.49994971336618726,1
0.7529999999999993,9942,1,4222,0,0.0,0.0,0.9998994267323745,0.701920361479808,0.0,0.49994971336618726,1
0.7539999999999993,9942,1,4222,0,0.0,0.0,0.9998994267323745,0.701920361479808,0.0,0.49994971336618726,1
0.7549999999999993,9942,1,4222,0,0.0,0.0,0.9998994267323745,0.701920361479808,0.0,0.49994971336618726,1
0.7559999999999993,9942,1,4222,0,0.0,0.0,0.9998994267323745,0.701920361479808,0.0,0.49994971336618726,1
0.7569999999999993,9942,1,4222,0,0.0,0.0,0.9998994267323745,0.701920361479808,0.0,0.49994971336618726,1
0.7579999999999993,9942,1,4222,0,0.0,0.0,0.9998994267323745,0.701920361479808,0.0,0.49994971336618726,1
0.7589999999999993,9942,1,4222,0,0.0,0.0,0.9998994267323745,0.701920361479808,0.0,0.49994971336618726,1
0.7599999999999993,9942,1,4222,0,0.0,0.0,0.9998994267323745,0.701920361479808,0.0,0.49994971336618726,1
0.7609999999999993,9942,1,4222,0,0.0,0.0,0.9998994267323745,0.701920361479808,0.0,0.49994971336618726,1
0.7619999999999993,9942,1,4222,0,0.0,0.0,0.9998994267323745,0.701920361479808,0.0,0.49994971336618726,1
0.7629999999999993,9942,1,4222,0,0.0,0.0,0.9998994267323745,0.701920361479808,0.0,0.49994971336618726,1
0.7639999999999993,9942,1,4222,0,0.0,0.0,0.9998994267323745,0.701920361479808,0.0,0.49994971336618726,1
0.7649999999999993,9942,1,4222,0,0.0,0.0,0.9998994267323745,0.701920361479808,0.0,0.49994971336618726,1
0.7659999999999993,9943,0,4222,0,0.0,0.0,1.0,0.7019414048711613,0.0,0.5,0
0.7669999999999993,9943,0,4222,0,0.0,0.0,1.0,0.7019414048711613,0.0,0.5,0
0.7679999999999993,9943,0,4222,0,0.0,0.0,1.0,0.7019414048711613,0.0,0.5,0
0.7689999999999994,9943,0,4222,0,0.0,0.0,1.0,0.7019414048711613,0.0,0.5,0
0.7699999999999994,9943,0,4222,0,0.0,0.0,1.0,0.7019414048711613,0.0,0.5,0
0.7709999999999994,9943,0,4222,0,0.0,0.0,1.0,0.7019414048711613,0.0,0.5,0
0.7719999999999994,9943,0,4222,0,0.0,0.0,1.0,0.7019414048711613,0.0,0.5,0
0.7729999999999994,9943,0,4222,0,0.0,0.0,1.0,0.7019414048711613,0.0,0.5,0
0.7739999999999994,9943,0,4222,0,0.0,0.0,1.0,0.7019414048711613,0.0,0.5,0
0.7749999999999994,9943,0,4222,0,0.0,0.0,1.0,0.7019414048711613,0.0,0.5,0
0.7759999999999994,9943,0,4222,0,0.0,0.0,1.0,0.7019414048711613,0.0,0.5,0
0.7769999999999994,9943,0,4222,0,0.0,0.0,1.0,0.7019414048711613,0.0,0.5,0
0.7779999999999994,9943,0,4222,0,0.0,0.0,1.0,0.7019414048711613,0.0,0.5,0
0.7789999999999994,9943,0,4222,0,0.0,0.0,1.0,0.7019414048711613,0.0,0.5,0
0.7799999999999994,9943,0,4222,0,0.0,0.0,1.0,0.7019414048711613,0.0,0.5,0
0.7809999999999994,9943,0,4222,0,0.0,0.0,1.0,0.7019414048711613,0.0,0.5,0
0.7819999999999994,9943,0,4222,0,0.0,0.0,1.0,0.7019414048711613,0.0,0.5,0
0.7829999999999994,9943,0,4222,0,0.0,0.0,1.0,0.7019414048711613,0.0,0.5,0
0.7839999999999994,9943,0,4222,0,0.0,0.0,1.0,0.7019414048711613,0.0,0.5,0
0.7849999999999994,9943,0,4222,0,0.0,0.0,1.0,0.7019414048711613,0.0,0.5,0
0.7859999999999994,9943,0,4222,0,0.0,0.0,1.0,0.7019414048711613,0.0,0.5,0
0.7869999999999994,9943,0,4222,0,0.0,0.0,1.0,0.7019414048711613,0.0,0.5,0
0.7879999999999994,9943,0,4222,0,0.0,0.0,1.0,0.7019414048711613,0.0,0.5,0
0.7889999999999994,9943,0,4222,0,0.0,0.0,1.0,0.7019414048711613,0.0,0.5,0
0.7899999999999994,9943,0,4222,0,0.0,0.0,1.0,0.7019414048711613,0.0,0.5,0
0.7909999999999994,9943,0,4222,0,0.0,0.0,1.0,0.7019414048711613,0.0,0.5,0
0.7919999999999994,9943,0,4222,0,0.0,0.0,1.0,0.7019414048711613,0.0,0.5,0
0.7929999999999994,9943,0,4222,0,0.0,0.0,1.0,0.7019414048711613,0.0,0.5,0
0.7939999999999994,9943,0,4222,0,0.0,0.0,1.0,0.7019414048711613,0.0,0.5,0
0.7949999999999994,9943,0,4222,0,0.0,0.0,1.0,0.7019414048711613,0.0,0.5,0
0.7959999999999994,9943,0,4222,0,0.0,0.0,1.0,0.7019414048711613,0.0,0.5,0
0.7969999999999994,9943,0,4222,0,0.0,0.0,1.0,0.7019414048711613,0.0,0.5,0
0.7979999999999994,9943,0,4222,0,0.0,0.0,1.0,0.7019414048711613,0.0,0.5,0
0.7989999999999994,9943,0,4222,0,0.0,0.0,1.0,0.7019414048711613,0.0,0.5,0
0.7999999999999994,9943,0,4222,0,0.0,0.0,1.0,0.7019414048711613,0.0,0.5,0
0.8009999999999994,9943,0,4222,0,0.0,0.0,1.0,0.7019414048711613,0.0,0.5,0
0.8019999999999994,9943,0,4222,0,0.0,0.0,1.0,0.7019414048711613,0.0,0.5,0
0.8029999999999994,9943,0,4222,0,0.0,0.0,1.0,0.7019414048711613,0.0,0.5,0
0.8039999999999994,9943,0,4222,0,0.0,0.0,1.0,0.7019414048711613,0.0,0.5,0
0.8049999999999994,9943,0,4222,0,0.0,0.0,1.0,0.7019414048711613,0.0,0.5,0
0.8059999999999994,9943,0,4222,0,0.0,0.0,1.0,0.7019414048711613,0.0,0.5,0
0.8069999999999994,9943,0,4222,0,0.0,0.0,1.0,0.7019414048711613,0.0,0.5,0
0.8079999999999994,9943,0,4222,0,0.0,0.0,1.0,0.7019414048711613,0.0,0.5,0
0.8089999999999994,9943,0,4222,0,0.0,0.0,1.0,0.7019414048711613,0.0,0.5,0
0.8099999999999994,9943,0,4222,0,0.0,0.0,1.0,0.7019414048711613,0.0,0.5,0
0.8109999999999993,9943,0,4222,0,0.0,0.0,1.0,0.7019414048711613,0.0,0.5,0
0.8119999999999993,9943,0,4222,0,0.0,0.0,1.0,0.7019414048711613,0.0,0.5,0
0.8129999999999993,9943,0,4222,0,0.0,0.0,1.0,0.7019414048711613,0.0,0.5,0
0.8139999999999993,9943,0,4222,0,0.0,0.0,1.0,0.7019414048711613,0.0,0.5,0
0.8149999999999993,9943,0,4222,0,0.0,0.0,1.0,0.7019414048711613,0.0,0.5,0
0.8159999999999993,9943,0,4222,0,0.0,0.0,1.0,0.7019414048711613,0.0,0.5,0
0.8169999999999993,9943,0,4222,0,0.0,0.0,1.0,0.7019414048711613,0.0,0.5,0
0.8179999999999993,9943,0,4222,0,0.0,0.0,1.0,0.7019414048711613,0.0,0.5,0
0.8189999999999993,9943,0,4222,0,0.0,0.0,1.0,0.7019414048711613,0.0,0.5,0
0.8199999999999993,9943,0,4222,0,0.0,0.0,1.0,0.7019414048711613,0.0,0.5,0
0.8209999999999993,9943,0,4222,0,0.0,0.0,1.0,0.7019414048711613,0.0,0.5,0
0.8219999999999993,9943,0,4222,0,0.0,0.0,1.0,0.7019414048711613,0.0,0.5,0
0.8229999999999993,9943,0,4222,0,0.0,0.0,1.0,0.7019414048711613,0.0,0.5,0
0.8239999999999993,9943,0,4222,0,0.0,0.0,1.0,0.7019414048711613,0.0,0.5,0
0.8249999999999993,9943,0,4222,0,0.0,0.0,1.0,0.7019414048711613,0.0,0.5,0
0.8259999999999993,9943,0,4222,0,0.0,0.0,1.0,0.7019414048711613,0.0,0.5,0
0.8269999999999993,9943,0,4222,0,0.0,0.0,1.0,0.7019414048711613,0.0,0.5,0
0.8279999999999993,9943,0,4222,0,0.0,0.0,1.0,0.7019414048711613,0.0,0.5,0
0.8289999999999993,9943,0,4222,0,0.0,0.0,1.0,0.7019414048711613,0.0,0.5,0
0.8299999999999993,9943,0,4222,0,0.0,0.0,1.0,0.7019414048711613,0.0,0.5,0
0.8309999999999993,9943,0,4222,0,0.0,0.0,1.0,0.7019414048711613,0.0,0.5,0
0.8319999999999993,9943,0,4222,0,0.0,0.0,1.0,0.7019414048711613,0.0,0.5,0
0.8329999999999993,9943,0,4222,0,0.0,0.0,1.0,0.7019414048711613,0.0,0.5,0
0.8339999999999993,9943,0,4222,0,0.0,0.0,1.0,0.7019414048711613,0.0,0.5,0
0.8349999999999993,9943,0,4222,0,0.0,0.0,1.0,0.7019414048711613,0.0,0.5,0
0.8359999999999993,9943,0,4222,0,0.0,0.0,1.0,0.7019414048711613,0.0,0.5,0
0.8369999999999993,9943,0,4222,0,0.0,0.0,1.0,0.7019414048711613,0.0,0.5,0
0.8379999999999993,9943,0,4222,0,0.0,0.0,1.0,0.7019414048711613,0.0,0.5,0
0.8389999999999993,9943,0,4222,0,0.0,0.0,1.0,0.7019414048711613,0.0,0.5,0
0.8399999999999993,9943,0,4222,0,0.0,0.0,1.0,0.7019414048711613,0.0,0.5,0
0.8409999999999993,9943,0,4222,0,0.0,0.0,1.0,0.7019414048711613,0.0,0.5,0
0.8419999999999993,9943,0,4222,0,0.0,0.0,1.0,0.7019414048711613,0.0,0.5,0
0.8429999999999993,9943,0,4222,0,0.0,0.0,1.0,0.7019414048711613,0.0,0.5,0
0.8439999999999993,9943,0,4222,0,0.0,0.0,1.0,0.7019414048711613,0.0,0.5,0
0.8449999999999993,9943,0,4222,0,0.0,0.0,1.0,0.7019414048711613,0.0,0.5,0
0.8459999999999993,9943,0,4222,0,0.0,0.0,1.0,0.7019414048711613,0.0,0.5,0
0.8469999999999993,9943,0,4222,0,0.0,0.0,1.0,0.7019414048711613,0.0,0.5,0
0.8479999999999993,9943,0,4222,0,0.0,0.0,1.0,0.7019414048711613,0.0,0.5,0
0.8489999999999993,9943,0,4222,0,0.0,0.0,1.0,0.7019414048711613,0.0,0.5,0
0.8499999999999993,9943,0,4222,0,0.0,0.0,1.0,0.7019414048711613,0.0,0.5,0
0.8509999999999993,9943,0,4222,0,0.0,0.0,1.0,0.7019414048711613,0.0,0.5,0
0.8519999999999993,9943,0,4222,0,0.0,0.0,1.0,0.7019414048711613,0.0,0.5,0
0.8529999999999993,9943,0,4222,0,0.0,0.0,1.0,0.7019414048711613,0.0,0.5,0
0.8539999999999993,9943,0,4222,0,0.0,0.0,1.0,0.7019414048711613,0.0,0.5,0
0.8549999999999993,9943,0,4222,0,0.0,0.0,1.0,0.7019414048711613,0.0,0.5,0
0.8559999999999993,9943,0,4222,0,0.0,0.0,1.0,0.7019414048711613,0.0,0.5,0
0.8569999999999993,9943,0,4222,0,0.0,0.0,1.0,0.7019414048711613,0.0,0.5,0
0.8579999999999993,9943,0,4222,0,0.0,0.0,1.0,0.7019414048711613,0.0,0.5,0
0.8589999999999993,9943,0,4222,0,0.0,0.0,1.0,0.7019414048711613,0.0,0.5,0
0.8599999999999993,9943,0,4222,0,0.0,0.0,1.0,0.7019414048711613,0.0,0.5,0
0.8609999999999993,9943,0,4222,0,0.0,0.0,1.0,0.7019414048711613,0.0,0.5,0
0.8619999999999993,9943,0,4222,0,0.0,0.0,1.0,0.7019414048711613,0.0,0.5,0
0.8629999999999993,9943,0,4222,0,0.0,0.0,1.0,0.7019414048711613,0.0,0.5,0
0.8639999999999993,9943,0,4222,0,0.0,0.0,1.0,0.7019414048711613,0.0,0.5,0
0.8649999999999993,9943,0,4222,0,0.0,0.0,1.0,0.7019414048711613,0.0,0.5,0
0.8659999999999993,9943,0,4222,0,0.0,0.0,1.0,0.7019414048711613,0.0,0.5,0
0.8669999999999993,9943,0,4222,0,0.0,0.0,1.0,0.7019414048711613,0.0,0.5,0
0.8679999999999993,9943,0,4222,0,0.0,0.0,1.0,0.7019414048711613,0.0,0.5,0
0.8689999999999993,9943,0,4222,0,0.0,0.0,1.0,0.7019414048711613,0.0,0.5,0
0.8699999999999993,9943,0,4222,0,0.0,0.0,1.0,0.7019414048711613,0.0,0.5,0
0.8709999999999993,9943,0,4222,0,0.0,0.0,1.0,0.7019414048711613,0.0,0.5,0
0.8719999999999993,9943,0,4222,0,0.0,0.0,1.0,0.7019414048711613,0.0,0.5,0
0.8729999999999993,9943,0,4222,0,0.0,0.0,1.0,0.7019414048711613,0.0,0.5,0
0.8739999999999992,9943,0,4222,0,0.0,0.0,1.0,0.7019414048711613,0.0,0.5,0
0.8749999999999992,9943,0,4222,0,0.0,0.0,1.0,0.7019414048711613,0.0,0.5,0
0.8759999999999992,9943,0,4222,0,0.0,0.0,1.0,0.7019414048711613,0.0,0.5,0
0.8769999999999992,9943,0,4222,0,0.0,0.0,1.0,0.7019414048711613,0.0,0.5,0
0.8779999999999992,9943,0,4222,0,0.0,0.0,1.0,0.7019414048711613,0.0,0.5,0
0.8789999999999992,9943,0,4222,0,0.0,0.0,1.0,0.7019414048711613,0.0,0.5,0
0.8799999999999992,9943,0,4222,0,0.0,0.0,1.0,0.7019414048711613,0.0,0.5,0
0.8809999999999992,9943,0,4222,0,0.0,0.0,1.0,0.7019414048711613,0.0,0.5,0
0.8819999999999992,9943,0,4222,0,0.0,0.0,1.0,0.7019414048711613,0.0,0.5,0
0.8829999999999992,9943,0,4222,0,0.0,0.0,1.0,0.7019414048711613,0.0,0.5,0
0.8839999999999992,9943,0,4222,0,0.0,0.0,1.0,0.7019414048711613,0.0,0.5,0
0.8849999999999992,9943,0,4222,0,0.0,0.0,1.0,0.7019414048711613,0.0,0.5,0
0.8859999999999992,9943,0,4222,0,0.0,0.0,1.0,0.7019414048711613,0.0,0.5,0
0.8869999999999992,9943,0,4222,0,0.0,0.0,1.0,0.7019414048711613,0.0,0.5,0
0.8879999999999992,9943,0,4222,0,0.0,0.0,1.0,0.7019414048711613,0.0,0.5,0
0.8889999999999992,9943,0,4222,0,0.0,0.0,1.0,0.7019414048711613,0.0,0.5,0
0.8899999999999992,9943,0,4222,0,0.0,0.0,1.0,0.7019414048711613,0.0,0.5,0
0.8909999999999992,9943,0,4222,0,0.0,0.0,1.0,0.7019414048711613,0.0,0.5,0
0.8919999999999992,9943,0,4222,0,0.0,0.0,1.0,0.7019414048711613,0.0,0.5,0
0.8929999999999992,9943,0,4222,0,0.0,0.0,1.0,0.7019414048711613,0.0,0.5,0
0.8939999999999992,9943,0,4222,0,0.0,0.0,1.0,0.7019414048711613,0.0,0.5,0
0.8949999999999992,9943,0,4222,0,0.0,0.0,1.0,0.7019414048711613,0.0,0.5,0
0.8959999999999992,9943,0,4222,0,0.0,0.0,1.0,0.7019414048711613,0.0,0.5,0
0.8969999999999992,9943,0,4222,0,0.0,0.0,1.0,0.7019414048711613,0.0,0.5,0
0.8979999999999992,9943,0,4222,0,0.0,0.0,1.0,0.7019414048711613,0.0,0.5,0
0.8989999999999992,9943,0,4222,0,0.0,0.0,1.0,0.7019414048711613,0.0,0.5,0
0.8999999999999992,9943,0,4222,0,0.0,0.0,1.0,0.7019414048711613,0.0,0.5,0
0.9009999999999992,9943,0,4222,0,0.0,0.0,1.0,0.7019414048711613,0.0,0.5,0
0.9019999999999992,9943,0,4222,0,0.0,0.0,1.0,0.7019414048711613,0.0,0.5,0
0.9029999999999992,9943,0,4222,0,0.0,0.0,1.0,0.7019414048711613,0.0,0.5,0
0.9039999999999992,9943,0,4222,0,0.0,0.0,1.0,0.7019414048711613,0.0,0.5,0
0.9049999999999992,9943,0,4222,0,0.0,0.0,1.0,0.7019414048711613,0.0,0.5,0
0.9059999999999993,9943,0,4222,0,0.0,0.0,1.0,0.7019414048711613,0.0,0.5,0
0.9069999999999993,9943,0,4222,0,0.0,0.0,1.0,0.7019414048711613,0.0,0.5,0
0.9079999999999993,9943,0,4222,0,0.0,0.0,1.0,0.7019414048711613,0.0,0.5,0
0.9089999999999993,9943,0,4222,0,0.0,0.0,1.0,0.7019414048711613,0.0,0.5,0
0.9099999999999993,9943,0,4222,0,0.0,0.0,1.0,0.7019414048711613,0.0,0.5,0
0.9109999999999993,9943,0,4222,0,0.0,0.0,1.0,0.7019414048711613,0.0,0.5,0
0.9119999999999993,9943,0,4222,0,0.0,0.0,1.0,0.7019414048711613,0.0,0.5,0
0.9129999999999993,9943,0,4222,0,0.0,0.0,1.0,0.7019414048711613,0.0,0.5,0
0.9139999999999993,9943,0,4222,0,0.0,0.0,1.0,0.7019414048711613,0.0,0.5,0
0.9149999999999993,9943,0,4222,0,0.0,0.0,1.0,0.7019414048711613,0.0,0.5,0
0.9159999999999993,9943,0,4222,0,0.0,0.0,1.0,0.7019414048711613,0.0,0.5,0
0.9169999999999993,9943,0,4222,0,0.0,0.0,1.0,0.7019414048711613,0.0,0.5,0
0.9179999999999993,9943,0,4222,0,0.0,0.0,1.0,0.7019414048711613,0.0,0.5,0
0.9189999999999993,9943,0,4222,0,0.0,0.0,1.0,0.7019414048711613,0.0,0.5,0
0.9199999999999993,9943,0,4222,0,0.0,0.0,1.0,0.7019414048711613,0.0,0.5,0
0.9209999999999993,9943,0,4222,0,0.0,0.0,1.0,0.7019414048711613,0.0,0.5,0
0.9219999999999993,9943,0,4222,0,0.0,0.0,1.0,0.7019414048711613,0.0,0.5,0
0.9229999999999993,9943,0,4222,0,0.0,0.0,1.0,0.7019414048711613,0.0,0.5,0
0.9239999999999993,9943,0,4222,0,0.0,0.0,1.0,0.7019414048711613,0.0,0.5,0
0.9249999999999993,9943,0,4222,0,0.0,0.0,1.0,0.7019414048711613,0.0,0.5,0
0.9259999999999993,9943,0,4222,0,0.0,0.0,1.0,0.7019414048711613,0.0,0.5,0
0.9269999999999993,9943,0,4222,0,0.0,0.0,1.0,0.7019414048711613,0.0,0.5,0
0.9279999999999993,9943,0,4222,0,0.0,0.0,1.0,0.7019414048711613,0.0,0.5,0
0.9289999999999993,9943,0,4222,0,0.0,0.0,1.0,0.7019414048711613,0.0,0.5,0
0.9299999999999993,9943,0,4222,0,0.0,0.0,1.0,0.7019414048711613,0.0,0.5,0
0.9309999999999993,9943,0,4222,0,0.0,0.0,1.0,0.7019414048711613,0.0,0.5,0
0.9319999999999993,9943,0,4222,0,0.0,0.0,1.0,0.7019414048711613,0.0,0.5,0
0.9329999999999993,9943,0,4222,0,0.0,0.0,1.0,0.7019414048711613,0.0,0.5,0
0.9339999999999993,9943,0,4222,0,0.0,0.0,1.0,0.7019414048711613,0.0,0.5,0
0.9349999999999993,9943,0,4222,0,0.0,0.0,1.0,0.7019414048711613,0.0,0.5,0
0.9359999999999993,9943,0,4222,0,0.0,0.0,1.0,0.7019414048711613,0.0,0.5,0
0.9369999999999993,9943,0,4222,0,0.0,0.0,1.0,0.7019414048711613,0.0,0.5,0
0.9379999999999993,9943,0,4222,0,0.0,0.0,1.0,0.7019414048711613,0.0,0.5,0
0.9389999999999992,9943,0,4222,0,0.0,0.0,1.0,0.7019414048711613,0.0,0.5,0
0.9399999999999992,9943,0,4222,0,0.0,0.0,1.0,0.7019414048711613,0.0,0.5,0
0.9409999999999992,9943,0,4222,0,0.0,0.0,1.0,0.7019414048711613,0.0,0.5,0
0.9419999999999992,9943,0,4222,0,0.0,0.0,1.0,0.7019414048711613,0.0,0.5,0
0.9429999999999992,9943,0,4222,0,0.0,0.0,1.0,0.7019414048711613,0.0,0.5,0
0.9439999999999992,9943,0,4222,0,0.0,0.0,1.0,0.7019414048711613,0.0,0.5,0
0.9449999999999992,9943,0,4222,0,0.0,0.0,1.0,0.7019414048711613,0.0,0.5,0
0.9459999999999992,9943,0,4222,0,0.0,0.0,1.0,0.7019414048711613,0.0,0.5,0
0.9469999999999992,9943,0,4222,0,0.0,0.0,1.0,0.7019414048711613,0.0,0.5,0
0.9479999999999992,9943,0,4222,0,0.0,0.0,1.0,0.7019414048711613,0.0,0.5,0
0.9489999999999992,9943,0,4222,0,0.0,0.0,1.0,0.7019414048711613,0.0,0.5,0
0.9499999999999992,9943,0,4222,0,0.0,0.0,1.0,0.7019414048711613,0.0,0.5,0
0.9509999999999992,9943,0,4222,0,0.0,0.0,1.0,0.7019414048711613,0.0,0.5,0
0.9519999999999992,9943,0,4222,0,0.0,0.0,1.0,0.7019414048711613,0.0,0.5,0
0.9529999999999992,9943,0,4222,0,0.0,0.0,1.0,0.7019414048711613,0.0,0.5,0
0.9539999999999992,9943,0,4222,0,0.0,0.0,1.0,0.7019414048711613,0.0,0.5,0
0.9549999999999992,9943,0,4222,0,0.0,0.0,1.0,0.7019414048711613,0.0,0.5,0
0.9559999999999992,9943,0,4222,0,0.0,0.0,1.0,0.7019414048711613,0.0,0.5,0
0.9569999999999992,9943,0,4222,0,0.0,0.0,1.0,0.7019414048711613,0.0,0.5,0
0.9579999999999992,9943,0,4222,0,0.0,0.0,1.0,0.7019414048711613,0.0,0.5,0
0.9589999999999992,9943,0,4222,0,0.0,0.0,1.0,0.7019414048711613,0.0,0.5,0
0.9599999999999992,9943,0,4222,0,0.0,0.0,1.0,0.7019414048711613,0.0,0.5,0
0.9609999999999992,9943,0,4222,0,0.0,0.0,1.0,0.7019414048711613,0.0,0.5,0
0.9619999999999992,9943,0,4222,0,0.0,0.0,1.0,0.7019414048711613,0.0,0.5,0
0.9629999999999992,9943,0,4222,0,0.0,0.0,1.0,0.7019414048711613,0.0,0.5,0
0.9639999999999992,9943,0,4222,0,0.0,0.0,1.0,0.7019414048711613,0.0,0.5,0
0.9649999999999992,9943,0,4222,0,0.0,0.0,1.0,0.7019414048711613,0.0,0.5,0
0.9659999999999992,9943,0,4222,0,0.0,0.0,1.0,0.7019414048711613,0.0,0.5,0
0.9669999999999992,9943,0,4222,0,0.0,0.0,1.0,0.7019414048711613,0.0,0.5,0
0.9679999999999992,9943,0,4222,0,0.0,0.0,1.0,0.7019414048711613,0.0,0.5,0
0.9689999999999992,9943,0,4222,0,0.0,0.0,1.0,0.7019414048711613,0.0,0.5,0
0.9699999999999992,9943,0,4222,0,0.0,0.0,1.0,0.7019414048711613,0.0,0.5,0
0.9709999999999992,9943,0,4222,0,0.0,0.0,1.0,0.7019414048711613,0.0,0.5,0
0.9719999999999992,9943,0,4222,0,0.0,0.0,1.0,0.7019414048711613,0.0,0.5,0
0.9729999999999992,9943,0,4222,0,0.0,0.0,1.0,0.7019414048711613,0.0,0.5,0
0.9739999999999992,9943,0,4222,0,0.0,0.0,1.0,0.7019414048711613,0.0,0.5,0
0.9749999999999992,9943,0,4222,0,0.0,0.0,1.0,0.7019414048711613,0.0,0.5,0
0.9759999999999992,9943,0,4222,0,0.0,0.0,1.0,0.7019414048711613,0.0,0.5,0
0.9769999999999992,9943,0,4222,0,0.0,0.0,1.0,0.7019414048711613,0.0,0.5,0
0.9779999999999992,9943,0,4222,0,0.0,0.0,1.0,0.7019414048711613,0.0,0.5,0
0.9789999999999992,9943,0,4222,0,0.0,0.0,1.0,0.7019414048711613,0.0,0.5,0
0.9799999999999992,9943,0,4222,0,0.0,0.0,1.0,0.7019414048711613,0.0,0.5,0
0.9809999999999992,9943,0,4222,0,0.0,0.0,1.0,0.7019414048711613,0.0,0.5,0
0.9819999999999992,9943,0,4222,0,0.0,0.0,1.0,0.7019414048711613,0.0,0.5,0
0.9829999999999992,9943,0,4222,0,0.0,0.0,1.0,0.7019414048711613,0.0,0.5,0
0.9839999999999992,9943,0,4222,0,0.0,0.0,1.0,0.7019414048711613,0.0,0.5,0
0.9849999999999992,9943,0,4222,0,0.0,0.0,1.0,0.7019414048711613,0.0,0.5,0
0.9859999999999992,9943,0,4222,0,0.0,0.0,1.0,0.7019414048711613,0.0,0.5,0
0.9869999999999992,9943,0,4222,0,0.0,0.0,1.0,0.7019414048711613,0.0,0.5,0
0.9879999999999992,9943,0,4222,0,0.0,0.0,1.0,0.7019414048711613,0.0,0.5,0
0.9889999999999992,9943,0,4222,0,0.0,0.0,1.0,0.7019414048711613,0.0,0.5,0
0.9899999999999992,9943,0,4222,0,0.0,0.0,1.0,0.7019414048711613,0.0,0.5,0
